Asset Name,Last Close,1M % Chg,YTD % Chg,52w Low,52w High,52w Range,Last 10 Days Return,Category
Reddit,194.67,10.607954545454538,-15.313003001696618,121.84,270.71,148.86999999999998,"[5.43, -2.58, -2.82, -2.96, -1.68, 5.64, 4.46, -0.46, 13.93, -1.56]",Equities - Sector Constituents (User)
Accenture,137.35,-26.57828620302561,-48.80730525531122,124.44,304.78,180.33999999999997,"[-17.97, -2.46, 1.75, 1.68, -2.58, 2.51, -3.29, -0.24, 5.38, 4.74]",Equities - Sector Constituents (User)
Circle Internet,64.62,-42.81415929203539,-18.511979823455224,50.23,235.08,184.85000000000002,"[-0.45, -0.35, -5.34, -6.21, -3.06, 6.92, 3.25, -17.55, -1.09, 4.31]",Equities - Sector Constituents (User)
Coinbase Global,165.48,-12.458339946040317,-26.824091270894137,141.09,419.78,278.68999999999994,"[-1.0, 0.97, -4.04, -5.1, -5.06, 4.59, 1.74, -3.6, 8.93, 3.92]",Equities - Sector Constituents (User)
SpaceX,162.0,,,153.0,201.8,48.80000000000001,"[-3.56, -16.43, 0.98, -1.01, -1.0, 0.15, 7.15, 4.06, -7.8, 2.83]",Equities - Sector Constituents (User)
Rivian Automotive,18.63,14.294478527607351,-5.47945205479453,11.64,22.45,10.809999999999999,"[1.6, -8.6, -1.39, -1.68, 1.5, 5.18, 7.55, 3.21, -0.98, 8.44]",Equities - Sector Constituents (User)
Arm,315.28,-10.758866653457511,188.42740828835417,104.55,439.46,334.90999999999997,"[4.91, -7.22, -10.14, -2.0, -3.17, -3.87, 2.79, 3.2, -4.82, -6.58]",Equities - Sector Constituents (User)
