Asset Name,Last Close,1M % Chg,YTD % Chg,52w Low,52w High,52w Range,Last 10 Days Return,Category
Reddit,181.18,-0.38486914449086684,-21.18153739069909,121.84,270.71,148.86999999999998,"[3.18, -0.71, -2.07, 2.56, -2.48, 2.86, 1.16, -2.58, -6.45, -2.2]",Equities - Sector Constituents (User)
Accenture,143.57,-13.177310111272385,-46.489004845322405,124.44,288.54,164.10000000000002,"[-0.28, 3.78, -3.48, 1.36, -2.75, 2.43, -2.86, 1.83, 5.54, -0.72]",Equities - Sector Constituents (User)
Circle Internet,60.46,-27.479908840110355,-23.75788146279949,50.23,235.08,184.85000000000002,"[6.24, -5.1, -1.66, -1.65, 4.97, -4.75, 0.35, 3.91, -7.69, -0.3]",Equities - Sector Constituents (User)
Coinbase Global,157.12,-7.369413984199976,-30.520916246572916,141.09,419.78,278.68999999999994,"[2.05, -3.17, -2.54, -0.58, 0.4, -1.07, 2.62, 3.54, -4.02, -2.1]",Equities - Sector Constituents (User)
SpaceX,123.99,,,123.99,185.0,61.010000000000005,"[-0.98, -6.83, -0.78, 2.6, -4.51, -4.24, -2.2, -0.6, -3.08, -5.43]",Equities - Sector Constituents (User)
Rivian Automotive,17.45,4.616306954436449,-11.466260781329282,11.64,22.45,10.809999999999999,"[8.11, -18.12, 1.03, 8.76, -3.53, -0.97, 1.1, 1.71, -3.99, 2.14]",Equities - Sector Constituents (User)
Arm,267.19,-35.234517028239004,144.43326319641386,104.55,439.46,334.90999999999997,"[2.21, -6.77, -0.06, 9.2, -1.37, -7.55, -5.96, -1.48, -5.41, 1.98]",Equities - Sector Constituents (User)
