Asset Name,Last Close,1M % Chg,YTD % Chg,52w Low,52w High,52w Range,Last 10 Days Return,Category
Reddit,181.88,16.358518328961676,-20.87701744464263,121.84,270.71,148.86999999999998,"[-4.9, 0.21, 8.51, -5.69, -1.34, 4.08, -3.31, 0.61, -6.44, 12.2]",Equities - Sector Constituents (User)
Accenture,119.54,-32.793613313093836,-55.445396943719714,119.54,304.78,185.23999999999995,"[-2.14, -0.55, -1.71, -1.75, 1.65, -2.89, 0.1, -5.75, -17.97, -6.59]",Equities - Sector Constituents (User)
Circle Internet,83.39,-32.68485631256054,5.157629255989916,50.23,263.45,213.22,"[-3.92, -10.63, 0.45, -11.33, 2.8, -1.73, -2.68, 4.69, -5.8, 7.13]",Equities - Sector Constituents (User)
Coinbase Global,169.65,-19.980189613697462,-24.98010082249933,141.09,419.78,278.68999999999994,"[-4.72, -6.19, 0.56, -7.15, 6.37, -4.08, -0.98, 4.2, -0.41, 6.18]",Equities - Sector Constituents (User)
SpaceX,192.47,,,160.95,192.47,31.52000000000001,"[19.22, 19.58]",Equities - Sector Constituents (User)
Rivian Automotive,16.68,14.87603305785124,-15.372907153729077,11.64,22.45,10.809999999999999,"[2.01, 5.67, -0.82, -9.77, 3.0, -6.59, -6.17, 5.28, 7.85, -0.48]",Equities - Sector Constituents (User)
Arm,412.55,80.54704595185996,277.41286250114354,104.55,412.55,308.0,"[-1.5, 2.26, -4.47, -12.84, 1.01, -6.22, -5.37, 11.32, 11.27, 8.33]",Equities - Sector Constituents (User)
