theme,catalyst,investigation_pathway,business_tag,display_order,mapping_status
Energy,Fuel prices rising,Airlines,airlines,10,active
Energy,Fuel prices rising,Road Freight,road_freight,20,active
Energy,Fuel prices rising,Shipping,freight_transport,30,active
Energy,Fuel prices rising,Logistics,logistics,40,active
Energy,Fuel prices rising,Chemicals,chemicals,50,active
Energy,Fuel prices rising,Construction Materials,construction_materials,60,active
Energy,Fuel prices rising,Agriculture,agriculture,70,active
Energy,Fuel prices rising,Mining,mining,80,active
Energy,Fuel prices rising,Utilities,utilities,90,active
Energy,Fuel prices rising,Consumer Spending,retail,100,active
Energy,Fuel prices falling,Airlines,airlines,10,active
Energy,Fuel prices falling,Road Freight,road_freight,20,active
Energy,Fuel prices falling,Shipping,freight_transport,30,active
Energy,Fuel prices falling,Travel,travel_services,40,active
Energy,Fuel prices falling,Retail,retail,50,active
Energy,Fuel prices falling,Consumer Spending,retail,60,active
Energy,Fuel prices falling,Chemicals,chemicals,70,active
Energy,Fuel prices falling,Manufacturing,contract_manufacturing,80,active
Energy,Fuel prices falling,Construction,infrastructure_engineering,90,active
Energy,Fuel prices falling,Logistics,logistics,100,active
Energy,Oil production disruption,Oilfield Services,oilfield_services,10,active
Energy,Oil production disruption,Refining,refining,20,active
Energy,Oil production disruption,Shipping,freight_transport,30,active
Energy,Oil production disruption,Airlines,airlines,40,active
Energy,Oil production disruption,Chemicals,chemicals,50,active
Energy,Oil production disruption,Utilities,utilities,60,active
Energy,Oil production disruption,Agriculture,agriculture,70,active
Energy,Oil production disruption,Mining,mining,80,active
Energy,Oil production disruption,Logistics,logistics,90,active
Energy,Oil production disruption,Industrial Manufacturing,industrial_processing,100,active
Energy,Natural gas demand increasing,LNG,lng,10,active
Energy,Natural gas demand increasing,Pipelines,pipelines,20,active
Energy,Natural gas demand increasing,Utilities,utilities,30,active
Energy,Natural gas demand increasing,Power Generation,power_generation,40,active
Energy,Natural gas demand increasing,Chemicals,chemicals,50,active
Energy,Natural gas demand increasing,Industrial Manufacturing,industrial_processing,60,active
Energy,Natural gas demand increasing,Shipping,freight_transport,70,active
Energy,Natural gas demand increasing,Engineering,engineering_services,80,active
Energy,Natural gas demand increasing,Storage,energy_storage,90,active
Energy,Natural gas demand increasing,Energy Infrastructure,energy_infrastructure,100,active
Energy,LNG capacity expansion,LNG,lng,10,active
Energy,LNG capacity expansion,Pipelines,pipelines,20,active
Energy,LNG capacity expansion,Ports,transportation_infrastructure,30,active
Energy,LNG capacity expansion,Shipping,freight_transport,40,active
Energy,LNG capacity expansion,Engineering,engineering_services,50,active
Energy,LNG capacity expansion,Construction,infrastructure_engineering,60,active
Energy,LNG capacity expansion,Industrial Equipment,industrial_equipment,70,active
Energy,LNG capacity expansion,Utilities,utilities,80,active
Energy,LNG capacity expansion,Energy Infrastructure,energy_infrastructure,90,active
Energy,LNG capacity expansion,Storage,energy_storage,100,active
Energy,Renewable investment accelerating,Solar Energy,solar_energy,10,active
Energy,Renewable investment accelerating,Wind Energy,renewable_energy,20,active
Energy,Renewable investment accelerating,Grid Infrastructure,grid_infrastructure,30,active
Energy,Renewable investment accelerating,Utilities,utilities,40,active
Energy,Renewable investment accelerating,Energy Storage,energy_storage,50,active
Energy,Renewable investment accelerating,Power Electronics,power_management,60,active
Energy,Renewable investment accelerating,Copper,copper,70,active
Energy,Renewable investment accelerating,Engineering,engineering_services,80,active
Energy,Renewable investment accelerating,Construction,infrastructure_engineering,90,active
Energy,Renewable investment accelerating,Transmission,electricity_transmission,100,active
Energy,Grid modernisation,Electricity Transmission,electricity_transmission,10,active
Energy,Grid modernisation,Energy Distribution,energy_distribution,20,active
Energy,Grid modernisation,Grid Technology,grid_technology,30,active
Energy,Grid modernisation,Power Equipment,electrical_equipment,40,active
Energy,Grid modernisation,Engineering,engineering_services,50,active
Energy,Grid modernisation,Construction,infrastructure_engineering,60,active
Energy,Grid modernisation,Energy Storage,energy_storage,70,active
Energy,Grid modernisation,Copper,copper,80,active
Energy,Grid modernisation,Industrial Software,industrial_software,90,active
Energy,Grid modernisation,Utilities,utilities,100,active
Energy,Electricity demand increasing,Utilities,utilities,10,active
Energy,Electricity demand increasing,Power Generation,power_generation,20,active
Energy,Electricity demand increasing,Grid Infrastructure,grid_infrastructure,30,active
Energy,Electricity demand increasing,Energy Storage,energy_storage,40,active
Energy,Electricity demand increasing,Nuclear,power_generation,50,active
Energy,Electricity demand increasing,Natural Gas,natural_gas,60,active
Energy,Electricity demand increasing,Renewable Energy,renewable_energy,70,active
Energy,Electricity demand increasing,Industrial Automation,industrial_automation,80,active
Energy,Electricity demand increasing,Cooling,thermal_management,90,active
Energy,Electricity demand increasing,Data Centres,data_centres,100,active
Energy,Energy storage adoption,Battery Materials,battery_materials,10,active
Energy,Energy storage adoption,Battery Storage,battery_storage,20,active
Energy,Energy storage adoption,Power Electronics,power_management,30,active
Energy,Energy storage adoption,Grid Infrastructure,grid_infrastructure,40,active
Energy,Energy storage adoption,Utilities,utilities,50,active
Energy,Energy storage adoption,Renewable Energy,renewable_energy,60,active
Energy,Energy storage adoption,Electric Vehicles,electric_vehicles,70,active
Energy,Energy storage adoption,Recycling,recycling,80,active
Energy,Energy storage adoption,Engineering,engineering_services,90,active
Energy,Energy storage adoption,Manufacturing,contract_manufacturing,100,active
Energy,Refining capacity constraints,Refining,refining,10,active
Energy,Refining capacity constraints,Fuel Distribution,fuel_distribution,20,active
Energy,Refining capacity constraints,Airlines,airlines,30,active
Energy,Refining capacity constraints,Road Freight,road_freight,40,active
Energy,Refining capacity constraints,Shipping,freight_transport,50,active
Energy,Refining capacity constraints,Chemicals,chemicals,60,active
Energy,Refining capacity constraints,Fuel Retail,fuel_retail,70,active
Energy,Refining capacity constraints,Logistics,logistics,80,active
Energy,Refining capacity constraints,Agriculture,agriculture,90,active
Energy,Refining capacity constraints,Consumer Spending,retail,100,active
Technology,AI infrastructure investment,Semiconductors,semiconductors,10,active
Technology,AI infrastructure investment,AI Accelerators,semiconductors,20,active
Technology,AI infrastructure investment,Networking,networking,30,active
Technology,AI infrastructure investment,Photonics,photonics,40,active
Technology,AI infrastructure investment,Data Centres,data_centres,50,active
Technology,AI infrastructure investment,Power Infrastructure,power_systems,60,active
Technology,AI infrastructure investment,Cooling,thermal_management,70,active
Technology,AI infrastructure investment,Cloud Infrastructure,cloud_infrastructure,80,active
Technology,AI infrastructure investment,Engineering Services,engineering_services,90,active
Technology,AI infrastructure investment,Industrial Automation,industrial_automation,100,active
Technology,Cloud spending accelerating,Cloud Infrastructure,cloud_infrastructure,10,active
Technology,Cloud spending accelerating,Enterprise Software,enterprise_software,20,active
Technology,Cloud spending accelerating,Data Centres,data_centres,30,active
Technology,Cloud spending accelerating,Networking,networking,40,active
Technology,Cloud spending accelerating,Cybersecurity,cybersecurity,50,active
Technology,Cloud spending accelerating,Data Storage,data_storage,60,active
Technology,Cloud spending accelerating,Power Infrastructure,power_systems,70,active
Technology,Cloud spending accelerating,Cooling,thermal_management,80,active
Technology,Cloud spending accelerating,IT Services,it_services,90,active
Technology,Cloud spending accelerating,Managed Services,managed_services,100,active
Technology,Semiconductor demand increasing,Semiconductor Design,semiconductor_design,10,active
Technology,Semiconductor demand increasing,Foundry Services,foundry_services,20,active
Technology,Semiconductor demand increasing,Semiconductor Equipment,semiconductor_equipment,30,active
Technology,Semiconductor demand increasing,Semiconductor Materials,semiconductor_materials,40,active
Technology,Semiconductor demand increasing,Electronic Test Equipment,electronic_test_equipment,50,active
Technology,Semiconductor demand increasing,Contract Manufacturing,contract_manufacturing,60,active
Technology,Semiconductor demand increasing,Industrial Automation,industrial_automation,70,active
Technology,Semiconductor demand increasing,Consumer Electronics,consumer_electronics,80,active
Technology,Semiconductor demand increasing,Automotive Electronics,automotive_electronics,90,active
Technology,Semiconductor demand increasing,Networking,networking,100,active
Technology,Enterprise software investment,Enterprise Software,enterprise_software,10,active
Technology,Enterprise software investment,Cloud Services,cloud_services,20,active
Technology,Enterprise software investment,Cybersecurity,cybersecurity,30,active
Technology,Enterprise software investment,IT Services,it_services,40,active
Technology,Enterprise software investment,Consulting,consulting,50,active
Technology,Enterprise software investment,Data Analytics,data_analytics,60,active
Technology,Enterprise software investment,Artificial Intelligence,artificial_intelligence,70,active
Technology,Enterprise software investment,Networking,networking,80,active
Technology,Enterprise software investment,Data Storage,data_storage,90,active
Technology,Enterprise software investment,Digital Transformation,digital_transformation,100,active
Technology,Cybersecurity investment,Cybersecurity,cybersecurity,10,active
Technology,Cybersecurity investment,Identity Security,identity_security,20,active
Technology,Cybersecurity investment,Cloud Security,cloud_security,30,active
Technology,Cybersecurity investment,Networking,networking,40,active
Technology,Cybersecurity investment,Physical Security,physical_security,50,active
Technology,Cybersecurity investment,Data Infrastructure,data_infrastructure,60,active
Technology,Cybersecurity investment,Managed Services,managed_services,70,active
Technology,Cybersecurity investment,Government Technology,government_technology,80,active
Technology,Cybersecurity investment,Enterprise Software,enterprise_software,90,active
Technology,Cybersecurity investment,Risk Management,risk_management,100,active
Technology,Data centre expansion,Data Centres,data_centres,10,active
Technology,Data centre expansion,Power Infrastructure,power_systems,20,active
Technology,Data centre expansion,Cooling,thermal_management,30,active
Technology,Data centre expansion,Networking,networking,40,active
Technology,Data centre expansion,Semiconductors,semiconductors,50,active
Technology,Data centre expansion,Construction,infrastructure_engineering,60,active
Technology,Data centre expansion,Engineering Services,engineering_services,70,active
Technology,Data centre expansion,Industrial Equipment,industrial_equipment,80,active
Technology,Data centre expansion,Photonics,photonics,90,active
Technology,Data centre expansion,Utilities,utilities,100,active
Technology,Consumer electronics demand,Consumer Electronics,consumer_electronics,10,active
Technology,Consumer electronics demand,Semiconductors,semiconductors,20,active
Technology,Consumer electronics demand,Electronic Components,electronic_components,30,active
Technology,Consumer electronics demand,Memory,memory,40,active
Technology,Consumer electronics demand,Battery Storage,battery_storage,50,active
Technology,Consumer electronics demand,Logistics,logistics,60,active
Technology,Consumer electronics demand,Retail,retail,70,active
Technology,Consumer electronics demand,Ecommerce,ecommerce,80,active
Technology,Consumer electronics demand,Contract Manufacturing,contract_manufacturing,90,active
Technology,Consumer electronics demand,Technology Distribution,technology_distribution,100,active
Technology,Digital payments growth,Payment Networks,payment_networks,10,active
Technology,Digital payments growth,Payment Processing,payment_processing,20,active
Technology,Digital payments growth,Fintech,fintech,30,active
Technology,Digital payments growth,Commercial Banking,commercial_banking,40,active
Technology,Digital payments growth,Cybersecurity,cybersecurity,50,active
Technology,Digital payments growth,Cloud Services,cloud_services,60,active
Technology,Digital payments growth,Enterprise Software,enterprise_software,70,active
Technology,Digital payments growth,Digital Identity,digital_identity,80,active
Technology,Digital payments growth,Retail,retail,90,active
Technology,Digital payments growth,Ecommerce,ecommerce,100,active
Technology,Network infrastructure upgrades,Networking,networking,10,active
Technology,Network infrastructure upgrades,Photonics,photonics,20,active
Technology,Network infrastructure upgrades,Telecommunications,telecommunications,30,active
Technology,Network infrastructure upgrades,Semiconductors,semiconductors,40,active
Technology,Network infrastructure upgrades,Power Equipment,electrical_equipment,50,active
Technology,Network infrastructure upgrades,Engineering Services,engineering_services,60,active
Technology,Network infrastructure upgrades,Construction,infrastructure_engineering,70,active
Technology,Network infrastructure upgrades,Cloud Infrastructure,cloud_infrastructure,80,active
Technology,Network infrastructure upgrades,Cybersecurity,cybersecurity,90,active
Technology,Network infrastructure upgrades,Industrial Automation,industrial_automation,100,active
Technology,Technology regulation,Enterprise Software,enterprise_software,10,active
Technology,Technology regulation,Cybersecurity,cybersecurity,20,active
Technology,Technology regulation,Cloud Services,cloud_services,30,active
Technology,Technology regulation,Semiconductors,semiconductors,40,active
Technology,Technology regulation,Digital Media,digital_media,50,active
Technology,Technology regulation,Digital Advertising,digital_advertising,60,active
Technology,Technology regulation,Risk Management,risk_management,70,active
Technology,Technology regulation,Legal Information,legal_information,80,active
Technology,Technology regulation,Consulting,consulting,90,active
Technology,Technology regulation,Digital Identity,digital_identity,100,active
Consumer,Consumer spending strengthening,Retail,retail,10,active
Consumer,Consumer spending strengthening,Restaurants,restaurants,20,active
Consumer,Consumer spending strengthening,Travel Services,travel_services,30,active
Consumer,Consumer spending strengthening,Live Entertainment,live_entertainment,40,active
Consumer,Consumer spending strengthening,Consumer Electronics,consumer_electronics,50,active
Consumer,Consumer spending strengthening,Ecommerce,ecommerce,60,active
Consumer,Consumer spending strengthening,Payments,payments,70,active
Consumer,Consumer spending strengthening,Logistics,logistics,80,active
Consumer,Consumer spending strengthening,Advertising,advertising,90,active
Consumer,Consumer spending strengthening,Consumer Goods,consumer_goods,100,active
Consumer,Consumer spending weakening,Discount Retail,discount_retail,10,active
Consumer,Consumer spending weakening,Consumer Food,consumer_food,20,active
Consumer,Consumer spending weakening,Household Products,household_products,30,active
Consumer,Consumer spending weakening,Utilities,utilities,40,active
Consumer,Consumer spending weakening,Telecommunications,telecommunications,50,active
Consumer,Consumer spending weakening,Consumer Healthcare,consumer_healthcare,60,active
Consumer,Consumer spending weakening,Insurance,insurance,70,active
Consumer,Consumer spending weakening,Logistics,logistics,80,active
Consumer,Consumer spending weakening,Advertising,advertising,90,active
Consumer,Consumer spending weakening,Travel Services,travel_services,100,active
Consumer,Luxury demand increasing,Luxury Goods,luxury_goods,10,active
Consumer,Luxury demand increasing,Fashion Retail,fashion_retail,20,active
Consumer,Luxury demand increasing,Travel Services,travel_services,30,active
Consumer,Luxury demand increasing,Hotels,hotels,40,active
Consumer,Luxury demand increasing,Payments,payments,50,active
Consumer,Luxury demand increasing,Advertising,advertising,60,active
Consumer,Luxury demand increasing,Logistics,logistics,70,active
Consumer,Luxury demand increasing,Consumer Finance,consumer_finance,80,active
Consumer,Luxury demand increasing,Retail Real Estate,retail_real_estate,90,active
Consumer,Luxury demand increasing,Airlines,airlines,100,active
Consumer,Travel demand increasing,Airlines,airlines,10,active
Consumer,Travel demand increasing,Hotels,hotels,20,active
Consumer,Travel demand increasing,Restaurants,restaurants,30,active
Consumer,Travel demand increasing,Reservation Systems,reservation_systems,40,active
Consumer,Travel demand increasing,Car Rental,mobility,50,active
Consumer,Travel demand increasing,Cruise Lines,cruise_lines,60,active
Consumer,Travel demand increasing,Payments,payments,70,active
Consumer,Travel demand increasing,Fuel Distribution,fuel_distribution,80,active
Consumer,Travel demand increasing,Travel Technology,travel_technology,90,active
Consumer,Travel demand increasing,Live Entertainment,live_entertainment,100,active
Consumer,Restaurant spending growth,Restaurants,restaurants,10,active
Consumer,Restaurant spending growth,Food Distribution,food_distribution,20,active
Consumer,Restaurant spending growth,Agriculture,agriculture,30,active
Consumer,Restaurant spending growth,Packaging,packaging,40,active
Consumer,Restaurant spending growth,Payments,payments,50,active
Consumer,Restaurant spending growth,Retail,retail,60,active
Consumer,Restaurant spending growth,Commercial Real Estate,commercial_real_estate,70,active
Consumer,Restaurant spending growth,Logistics,logistics,80,active
Consumer,Restaurant spending growth,Advertising,advertising,90,active
Consumer,Restaurant spending growth,Consumer Finance,consumer_finance,100,active
Consumer,Retail footfall changing,Retail,retail,10,active
Consumer,Retail footfall changing,Shopping Centres,shopping_centres,20,active
Consumer,Retail footfall changing,Payments,payments,30,active
Consumer,Retail footfall changing,Advertising,advertising,40,active
Consumer,Retail footfall changing,Logistics,logistics,50,active
Consumer,Retail footfall changing,Consumer Goods,consumer_goods,60,active
Consumer,Retail footfall changing,Retail Real Estate,retail_real_estate,70,active
Consumer,Retail footfall changing,Physical Security,physical_security,80,active
Consumer,Retail footfall changing,Facilities Services,facilities_services,90,active
Consumer,Retail footfall changing,Food Services,food_services,100,active
Consumer,Ecommerce growth,Ecommerce,ecommerce,10,active
Consumer,Ecommerce growth,Logistics,logistics,20,active
Consumer,Ecommerce growth,Warehousing,logistics_real_estate,30,active
Consumer,Ecommerce growth,Payments,payments,40,active
Consumer,Ecommerce growth,Cloud Services,cloud_services,50,active
Consumer,Ecommerce growth,Packaging,packaging,60,active
Consumer,Ecommerce growth,Digital Advertising,digital_advertising,70,active
Consumer,Ecommerce growth,Retail,retail,80,active
Consumer,Ecommerce growth,Cybersecurity,cybersecurity,90,active
Consumer,Ecommerce growth,Data Analytics,data_analytics,100,active
Consumer,Housing-related spending,Homebuilding,homebuilding,10,active
Consumer,Housing-related spending,Construction Materials,construction_materials,20,active
Consumer,Housing-related spending,Home Improvement Retail,home_improvement_retail,30,active
Consumer,Housing-related spending,Home Furnishings,home_furnishings,40,active
Consumer,Housing-related spending,Consumer Electronics,consumer_electronics,50,active
Consumer,Housing-related spending,Mortgage Services,mortgage_services,60,active
Consumer,Housing-related spending,Insurance,insurance,70,active
Consumer,Housing-related spending,Construction,residential_construction,80,active
Consumer,Housing-related spending,Logistics,logistics,90,active
Consumer,Housing-related spending,Utilities,utilities,100,active
Consumer,Advertising demand changing,Digital Advertising,digital_advertising,10,active
Consumer,Advertising demand changing,Media Entertainment,media_entertainment,20,active
Consumer,Advertising demand changing,Social Platforms,social_platforms,30,active
Consumer,Advertising demand changing,Retail,retail,40,active
Consumer,Advertising demand changing,Consumer Goods,consumer_goods,50,active
Consumer,Advertising demand changing,Data Analytics,data_analytics,60,active
Consumer,Advertising demand changing,Cloud Services,cloud_services,70,active
Consumer,Advertising demand changing,Marketing,marketing,80,active
Consumer,Advertising demand changing,Telecommunications,telecommunications,90,active
Consumer,Advertising demand changing,Digital Content,digital_content,100,active
Consumer,Disposable income changing,Retail,retail,10,active
Consumer,Disposable income changing,Restaurants,restaurants,20,active
Consumer,Disposable income changing,Travel Services,travel_services,30,active
Consumer,Disposable income changing,Consumer Goods,consumer_goods,40,active
Consumer,Disposable income changing,Automotive Services,automotive_services,50,active
Consumer,Disposable income changing,Homebuilding,homebuilding,60,active
Consumer,Disposable income changing,Payments,payments,70,active
Consumer,Disposable income changing,Insurance,insurance,80,active
Consumer,Disposable income changing,Utilities,utilities,90,active
Consumer,Disposable income changing,Consumer Healthcare,consumer_healthcare,100,active
Healthcare,Ageing population,Hospitals,hospitals,10,active
Healthcare,Ageing population,Medical Devices,medical_devices,20,active
Healthcare,Ageing population,Diagnostics,diagnostics,30,active
Healthcare,Ageing population,Pharmaceuticals,pharmaceuticals,40,active
Healthcare,Ageing population,Biotechnology,biotechnology,50,active
Healthcare,Ageing population,Healthcare Services,healthcare_services,60,active
Healthcare,Ageing population,Health Insurance,health_insurance,70,active
Healthcare,Ageing population,Senior Housing,senior_housing,80,active
Healthcare,Ageing population,Digital Health,digital_health,90,active
Healthcare,Ageing population,Consumer Healthcare,consumer_healthcare,100,active
Healthcare,Drug approvals,Pharmaceuticals,pharmaceuticals,10,active
Healthcare,Drug approvals,Biotechnology,biotechnology,20,active
Healthcare,Drug approvals,Clinical Research,clinical_research,30,active
Healthcare,Drug approvals,Contract Manufacturing,contract_manufacturing,40,active
Healthcare,Drug approvals,Pharmaceutical Distribution,pharmaceutical_distribution,50,active
Healthcare,Drug approvals,Diagnostics,diagnostics,60,active
Healthcare,Drug approvals,Hospitals,hospitals,70,active
Healthcare,Drug approvals,Drug Delivery,drug_delivery,80,active
Healthcare,Drug approvals,Regulatory Services,testing_certification,90,active
Healthcare,Drug approvals,Rare Diseases,rare_diseases,100,active
Healthcare,Medical device adoption,Medical Devices,medical_devices,10,active
Healthcare,Medical device adoption,Hospitals,hospitals,20,active
Healthcare,Medical device adoption,Diagnostics,diagnostics,30,active
Healthcare,Medical device adoption,Digital Health,digital_health,40,active
Healthcare,Medical device adoption,Electronic Components,electronic_components,50,active
Healthcare,Medical device adoption,Precision Instruments,precision_instruments,60,active
Healthcare,Medical device adoption,Healthcare Services,healthcare_services,70,active
Healthcare,Medical device adoption,Healthcare Distribution,healthcare_distribution,80,active
Healthcare,Medical device adoption,Health Insurance,health_insurance,90,active
Healthcare,Medical device adoption,Surgical Equipment,surgical_equipment,100,active
Healthcare,Hospital investment,Hospitals,hospitals,10,active
Healthcare,Hospital investment,Construction,infrastructure_engineering,20,active
Healthcare,Hospital investment,Medical Devices,medical_devices,30,active
Healthcare,Hospital investment,Diagnostics,diagnostics,40,active
Healthcare,Hospital investment,Healthcare Technology,healthcare_technology,50,active
Healthcare,Hospital investment,Engineering Services,engineering_services,60,active
Healthcare,Hospital investment,Facilities Services,facilities_services,70,active
Healthcare,Hospital investment,Healthcare Distribution,healthcare_distribution,80,active
Healthcare,Hospital investment,Digital Health,digital_health,90,active
Healthcare,Hospital investment,Utilities,utilities,100,active
Healthcare,Healthcare regulation,Pharmaceuticals,pharmaceuticals,10,active
Healthcare,Healthcare regulation,Health Insurance,health_insurance,20,active
Healthcare,Healthcare regulation,Hospitals,hospitals,30,active
Healthcare,Healthcare regulation,Medical Devices,medical_devices,40,active
Healthcare,Healthcare regulation,Risk Management,risk_management,50,active
Healthcare,Healthcare regulation,Healthcare Technology,healthcare_technology,60,active
Healthcare,Healthcare regulation,Clinical Research,clinical_research,70,active
Healthcare,Healthcare regulation,Legal Information,legal_information,80,active
Healthcare,Healthcare regulation,Biotechnology,biotechnology,90,active
Healthcare,Healthcare regulation,Diagnostics,diagnostics,100,active
Healthcare,Biotechnology innovation,Biotechnology,biotechnology,10,active
Healthcare,Biotechnology innovation,Clinical Research,clinical_research,20,active
Healthcare,Biotechnology innovation,Pharmaceuticals,pharmaceuticals,30,active
Healthcare,Biotechnology innovation,Diagnostics,diagnostics,40,active
Healthcare,Biotechnology innovation,Laboratory Equipment,laboratory_equipment,50,active
Healthcare,Biotechnology innovation,Contract Manufacturing,contract_manufacturing,60,active
Healthcare,Biotechnology innovation,Bioinformatics,bioinformatics,70,active
Healthcare,Biotechnology innovation,Life Sciences Software,life_sciences_software,80,active
Healthcare,Biotechnology innovation,Medical Devices,medical_devices,90,active
Healthcare,Biotechnology innovation,Rare Diseases,rare_diseases,100,active
Healthcare,Diagnostic demand,Diagnostics,diagnostics,10,active
Healthcare,Diagnostic demand,Laboratory Equipment,laboratory_equipment,20,active
Healthcare,Diagnostic demand,Hospitals,hospitals,30,active
Healthcare,Diagnostic demand,Medical Imaging,medical_imaging,40,active
Healthcare,Diagnostic demand,Healthcare Services,healthcare_services,50,active
Healthcare,Diagnostic demand,Clinical Research,clinical_research,60,active
Healthcare,Diagnostic demand,Digital Health,digital_health,70,active
Healthcare,Diagnostic demand,Health Insurance,health_insurance,80,active
Healthcare,Diagnostic demand,Healthcare Distribution,healthcare_distribution,90,active
Healthcare,Diagnostic demand,Biotechnology,biotechnology,100,active
Healthcare,Digital healthcare adoption,Digital Health,digital_health,10,active
Healthcare,Digital healthcare adoption,Healthcare Technology,healthcare_technology,20,active
Healthcare,Digital healthcare adoption,Hospitals,hospitals,30,active
Healthcare,Digital healthcare adoption,Diagnostics,diagnostics,40,active
Healthcare,Digital healthcare adoption,Telecommunications,telecommunications,50,active
Healthcare,Digital healthcare adoption,Cybersecurity,cybersecurity,60,active
Healthcare,Digital healthcare adoption,Cloud Services,cloud_services,70,active
Healthcare,Digital healthcare adoption,Medical Devices,medical_devices,80,active
Healthcare,Digital healthcare adoption,Health Insurance,health_insurance,90,active
Healthcare,Digital healthcare adoption,Healthcare Analytics,healthcare_analytics,100,active
Healthcare,Pandemic preparedness,Vaccines,vaccines,10,active
Healthcare,Pandemic preparedness,Diagnostics,diagnostics,20,active
Healthcare,Pandemic preparedness,Hospitals,hospitals,30,active
Healthcare,Pandemic preparedness,Healthcare Products,healthcare_products,40,active
Healthcare,Pandemic preparedness,Logistics,logistics,50,active
Healthcare,Pandemic preparedness,Healthcare Technology,healthcare_technology,60,active
Healthcare,Pandemic preparedness,Government Services,government_services,70,active
Healthcare,Pandemic preparedness,Biotechnology,biotechnology,80,active
Healthcare,Pandemic preparedness,Clinical Research,clinical_research,90,active
Healthcare,Pandemic preparedness,Healthcare Distribution,healthcare_distribution,100,active
Healthcare,Insurance reimbursement changes,Health Insurance,health_insurance,10,active
Healthcare,Insurance reimbursement changes,Hospitals,hospitals,20,active
Healthcare,Insurance reimbursement changes,Healthcare Services,healthcare_services,30,active
Healthcare,Insurance reimbursement changes,Pharmaceuticals,pharmaceuticals,40,active
Healthcare,Insurance reimbursement changes,Medical Devices,medical_devices,50,active
Healthcare,Insurance reimbursement changes,Diagnostics,diagnostics,60,active
Healthcare,Insurance reimbursement changes,Digital Health,digital_health,70,active
Healthcare,Insurance reimbursement changes,Biotechnology,biotechnology,80,active
Healthcare,Insurance reimbursement changes,Senior Housing,senior_housing,90,active
Healthcare,Insurance reimbursement changes,Risk Management,risk_management,100,active
Industrials,Manufacturing expansion,Industrial Equipment,industrial_equipment,10,active
Industrials,Manufacturing expansion,Industrial Automation,industrial_automation,20,active
Industrials,Manufacturing expansion,Logistics,logistics,30,active
Industrials,Manufacturing expansion,Industrial Chemicals,industrial_chemicals,40,active
Industrials,Manufacturing expansion,Metals,metals,50,active
Industrials,Manufacturing expansion,Packaging,packaging,60,active
Industrials,Manufacturing expansion,Engineering Services,engineering_services,70,active
Industrials,Manufacturing expansion,Construction,infrastructure_engineering,80,active
Industrials,Manufacturing expansion,Energy Services,energy_services,90,active
Industrials,Manufacturing expansion,Transportation,transportation,100,active
Industrials,Manufacturing slowdown,Industrial Equipment,industrial_equipment,10,active
Industrials,Manufacturing slowdown,Logistics,logistics,20,active
Industrials,Manufacturing slowdown,Metals,metals,30,active
Industrials,Manufacturing slowdown,Industrial Chemicals,industrial_chemicals,40,active
Industrials,Manufacturing slowdown,Construction,infrastructure_engineering,50,active
Industrials,Manufacturing slowdown,Transportation,transportation,60,active
Industrials,Manufacturing slowdown,Packaging,packaging,70,active
Industrials,Manufacturing slowdown,Industrial Automation,industrial_automation,80,active
Industrials,Manufacturing slowdown,Energy Services,energy_services,90,active
Industrials,Manufacturing slowdown,Business Services,business_services,100,active
Industrials,Infrastructure investment,Construction,infrastructure_engineering,10,active
Industrials,Infrastructure investment,Engineering Services,engineering_services,20,active
Industrials,Infrastructure investment,Cement,cement,30,active
Industrials,Infrastructure investment,Steel,steel,40,active
Industrials,Infrastructure investment,Utilities,utilities,50,active
Industrials,Infrastructure investment,Industrial Equipment,industrial_equipment,60,active
Industrials,Infrastructure investment,Transportation Infrastructure,transportation_infrastructure,70,active
Industrials,Infrastructure investment,Construction Materials,construction_materials,80,active
Industrials,Infrastructure investment,Industrial Machinery,industrial_machinery,90,active
Industrials,Infrastructure investment,Logistics,logistics,100,active
Industrials,Construction activity,Construction,infrastructure_engineering,10,active
Industrials,Construction activity,Construction Materials,construction_materials,20,active
Industrials,Construction activity,Engineering Services,engineering_services,30,active
Industrials,Construction activity,Cement,cement,40,active
Industrials,Construction activity,Steel,steel,50,active
Industrials,Construction activity,Utilities,utilities,60,active
Industrials,Construction activity,Industrial Equipment,industrial_equipment,70,active
Industrials,Construction activity,Logistics,logistics,80,active
Industrials,Construction activity,Real Estate Development,real_estate_development,90,active
Industrials,Construction activity,Insurance,insurance,100,active
Industrials,Defence spending,Aerospace Defence,aerospace_defence,10,active
Industrials,Defence spending,Defence Systems,defence_systems,20,active
Industrials,Defence spending,Defence Electronics,defence_electronics,30,active
Industrials,Defence spending,Semiconductors,semiconductors,40,active
Industrials,Defence spending,Cybersecurity,cybersecurity,50,active
Industrials,Defence spending,Defense Manufacturing,defense_manufacturing,60,active
Industrials,Defence spending,Engineering Services,engineering_services,70,active
Industrials,Defence spending,Shipbuilding,shipbuilding,80,active
Industrials,Defence spending,Logistics,logistics,90,active
Industrials,Defence spending,High Performance Materials,high_performance_materials,100,active
Industrials,Automation investment,Industrial Automation,industrial_automation,10,active
Industrials,Automation investment,Robotics,robotics,20,active
Industrials,Automation investment,Semiconductors,semiconductors,30,active
Industrials,Automation investment,Sensors,sensors,40,active
Industrials,Automation investment,Industrial Software,industrial_software,50,active
Industrials,Automation investment,Industrial Equipment,industrial_equipment,60,active
Industrials,Automation investment,Engineering Services,engineering_services,70,active
Industrials,Automation investment,Contract Manufacturing,contract_manufacturing,80,active
Industrials,Automation investment,Logistics,logistics,90,active
Industrials,Automation investment,Power Management,power_management,100,active
Industrials,Logistics demand,Road Freight,road_freight,10,active
Industrials,Logistics demand,Rail Logistics,rail_logistics,20,active
Industrials,Logistics demand,Shipping,freight_transport,30,active
Industrials,Logistics demand,Warehousing,logistics_real_estate,40,active
Industrials,Logistics demand,Packaging,packaging,50,active
Industrials,Logistics demand,Fuel Distribution,fuel_distribution,60,active
Industrials,Logistics demand,Industrial Equipment,industrial_equipment,70,active
Industrials,Logistics demand,Retail,retail,80,active
Industrials,Logistics demand,Ecommerce,ecommerce,90,active
Industrials,Logistics demand,Cargo Transport,cargo_transport,100,active
Industrials,Freight activity,Shipping,freight_transport,10,active
Industrials,Freight activity,Road Freight,road_freight,20,active
Industrials,Freight activity,Rail Transport,rail_transport,30,active
Industrials,Freight activity,Ports,transportation_infrastructure,40,active
Industrials,Freight activity,Logistics,logistics,50,active
Industrials,Freight activity,Packaging,packaging,60,active
Industrials,Freight activity,Fuel Distribution,fuel_distribution,70,active
Industrials,Freight activity,Industrial Manufacturing,industrial_processing,80,active
Industrials,Freight activity,Agriculture,agriculture,90,active
Industrials,Freight activity,Wholesale Distribution,wholesale_distribution,100,active
Industrials,Capital expenditure growth,Industrial Equipment,industrial_equipment,10,active
Industrials,Capital expenditure growth,Engineering Services,engineering_services,20,active
Industrials,Capital expenditure growth,Construction,infrastructure_engineering,30,active
Industrials,Capital expenditure growth,Industrial Automation,industrial_automation,40,active
Industrials,Capital expenditure growth,Technology Distribution,technology_distribution,50,active
Industrials,Capital expenditure growth,Energy Infrastructure,energy_infrastructure,60,active
Industrials,Capital expenditure growth,Transportation,transportation,70,active
Industrials,Capital expenditure growth,Construction Materials,construction_materials,80,active
Industrials,Capital expenditure growth,Contract Manufacturing,contract_manufacturing,90,active
Industrials,Capital expenditure growth,Business Services,business_services,100,active
Industrials,Industrial reshoring,Construction,infrastructure_engineering,10,active
Industrials,Industrial reshoring,Industrial Equipment,industrial_equipment,20,active
Industrials,Industrial reshoring,Industrial Automation,industrial_automation,30,active
Industrials,Industrial reshoring,Engineering Services,engineering_services,40,active
Industrials,Industrial reshoring,Logistics,logistics,50,active
Industrials,Industrial reshoring,Energy Infrastructure,energy_infrastructure,60,active
Industrials,Industrial reshoring,Semiconductors,semiconductors,70,active
Industrials,Industrial reshoring,Construction Materials,construction_materials,80,active
Industrials,Industrial reshoring,Industrial Chemicals,industrial_chemicals,90,active
Industrials,Industrial reshoring,Contract Manufacturing,contract_manufacturing,100,active
Materials,Copper demand increasing,Copper,copper,10,active
Materials,Copper demand increasing,Electrical Equipment,electrical_equipment,20,active
Materials,Copper demand increasing,Grid Infrastructure,grid_infrastructure,30,active
Materials,Copper demand increasing,Construction,infrastructure_engineering,40,active
Materials,Copper demand increasing,Renewable Energy,renewable_energy,50,active
Materials,Copper demand increasing,Industrial Equipment,industrial_equipment,60,active
Materials,Copper demand increasing,Electric Vehicles,electric_vehicles,70,active
Materials,Copper demand increasing,Power Cables,power_cables,80,active
Materials,Copper demand increasing,Engineering Services,engineering_services,90,active
Materials,Copper demand increasing,Utilities,utilities,100,active
Materials,Steel demand increasing,Steel,steel,10,active
Materials,Steel demand increasing,Construction,infrastructure_engineering,20,active
Materials,Steel demand increasing,Transportation Infrastructure,transportation_infrastructure,30,active
Materials,Steel demand increasing,Industrial Equipment,industrial_equipment,40,active
Materials,Steel demand increasing,Automotive Parts,automotive_parts,50,active
Materials,Steel demand increasing,Shipbuilding,shipbuilding,60,active
Materials,Steel demand increasing,Engineering Services,engineering_services,70,active
Materials,Steel demand increasing,Mining,mining,80,active
Materials,Steel demand increasing,Rail Equipment,rail_equipment,90,active
Materials,Steel demand increasing,Energy Infrastructure,energy_infrastructure,100,active
Materials,Chemical demand increasing,Industrial Chemicals,industrial_chemicals,10,active
Materials,Chemical demand increasing,Packaging,packaging,20,active
Materials,Chemical demand increasing,Agriculture,agriculture,30,active
Materials,Chemical demand increasing,Contract Manufacturing,contract_manufacturing,40,active
Materials,Chemical demand increasing,Construction,infrastructure_engineering,50,active
Materials,Chemical demand increasing,Water Treatment,water_treatment,60,active
Materials,Chemical demand increasing,Industrial Equipment,industrial_equipment,70,active
Materials,Chemical demand increasing,Healthcare Products,healthcare_products,80,active
Materials,Chemical demand increasing,Consumer Goods,consumer_goods,90,active
Materials,Chemical demand increasing,Logistics,logistics,100,active
Materials,Construction materials demand,Cement,cement,10,active
Materials,Construction materials demand,Aggregates,aggregates,20,active
Materials,Construction materials demand,Construction,infrastructure_engineering,30,active
Materials,Construction materials demand,Engineering Services,engineering_services,40,active
Materials,Construction materials demand,Steel,steel,50,active
Materials,Construction materials demand,Utilities,utilities,60,active
Materials,Construction materials demand,Real Estate Development,real_estate_development,70,active
Materials,Construction materials demand,Infrastructure,infrastructure,80,active
Materials,Construction materials demand,Industrial Equipment,industrial_equipment,90,active
Materials,Construction materials demand,Logistics,logistics,100,active
Materials,Critical minerals demand,Critical Minerals,critical_minerals,10,active
Materials,Critical minerals demand,Battery Materials,battery_materials,20,active
Materials,Critical minerals demand,Copper,copper,30,active
Materials,Critical minerals demand,Mining,mining,40,active
Materials,Critical minerals demand,Energy Storage,energy_storage,50,active
Materials,Critical minerals demand,Electric Vehicles,electric_vehicles,60,active
Materials,Critical minerals demand,Renewable Energy,renewable_energy,70,active
Materials,Critical minerals demand,Semiconductors,semiconductors,80,active
Materials,Critical minerals demand,Industrial Equipment,industrial_equipment,90,active
Materials,Critical minerals demand,Defense Technology,defense_technology,100,active
Materials,Agricultural input demand,Agriculture,agriculture,10,active
Materials,Agricultural input demand,Industrial Chemicals,industrial_chemicals,20,active
Materials,Agricultural input demand,Farm Equipment,agricultural_equipment,30,active
Materials,Agricultural input demand,Logistics,logistics,40,active
Materials,Agricultural input demand,Packaging,packaging,50,active
Materials,Agricultural input demand,Water Infrastructure,water_infrastructure,60,active
Materials,Agricultural input demand,Energy Services,energy_services,70,active
Materials,Agricultural input demand,Food Production,food_manufacturing,80,active
Materials,Agricultural input demand,Commodity Trading,commodity_trading,90,active
Materials,Agricultural input demand,Wholesale Distribution,wholesale_distribution,100,active
Materials,Packaging demand,Packaging,packaging,10,active
Materials,Packaging demand,Paper Products,paper_products,20,active
Materials,Packaging demand,Industrial Chemicals,industrial_chemicals,30,active
Materials,Packaging demand,Retail,retail,40,active
Materials,Packaging demand,Ecommerce,ecommerce,50,active
Materials,Packaging demand,Logistics,logistics,60,active
Materials,Packaging demand,Food Production,food_manufacturing,70,active
Materials,Packaging demand,Consumer Goods,consumer_goods,80,active
Materials,Packaging demand,Contract Manufacturing,contract_manufacturing,90,active
Materials,Packaging demand,Recycling,recycling,100,active
Materials,Mining investment,Mining Equipment,mining_equipment,10,active
Materials,Mining investment,Engineering Services,engineering_services,20,active
Materials,Mining investment,Industrial Equipment,industrial_equipment,30,active
Materials,Mining investment,Steel,steel,40,active
Materials,Mining investment,Construction,infrastructure_engineering,50,active
Materials,Mining investment,Logistics,logistics,60,active
Materials,Mining investment,Energy Infrastructure,energy_infrastructure,70,active
Materials,Mining investment,Industrial Chemicals,industrial_chemicals,80,active
Materials,Mining investment,Industrial Automation,industrial_automation,90,active
Materials,Mining investment,Rail Logistics,rail_logistics,100,active
Materials,Commodity shortages,Mining,mining,10,active
Materials,Commodity shortages,Industrial Chemicals,industrial_chemicals,20,active
Materials,Commodity shortages,Contract Manufacturing,contract_manufacturing,30,active
Materials,Commodity shortages,Construction,infrastructure_engineering,40,active
Materials,Commodity shortages,Industrial Equipment,industrial_equipment,50,active
Materials,Commodity shortages,Agriculture,agriculture,60,active
Materials,Commodity shortages,Energy Services,energy_services,70,active
Materials,Commodity shortages,Logistics,logistics,80,active
Materials,Commodity shortages,Recycling,recycling,90,active
Materials,Commodity shortages,Wholesale,wholesale,100,active
Materials,Recycling demand,Recycling,recycling,10,active
Materials,Recycling demand,Waste Management,waste_management,20,active
Materials,Recycling demand,Metals,metals,30,active
Materials,Recycling demand,Packaging,packaging,40,active
Materials,Recycling demand,Industrial Chemicals,industrial_chemicals,50,active
Materials,Recycling demand,Industrial Equipment,industrial_equipment,60,active
Materials,Recycling demand,Utilities,utilities,70,active
Materials,Recycling demand,Construction,infrastructure_engineering,80,active
Materials,Recycling demand,Engineering Services,engineering_services,90,active
Materials,Recycling demand,Consumer Goods,consumer_goods,100,active
Financial Services,Interest rates rising,Commercial Banking,commercial_banking,10,active
Financial Services,Interest rates rising,Retail Banking,retail_banking,20,active
Financial Services,Interest rates rising,Life Insurance,life_insurance,30,active
Financial Services,Interest rates rising,Investment Management,investment_management,40,active
Financial Services,Interest rates rising,Consumer Finance,consumer_finance,50,active
Financial Services,Interest rates rising,Mortgage Services,mortgage_services,60,active
Financial Services,Interest rates rising,Payment Networks,payment_networks,70,active
Financial Services,Interest rates rising,Investment Banking,investment_banking,80,active
Financial Services,Interest rates rising,Commercial Real Estate,commercial_real_estate,90,active
Financial Services,Interest rates rising,Fintech,fintech,100,active
Financial Services,Interest rates falling,Mortgage Services,mortgage_services,10,active
Financial Services,Interest rates falling,Consumer Finance,consumer_finance,20,active
Financial Services,Interest rates falling,Commercial Banking,commercial_banking,30,active
Financial Services,Interest rates falling,Investment Management,investment_management,40,active
Financial Services,Interest rates falling,Real Estate,real_estate_services,50,active
Financial Services,Interest rates falling,Homebuilding,homebuilding,60,active
Financial Services,Interest rates falling,Life Insurance,life_insurance,70,active
Financial Services,Interest rates falling,Payment Networks,payment_networks,80,active
Financial Services,Interest rates falling,Investment Banking,investment_banking,90,active
Financial Services,Interest rates falling,Fintech,fintech,100,active
Financial Services,Credit expansion,Commercial Banking,commercial_banking,10,active
Financial Services,Credit expansion,Consumer Finance,consumer_finance,20,active
Financial Services,Credit expansion,Vehicle Finance,vehicle_finance,30,active
Financial Services,Credit expansion,Homebuilding,homebuilding,40,active
Financial Services,Credit expansion,Retail,retail,50,active
Financial Services,Credit expansion,Commercial Real Estate,commercial_real_estate,60,active
Financial Services,Credit expansion,Industrial Equipment,industrial_equipment,70,active
Financial Services,Credit expansion,Payment Networks,payment_networks,80,active
Financial Services,Credit expansion,Investment Management,investment_management,90,active
Financial Services,Credit expansion,Insurance,insurance,100,active
Financial Services,Credit tightening,Commercial Banking,commercial_banking,10,active
Financial Services,Credit tightening,Retail Banking,retail_banking,20,active
Financial Services,Credit tightening,Commercial Real Estate,commercial_real_estate,30,active
Financial Services,Credit tightening,Consumer Finance,consumer_finance,40,active
Financial Services,Credit tightening,Retail,retail,50,active
Financial Services,Credit tightening,Construction,infrastructure_engineering,60,active
Financial Services,Credit tightening,Investment Management,investment_management,70,active
Financial Services,Credit tightening,Insurance,insurance,80,active
Financial Services,Credit tightening,Payment Networks,payment_networks,90,active
Financial Services,Credit tightening,Private Credit,private_credit,100,active
Financial Services,Consumer lending growth,Consumer Finance,consumer_finance,10,active
Financial Services,Consumer lending growth,Commercial Banking,commercial_banking,20,active
Financial Services,Consumer lending growth,Payment Networks,payment_networks,30,active
Financial Services,Consumer lending growth,Retail,retail,40,active
Financial Services,Consumer lending growth,Vehicle Finance,vehicle_finance,50,active
Financial Services,Consumer lending growth,Homebuilding,homebuilding,60,active
Financial Services,Consumer lending growth,Insurance,insurance,70,active
Financial Services,Consumer lending growth,Fintech,fintech,80,active
Financial Services,Consumer lending growth,Credit Analytics,credit_analytics,90,active
Financial Services,Consumer lending growth,Investment Management,investment_management,100,active
Financial Services,Commercial lending weakness,Commercial Banking,commercial_banking,10,active
Financial Services,Commercial lending weakness,Retail Banking,retail_banking,20,active
Financial Services,Commercial lending weakness,Industrials,industrial_products,30,active
Financial Services,Commercial lending weakness,Commercial Real Estate,commercial_real_estate,40,active
Financial Services,Commercial lending weakness,Construction,infrastructure_engineering,50,active
Financial Services,Commercial lending weakness,Investment Management,investment_management,60,active
Financial Services,Commercial lending weakness,Insurance,insurance,70,active
Financial Services,Commercial lending weakness,Investment Banking,investment_banking,80,active
Financial Services,Commercial lending weakness,Business Services,business_services,90,active
Financial Services,Commercial lending weakness,Equipment Rental,equipment_rental,100,active
Financial Services,Insurance pricing changes,Insurance,insurance,10,active
Financial Services,Insurance pricing changes,Reinsurance,reinsurance,20,active
Financial Services,Insurance pricing changes,Risk Management,risk_management,30,active
Financial Services,Insurance pricing changes,Healthcare Services,healthcare_services,40,active
Financial Services,Insurance pricing changes,Property Management,property_management,50,active
Financial Services,Insurance pricing changes,Automotive Services,automotive_services,60,active
Financial Services,Insurance pricing changes,Commercial Real Estate,commercial_real_estate,70,active
Financial Services,Insurance pricing changes,Construction,infrastructure_engineering,80,active
Financial Services,Insurance pricing changes,Investment Management,investment_management,90,active
Financial Services,Insurance pricing changes,Risk Analytics,risk_analytics,100,active
Financial Services,Capital markets activity,Investment Banking,investment_banking,10,active
Financial Services,Capital markets activity,Exchange Operations,exchange_operations,20,active
Financial Services,Capital markets activity,Investment Management,investment_management,30,active
Financial Services,Capital markets activity,Digital Brokerage,digital_brokerage,40,active
Financial Services,Capital markets activity,Market Data,market_data,50,active
Financial Services,Capital markets activity,Fintech,fintech,60,active
Financial Services,Capital markets activity,Custody Services,custody_services,70,active
Financial Services,Capital markets activity,Legal Information,legal_information,80,active
Financial Services,Capital markets activity,Consulting,consulting,90,active
Financial Services,Capital markets activity,Financial Data,financial_data,100,active
Financial Services,Digital banking adoption,Fintech,fintech,10,active
Financial Services,Digital banking adoption,Commercial Banking,commercial_banking,20,active
Financial Services,Digital banking adoption,Cybersecurity,cybersecurity,30,active
Financial Services,Digital banking adoption,Cloud Services,cloud_services,40,active
Financial Services,Digital banking adoption,Payment Networks,payment_networks,50,active
Financial Services,Digital banking adoption,Digital Identity,digital_identity,60,active
Financial Services,Digital banking adoption,Enterprise Software,enterprise_software,70,active
Financial Services,Digital banking adoption,Data Analytics,data_analytics,80,active
Financial Services,Digital banking adoption,Consulting,consulting,90,active
Financial Services,Digital banking adoption,Risk Management,risk_management,100,active
Financial Services,Payment network growth,Payment Networks,payment_networks,10,active
Financial Services,Payment network growth,Fintech,fintech,20,active
Financial Services,Payment network growth,Commercial Banking,commercial_banking,30,active
Financial Services,Payment network growth,Retail,retail,40,active
Financial Services,Payment network growth,Ecommerce,ecommerce,50,active
Financial Services,Payment network growth,Cybersecurity,cybersecurity,60,active
Financial Services,Payment network growth,Cloud Services,cloud_services,70,active
Financial Services,Payment network growth,Digital Identity,digital_identity,80,active
Financial Services,Payment network growth,Data Analytics,data_analytics,90,active
Financial Services,Payment network growth,Consumer Finance,consumer_finance,100,active
Real Estate,Commercial property demand,Office Property,office_property,10,active
Real Estate,Commercial property demand,Industrial Property,industrial_property,20,active
Real Estate,Commercial property demand,Retail Property,retail_property,30,active
Real Estate,Commercial property demand,Real Estate Services,real_estate_services,40,active
Real Estate,Commercial property demand,Property Management,property_management,50,active
Real Estate,Commercial property demand,Construction,real_estate_development,60,active
Real Estate,Commercial property demand,Construction Materials,construction_materials,70,active
Real Estate,Commercial property demand,Commercial Banking,commercial_banking,80,active
Real Estate,Commercial property demand,Insurance,insurance,90,active
Real Estate,Commercial property demand,Facilities Services,facilities_services,100,active
Real Estate,Residential housing demand,Homebuilding,homebuilding,10,active
Real Estate,Residential housing demand,Residential Real Estate,residential_real_estate,20,active
Real Estate,Residential housing demand,Mortgage Services,mortgage_services,30,active
Real Estate,Residential housing demand,Construction Materials,construction_materials,40,active
Real Estate,Residential housing demand,Construction,residential_construction,50,active
Real Estate,Residential housing demand,Home Improvement Retail,home_improvement_retail,60,active
Real Estate,Residential housing demand,Insurance,insurance,70,active
Real Estate,Residential housing demand,Utilities,utilities,80,active
Real Estate,Residential housing demand,Real Estate Services,real_estate_services,90,active
Real Estate,Residential housing demand,Property Management,property_management,100,active
Real Estate,Interest rate sensitivity,Real Estate Services,real_estate_services,10,active
Real Estate,Interest rate sensitivity,Commercial Banking,commercial_banking,20,active
Real Estate,Interest rate sensitivity,Mortgage Services,mortgage_services,30,active
Real Estate,Interest rate sensitivity,Homebuilding,homebuilding,40,active
Real Estate,Interest rate sensitivity,Insurance,insurance,50,active
Real Estate,Interest rate sensitivity,Construction,infrastructure_engineering,60,active
Real Estate,Interest rate sensitivity,Property Management,property_management,70,active
Real Estate,Interest rate sensitivity,Investment Management,investment_management,80,active
Real Estate,Interest rate sensitivity,Residential Real Estate,residential_real_estate,90,active
Real Estate,Interest rate sensitivity,Commercial Real Estate,commercial_real_estate,100,active
Real Estate,Industrial property expansion,Industrial Property,industrial_property,10,active
Real Estate,Industrial property expansion,Logistics Real Estate,logistics_real_estate,20,active
Real Estate,Industrial property expansion,Warehousing,logistics_real_estate,30,active
Real Estate,Industrial property expansion,Ecommerce,ecommerce,40,active
Real Estate,Industrial property expansion,Construction,infrastructure_engineering,50,active
Real Estate,Industrial property expansion,Property Management,property_management,60,active
Real Estate,Industrial property expansion,Industrial Automation,industrial_automation,70,active
Real Estate,Industrial property expansion,Construction Materials,construction_materials,80,active
Real Estate,Industrial property expansion,Utilities,utilities,90,active
Real Estate,Industrial property expansion,Engineering Services,engineering_services,100,active
Real Estate,Data centre development,Data Centres,data_centres,10,active
Real Estate,Data centre development,Industrial Property,industrial_property,20,active
Real Estate,Data centre development,Utilities,utilities,30,active
Real Estate,Data centre development,Power Infrastructure,power_systems,40,active
Real Estate,Data centre development,Cooling,thermal_management,50,active
Real Estate,Data centre development,Construction,infrastructure_engineering,60,active
Real Estate,Data centre development,Engineering Services,engineering_services,70,active
Real Estate,Data centre development,Networking,networking,80,active
Real Estate,Data centre development,Real Estate Services,real_estate_services,90,active
Real Estate,Data centre development,Physical Security,physical_security,100,active
Real Estate,Retail property recovery,Retail Property,retail_property,10,active
Real Estate,Retail property recovery,Shopping Centres,shopping_centres,20,active
Real Estate,Retail property recovery,Retail,retail,30,active
Real Estate,Retail property recovery,Hospitality,hospitality,40,active
Real Estate,Retail property recovery,Property Management,property_management,50,active
Real Estate,Retail property recovery,Construction,real_estate_development,60,active
Real Estate,Retail property recovery,Physical Security,physical_security,70,active
Real Estate,Retail property recovery,Facilities Services,facilities_services,80,active
Real Estate,Retail property recovery,Advertising,advertising,90,active
Real Estate,Retail property recovery,Parking Services,facilities_services,100,active
Real Estate,Office occupancy changes,Office Property,office_property,10,active
Real Estate,Office occupancy changes,Facilities Services,facilities_services,20,active
Real Estate,Office occupancy changes,Commercial Real Estate,commercial_real_estate,30,active
Real Estate,Office occupancy changes,Construction,real_estate_development,40,active
Real Estate,Office occupancy changes,Building Services,building_services,50,active
Real Estate,Office occupancy changes,Physical Security,physical_security,60,active
Real Estate,Office occupancy changes,Hygiene Services,hygiene_services,70,active
Real Estate,Office occupancy changes,Workplace Services,workplace_services,80,active
Real Estate,Office occupancy changes,Utilities,utilities,90,active
Real Estate,Office occupancy changes,Insurance,insurance,100,active
Real Estate,Construction pipeline,Construction,real_estate_development,10,active
Real Estate,Construction pipeline,Engineering Services,engineering_services,20,active
Real Estate,Construction pipeline,Construction Materials,construction_materials,30,active
Real Estate,Construction pipeline,Real Estate Development,real_estate_development,40,active
Real Estate,Construction pipeline,Commercial Banking,commercial_banking,50,active
Real Estate,Construction pipeline,Insurance,insurance,60,active
Real Estate,Construction pipeline,Utilities,utilities,70,active
Real Estate,Construction pipeline,Property Management,property_management,80,active
Real Estate,Construction pipeline,Architecture Services,infrastructure_engineering,90,active
Real Estate,Construction pipeline,Industrial Equipment,industrial_equipment,100,active
Real Estate,Mortgage market activity,Mortgage Services,mortgage_services,10,active
Real Estate,Mortgage market activity,Commercial Banking,commercial_banking,20,active
Real Estate,Mortgage market activity,Insurance,insurance,30,active
Real Estate,Mortgage market activity,Homebuilding,homebuilding,40,active
Real Estate,Mortgage market activity,Residential Real Estate,residential_real_estate,50,active
Real Estate,Mortgage market activity,Credit Services,credit_services,60,active
Real Estate,Mortgage market activity,Real Estate Services,real_estate_services,70,active
Real Estate,Mortgage market activity,Construction,residential_construction,80,active
Real Estate,Mortgage market activity,Retail,retail,90,active
Real Estate,Mortgage market activity,Investment Management,investment_management,100,active
Real Estate,Property regulation,Real Estate Services,real_estate_services,10,active
Real Estate,Property regulation,Property Management,property_management,20,active
Real Estate,Property regulation,Construction,real_estate_development,30,active
Real Estate,Property regulation,Commercial Real Estate,commercial_real_estate,40,active
Real Estate,Property regulation,Residential Real Estate,residential_real_estate,50,active
Real Estate,Property regulation,Legal Information,legal_information,60,active
Real Estate,Property regulation,Risk Management,risk_management,70,active
Real Estate,Property regulation,Insurance,insurance,80,active
Real Estate,Property regulation,Utilities,utilities,90,active
Real Estate,Property regulation,Government Services,government_services,100,active
Transportation,Passenger travel demand,Airlines,airlines,10,active
Transportation,Passenger travel demand,Passenger Transport,passenger_transport,20,active
Transportation,Passenger travel demand,Hotels,hotels,30,active
Transportation,Passenger travel demand,Reservation Systems,reservation_systems,40,active
Transportation,Passenger travel demand,Car Rental,mobility,50,active
Transportation,Passenger travel demand,Cruise Lines,cruise_lines,60,active
Transportation,Passenger travel demand,Travel Services,travel_services,70,active
Transportation,Passenger travel demand,Payments,payments,80,active
Transportation,Passenger travel demand,Fuel Distribution,fuel_distribution,90,active
Transportation,Passenger travel demand,Hospitality,hospitality,100,active
Transportation,Passenger travel weakness,Airlines,airlines,10,active
Transportation,Passenger travel weakness,Passenger Transport,passenger_transport,20,active
Transportation,Passenger travel weakness,Hotels,hotels,30,active
Transportation,Passenger travel weakness,Cruise Lines,cruise_lines,40,active
Transportation,Passenger travel weakness,Car Rental,mobility,50,active
Transportation,Passenger travel weakness,Reservation Systems,reservation_systems,60,active
Transportation,Passenger travel weakness,Travel Services,travel_services,70,active
Transportation,Passenger travel weakness,Fuel Distribution,fuel_distribution,80,active
Transportation,Passenger travel weakness,Hospitality,hospitality,90,active
Transportation,Passenger travel weakness,Consumer Finance,consumer_finance,100,active
Transportation,Freight demand increasing,Road Freight,road_freight,10,active
Transportation,Freight demand increasing,Rail Logistics,rail_logistics,20,active
Transportation,Freight demand increasing,Shipping,freight_transport,30,active
Transportation,Freight demand increasing,Ports,transportation_infrastructure,40,active
Transportation,Freight demand increasing,Warehousing,logistics_real_estate,50,active
Transportation,Freight demand increasing,Logistics,logistics,60,active
Transportation,Freight demand increasing,Packaging,packaging,70,active
Transportation,Freight demand increasing,Fuel Distribution,fuel_distribution,80,active
Transportation,Freight demand increasing,Industrial Equipment,industrial_equipment,90,active
Transportation,Freight demand increasing,Wholesale Distribution,wholesale_distribution,100,active
Transportation,Freight demand weakening,Road Freight,road_freight,10,active
Transportation,Freight demand weakening,Rail Logistics,rail_logistics,20,active
Transportation,Freight demand weakening,Shipping,freight_transport,30,active
Transportation,Freight demand weakening,Warehousing,logistics_real_estate,40,active
Transportation,Freight demand weakening,Logistics,logistics,50,active
Transportation,Freight demand weakening,Packaging,packaging,60,active
Transportation,Freight demand weakening,Fuel Distribution,fuel_distribution,70,active
Transportation,Freight demand weakening,Industrial Equipment,industrial_equipment,80,active
Transportation,Freight demand weakening,Wholesale Distribution,wholesale_distribution,90,active
Transportation,Freight demand weakening,Industrial Services,industrial_services,100,active
Transportation,Shipping disruption,Shipping,freight_transport,10,active
Transportation,Shipping disruption,Ports,transportation_infrastructure,20,active
Transportation,Shipping disruption,Logistics,logistics,30,active
Transportation,Shipping disruption,Rail Logistics,rail_logistics,40,active
Transportation,Shipping disruption,Road Freight,road_freight,50,active
Transportation,Shipping disruption,Warehousing,logistics_real_estate,60,active
Transportation,Shipping disruption,Packaging,packaging,70,active
Transportation,Shipping disruption,Insurance,insurance,80,active
Transportation,Shipping disruption,Commodity Trading,commodity_trading,90,active
Transportation,Shipping disruption,Wholesale,wholesale,100,active
Transportation,Port congestion,Ports,transportation_infrastructure,10,active
Transportation,Port congestion,Shipping,freight_transport,20,active
Transportation,Port congestion,Logistics,logistics,30,active
Transportation,Port congestion,Road Freight,road_freight,40,active
Transportation,Port congestion,Rail Logistics,rail_logistics,50,active
Transportation,Port congestion,Warehousing,logistics_real_estate,60,active
Transportation,Port congestion,Customs Services,freight_forwarding,70,active
Transportation,Port congestion,Packaging,packaging,80,active
Transportation,Port congestion,Wholesale Distribution,wholesale_distribution,90,active
Transportation,Port congestion,Contract Manufacturing,contract_manufacturing,100,active
Transportation,Air cargo demand,Cargo Transport,cargo_transport,10,active
Transportation,Air cargo demand,Airlines,airlines,20,active
Transportation,Air cargo demand,Logistics,logistics,30,active
Transportation,Air cargo demand,Warehousing,logistics_real_estate,40,active
Transportation,Air cargo demand,Ecommerce,ecommerce,50,active
Transportation,Air cargo demand,Packaging,packaging,60,active
Transportation,Air cargo demand,Fuel Distribution,fuel_distribution,70,active
Transportation,Air cargo demand,Airports,airport_operations,80,active
Transportation,Air cargo demand,Contract Manufacturing,contract_manufacturing,90,active
Transportation,Air cargo demand,Cold Chain,logistics,100,active
Transportation,Rail infrastructure investment,Rail Transport,rail_transport,10,active
Transportation,Rail infrastructure investment,Rail Equipment,rail_equipment,20,active
Transportation,Rail infrastructure investment,Engineering Services,engineering_services,30,active
Transportation,Rail infrastructure investment,Construction,infrastructure_engineering,40,active
Transportation,Rail infrastructure investment,Steel,steel,50,active
Transportation,Rail infrastructure investment,Communications Equipment,communications_equipment,60,active
Transportation,Rail infrastructure investment,Utilities,utilities,70,active
Transportation,Rail infrastructure investment,Logistics,logistics,80,active
Transportation,Rail infrastructure investment,Construction Materials,construction_materials,90,active
Transportation,Rail infrastructure investment,Maintenance Services,industrial_services,100,active
Transportation,Fleet electrification,Commercial Vehicles,commercial_vehicles,10,active
Transportation,Fleet electrification,Battery Materials,battery_materials,20,active
Transportation,Fleet electrification,Electric Vehicles,electric_vehicles,30,active
Transportation,Fleet electrification,Utilities,utilities,40,active
Transportation,Fleet electrification,Industrial Equipment,industrial_equipment,50,active
Transportation,Fleet electrification,Logistics,logistics,60,active
Transportation,Fleet electrification,Engineering Services,engineering_services,70,active
Transportation,Fleet electrification,Power Electronics,power_management,80,active
Transportation,Fleet electrification,Fleet Services,mobility,90,active
Transportation,Fleet electrification,Software,vertical_software,100,active
Transportation,Transportation regulation,Airlines,airlines,10,active
Transportation,Transportation regulation,Rail Transport,rail_transport,20,active
Transportation,Transportation regulation,Shipping,freight_transport,30,active
Transportation,Transportation regulation,Road Freight,road_freight,40,active
Transportation,Transportation regulation,Logistics,logistics,50,active
Transportation,Transportation regulation,Risk Management,risk_management,60,active
Transportation,Transportation regulation,Insurance,insurance,70,active
Transportation,Transportation regulation,Technology Platforms,technology_platforms,80,active
Transportation,Transportation regulation,Engineering Services,engineering_services,90,active
Transportation,Transportation regulation,Ports,transportation_infrastructure,100,active
Utilities,Electricity demand increasing,Utilities,utilities,10,active
Utilities,Electricity demand increasing,Power Generation,power_generation,20,active
Utilities,Electricity demand increasing,Grid Infrastructure,grid_infrastructure,30,active
Utilities,Electricity demand increasing,Electricity Transmission,electricity_transmission,40,active
Utilities,Electricity demand increasing,Energy Storage,energy_storage,50,active
Utilities,Electricity demand increasing,Natural Gas,natural_gas,60,active
Utilities,Electricity demand increasing,Renewable Energy,renewable_energy,70,active
Utilities,Electricity demand increasing,Industrial Automation,industrial_automation,80,active
Utilities,Electricity demand increasing,Data Centres,data_centres,90,active
Utilities,Electricity demand increasing,Cooling,thermal_management,100,active
Utilities,Grid investment,Electricity Transmission,electricity_transmission,10,active
Utilities,Grid investment,Energy Distribution,energy_distribution,20,active
Utilities,Grid investment,Power Equipment,electrical_equipment,30,active
Utilities,Grid investment,Engineering Services,engineering_services,40,active
Utilities,Grid investment,Construction,infrastructure_engineering,50,active
Utilities,Grid investment,Utilities,utilities,60,active
Utilities,Grid investment,Copper,copper,70,active
Utilities,Grid investment,Power Systems,power_systems,80,active
Utilities,Grid investment,Energy Storage,energy_storage,90,active
Utilities,Grid investment,Industrial Software,industrial_software,100,active
Utilities,Renewable integration,Utilities,utilities,10,active
Utilities,Renewable integration,Energy Storage,energy_storage,20,active
Utilities,Renewable integration,Grid Infrastructure,grid_infrastructure,30,active
Utilities,Renewable integration,Power Electronics,power_management,40,active
Utilities,Renewable integration,Electricity Transmission,electricity_transmission,50,active
Utilities,Renewable integration,Renewable Energy,renewable_energy,60,active
Utilities,Renewable integration,Solar Energy,solar_energy,70,active
Utilities,Renewable integration,Engineering Services,engineering_services,80,active
Utilities,Renewable integration,Industrial Software,industrial_software,90,active
Utilities,Renewable integration,Construction,infrastructure_engineering,100,active
Utilities,Power shortages,Utilities,utilities,10,active
Utilities,Power shortages,Power Generation,power_generation,20,active
Utilities,Power shortages,Natural Gas,natural_gas,30,active
Utilities,Power shortages,Nuclear,power_generation,40,active
Utilities,Power shortages,Energy Storage,energy_storage,50,active
Utilities,Power shortages,Industrial Consumers,industrial_processing,60,active
Utilities,Power shortages,Data Centres,data_centres,70,active
Utilities,Power shortages,Energy Management,energy_management,80,active
Utilities,Power shortages,Electricity Transmission,electricity_transmission,90,active
Utilities,Power shortages,Engineering Services,engineering_services,100,active
Utilities,Water infrastructure investment,Water Utilities,water_utilities,10,active
Utilities,Water infrastructure investment,Fluid Management,fluid_management,20,active
Utilities,Water infrastructure investment,Engineering Services,engineering_services,30,active
Utilities,Water infrastructure investment,Construction,infrastructure_engineering,40,active
Utilities,Water infrastructure investment,Industrial Chemicals,industrial_chemicals,50,active
Utilities,Water infrastructure investment,Water Infrastructure,water_infrastructure,60,active
Utilities,Water infrastructure investment,Industrial Equipment,industrial_equipment,70,active
Utilities,Water infrastructure investment,Smart Infrastructure,smart_infrastructure,80,active
Utilities,Water infrastructure investment,Industrial Software,industrial_software,90,active
Utilities,Water infrastructure investment,Maintenance Services,industrial_services,100,active
Utilities,Nuclear investment,Nuclear Energy,power_generation,10,active
Utilities,Nuclear investment,Engineering Services,engineering_services,20,active
Utilities,Nuclear investment,Construction,infrastructure_engineering,30,active
Utilities,Nuclear investment,Utilities,utilities,40,active
Utilities,Nuclear investment,Fuel Services,fuel_distribution,50,active
Utilities,Nuclear investment,Industrial Equipment,industrial_equipment,60,active
Utilities,Nuclear investment,Power Equipment,electrical_equipment,70,active
Utilities,Nuclear investment,High Performance Materials,high_performance_materials,80,active
Utilities,Nuclear investment,Safety Technology,safety_technology,90,active
Utilities,Nuclear investment,Grid Infrastructure,grid_infrastructure,100,active
Utilities,Transmission upgrades,Electricity Transmission,electricity_transmission,10,active
Utilities,Transmission upgrades,Grid Infrastructure,grid_infrastructure,20,active
Utilities,Transmission upgrades,Copper,copper,30,active
Utilities,Transmission upgrades,Power Systems,power_systems,40,active
Utilities,Transmission upgrades,Engineering Services,engineering_services,50,active
Utilities,Transmission upgrades,Construction,infrastructure_engineering,60,active
Utilities,Transmission upgrades,Utilities,utilities,70,active
Utilities,Transmission upgrades,Industrial Software,industrial_software,80,active
Utilities,Transmission upgrades,Energy Storage,energy_storage,90,active
Utilities,Transmission upgrades,Power Electronics,power_management,100,active
Utilities,Utility regulation changes,Utilities,utilities,10,active
Utilities,Utility regulation changes,Renewable Energy,renewable_energy,20,active
Utilities,Utility regulation changes,Power Generation,power_generation,30,active
Utilities,Utility regulation changes,Water Utilities,water_utilities,40,active
Utilities,Utility regulation changes,Risk Management,risk_management,50,active
Utilities,Utility regulation changes,Engineering Services,engineering_services,60,active
Utilities,Utility regulation changes,Construction,infrastructure_engineering,70,active
Utilities,Utility regulation changes,Industrial Software,industrial_software,80,active
Utilities,Utility regulation changes,Grid Infrastructure,grid_infrastructure,90,active
Utilities,Utility regulation changes,Consulting,consulting,100,active
Utilities,Climate resilience investment,Utilities,utilities,10,active
Utilities,Climate resilience investment,Water Infrastructure,water_infrastructure,20,active
Utilities,Climate resilience investment,Engineering Services,engineering_services,30,active
Utilities,Climate resilience investment,Construction,infrastructure_engineering,40,active
Utilities,Climate resilience investment,Grid Infrastructure,grid_infrastructure,50,active
Utilities,Climate resilience investment,Environmental Services,environmental_services,60,active
Utilities,Climate resilience investment,Energy Storage,energy_storage,70,active
Utilities,Climate resilience investment,Insurance,insurance,80,active
Utilities,Climate resilience investment,Construction Materials,construction_materials,90,active
Utilities,Climate resilience investment,Maintenance Services,industrial_services,100,active
Utilities,Energy efficiency programmes,Climate Control,climate_control,10,active
Utilities,Energy efficiency programmes,Industrial Automation,industrial_automation,20,active
Utilities,Energy efficiency programmes,HVAC,hvac,30,active
Utilities,Energy efficiency programmes,Utilities,utilities,40,active
Utilities,Energy efficiency programmes,Smart Infrastructure,smart_infrastructure,50,active
Utilities,Energy efficiency programmes,Industrial Software,industrial_software,60,active
Utilities,Energy efficiency programmes,Construction,infrastructure_engineering,70,active
Utilities,Energy efficiency programmes,Engineering Services,engineering_services,80,active
Utilities,Energy efficiency programmes,Energy Management,energy_management,90,active
Utilities,Energy efficiency programmes,Power Electronics,power_management,100,active
Agriculture,Crop yield changes,Agriculture,agriculture,10,active
Agriculture,Crop yield changes,Seeds,agriculture,20,active
Agriculture,Crop yield changes,Industrial Chemicals,industrial_chemicals,30,active
Agriculture,Crop yield changes,Farm Equipment,agricultural_equipment,40,active
Agriculture,Crop yield changes,Water Infrastructure,water_infrastructure,50,active
Agriculture,Crop yield changes,Food Processing,food_processing,60,active
Agriculture,Crop yield changes,Packaging,packaging,70,active
Agriculture,Crop yield changes,Logistics,logistics,80,active
Agriculture,Crop yield changes,Commodity Trading,commodity_trading,90,active
Agriculture,Crop yield changes,Insurance,insurance,100,active
Agriculture,Fertiliser demand,Industrial Chemicals,industrial_chemicals,10,active
Agriculture,Fertiliser demand,Agriculture,agriculture,20,active
Agriculture,Fertiliser demand,Mining,mining,30,active
Agriculture,Fertiliser demand,Logistics,logistics,40,active
Agriculture,Fertiliser demand,Energy Services,energy_services,50,active
Agriculture,Fertiliser demand,Packaging,packaging,60,active
Agriculture,Fertiliser demand,Wholesale Distribution,wholesale_distribution,70,active
Agriculture,Fertiliser demand,Food Production,food_manufacturing,80,active
Agriculture,Fertiliser demand,Water Infrastructure,water_infrastructure,90,active
Agriculture,Fertiliser demand,Commodity Trading,commodity_trading,100,active
Agriculture,Food demand increasing,Agriculture,agriculture,10,active
Agriculture,Food demand increasing,Food Processing,food_processing,20,active
Agriculture,Food demand increasing,Food Distribution,food_distribution,30,active
Agriculture,Food demand increasing,Packaging,packaging,40,active
Agriculture,Food demand increasing,Logistics,logistics,50,active
Agriculture,Food demand increasing,Cold Chain,logistics,60,active
Agriculture,Food demand increasing,Restaurants,restaurants,70,active
Agriculture,Food demand increasing,Consumer Food,consumer_food,80,active
Agriculture,Food demand increasing,Commodity Trading,commodity_trading,90,active
Agriculture,Food demand increasing,Wholesale Distribution,wholesale_distribution,100,active
Agriculture,Livestock production changes,Agriculture,agriculture,10,active
Agriculture,Livestock production changes,Veterinary Health,veterinary_health,20,active
Agriculture,Livestock production changes,Food Processing,food_processing,30,active
Agriculture,Livestock production changes,Packaging,packaging,40,active
Agriculture,Livestock production changes,Logistics,logistics,50,active
Agriculture,Livestock production changes,Food Distribution,food_distribution,60,active
Agriculture,Livestock production changes,Cold Chain,logistics,70,active
Agriculture,Livestock production changes,Insurance,insurance,80,active
Agriculture,Livestock production changes,Industrial Chemicals,industrial_chemicals,90,active
Agriculture,Livestock production changes,Wholesale Distribution,wholesale_distribution,100,active
Agriculture,Water availability,Water Infrastructure,water_infrastructure,10,active
Agriculture,Water availability,Agriculture,agriculture,20,active
Agriculture,Water availability,Water Utilities,water_utilities,30,active
Agriculture,Water availability,Engineering Services,engineering_services,40,active
Agriculture,Water availability,Farm Equipment,agricultural_equipment,50,active
Agriculture,Water availability,Industrial Chemicals,industrial_chemicals,60,active
Agriculture,Water availability,Food Production,food_manufacturing,70,active
Agriculture,Water availability,Insurance,insurance,80,active
Agriculture,Water availability,Construction,infrastructure_engineering,90,active
Agriculture,Water availability,Environmental Services,environmental_services,100,active
Agriculture,Agricultural technology adoption,Agriculture,agriculture,10,active
Agriculture,Agricultural technology adoption,Industrial Automation,industrial_automation,20,active
Agriculture,Agricultural technology adoption,Farm Equipment,agricultural_equipment,30,active
Agriculture,Agricultural technology adoption,Industrial Software,industrial_software,40,active
Agriculture,Agricultural technology adoption,Sensors,sensors,50,active
Agriculture,Agricultural technology adoption,Satellites,satellites,60,active
Agriculture,Agricultural technology adoption,Water Technology,water_technology,70,active
Agriculture,Agricultural technology adoption,Data Analytics,data_analytics,80,active
Agriculture,Agricultural technology adoption,Industrial Chemicals,industrial_chemicals,90,active
Agriculture,Agricultural technology adoption,Engineering Services,engineering_services,100,active
Agriculture,Commodity price volatility,Commodity Trading,commodity_trading,10,active
Agriculture,Commodity price volatility,Agriculture,agriculture,20,active
Agriculture,Commodity price volatility,Food Processing,food_processing,30,active
Agriculture,Commodity price volatility,Retail,retail,40,active
Agriculture,Commodity price volatility,Logistics,logistics,50,active
Agriculture,Commodity price volatility,Packaging,packaging,60,active
Agriculture,Commodity price volatility,Insurance,insurance,70,active
Agriculture,Commodity price volatility,Commercial Banking,commercial_banking,80,active
Agriculture,Commodity price volatility,Food Distribution,food_distribution,90,active
Agriculture,Commodity price volatility,Energy Services,energy_services,100,active
Agriculture,Agricultural supply disruption,Logistics,logistics,10,active
Agriculture,Agricultural supply disruption,Packaging,packaging,20,active
Agriculture,Agricultural supply disruption,Cold Chain,logistics,30,active
Agriculture,Agricultural supply disruption,Food Processing,food_processing,40,active
Agriculture,Agricultural supply disruption,Retail,retail,50,active
Agriculture,Agricultural supply disruption,Ports,transportation_infrastructure,60,active
Agriculture,Agricultural supply disruption,Shipping,freight_transport,70,active
Agriculture,Agricultural supply disruption,Warehousing,logistics_real_estate,80,active
Agriculture,Agricultural supply disruption,Insurance,insurance,90,active
Agriculture,Agricultural supply disruption,Agriculture,agriculture,100,active
Agriculture,Export demand increasing,Commodity Trading,commodity_trading,10,active
Agriculture,Export demand increasing,Ports,transportation_infrastructure,20,active
Agriculture,Export demand increasing,Shipping,freight_transport,30,active
Agriculture,Export demand increasing,Agriculture,agriculture,40,active
Agriculture,Export demand increasing,Food Processing,food_processing,50,active
Agriculture,Export demand increasing,Logistics,logistics,60,active
Agriculture,Export demand increasing,Packaging,packaging,70,active
Agriculture,Export demand increasing,Commercial Banking,commercial_banking,80,active
Agriculture,Export demand increasing,Insurance,insurance,90,active
Agriculture,Export demand increasing,Warehousing,logistics_real_estate,100,active
Agriculture,Climate resilience investment,Agriculture,agriculture,10,active
Agriculture,Climate resilience investment,Water Infrastructure,water_infrastructure,20,active
Agriculture,Climate resilience investment,Water Technology,water_technology,30,active
Agriculture,Climate resilience investment,Insurance,insurance,40,active
Agriculture,Climate resilience investment,Engineering Services,engineering_services,50,active
Agriculture,Climate resilience investment,Farm Equipment,agricultural_equipment,60,active
Agriculture,Climate resilience investment,Industrial Chemicals,industrial_chemicals,70,active
Agriculture,Climate resilience investment,Research Services,research_services,80,active
Agriculture,Climate resilience investment,Utilities,utilities,90,active
Agriculture,Climate resilience investment,Environmental Monitoring,environmental_monitoring,100,active
Communications & Media,Advertising demand increasing,Digital Advertising,digital_advertising,10,active
Communications & Media,Advertising demand increasing,Media Entertainment,media_entertainment,20,active
Communications & Media,Advertising demand increasing,Social Platforms,social_platforms,30,active
Communications & Media,Advertising demand increasing,Streaming,streaming,40,active
Communications & Media,Advertising demand increasing,Retail,retail,50,active
Communications & Media,Advertising demand increasing,Data Analytics,data_analytics,60,active
Communications & Media,Advertising demand increasing,Cloud Services,cloud_services,70,active
Communications & Media,Advertising demand increasing,Marketing,marketing,80,active
Communications & Media,Advertising demand increasing,Telecommunications,telecommunications,90,active
Communications & Media,Advertising demand increasing,Digital Content,digital_content,100,active
Communications & Media,Advertising demand weakening,Digital Advertising,digital_advertising,10,active
Communications & Media,Advertising demand weakening,Media Entertainment,media_entertainment,20,active
Communications & Media,Advertising demand weakening,Social Platforms,social_platforms,30,active
Communications & Media,Advertising demand weakening,Streaming,streaming,40,active
Communications & Media,Advertising demand weakening,Publishing,publishing,50,active
Communications & Media,Advertising demand weakening,Marketing,marketing,60,active
Communications & Media,Advertising demand weakening,Retail,retail,70,active
Communications & Media,Advertising demand weakening,Data Analytics,data_analytics,80,active
Communications & Media,Advertising demand weakening,Digital Content,digital_content,90,active
Communications & Media,Advertising demand weakening,Broadcasting,broadcasting,100,active
Communications & Media,Streaming growth,Streaming,streaming,10,active
Communications & Media,Streaming growth,Digital Content,digital_content,20,active
Communications & Media,Streaming growth,Cloud Infrastructure,cloud_infrastructure,30,active
Communications & Media,Streaming growth,Internet Infrastructure,internet_infrastructure,40,active
Communications & Media,Streaming growth,Telecommunications,telecommunications,50,active
Communications & Media,Streaming growth,Digital Advertising,digital_advertising,60,active
Communications & Media,Streaming growth,Media Entertainment,media_entertainment,70,active
Communications & Media,Streaming growth,Data Analytics,data_analytics,80,active
Communications & Media,Streaming growth,Consumer Electronics,consumer_electronics,90,active
Communications & Media,Streaming growth,Payments,payments,100,active
Communications & Media,Mobile data growth,Telecommunications,telecommunications,10,active
Communications & Media,Mobile data growth,Mobile Networks,mobile_networks,20,active
Communications & Media,Mobile data growth,Networking Equipment,networking_equipment,30,active
Communications & Media,Mobile data growth,Photonics,photonics,40,active
Communications & Media,Mobile data growth,Data Centres,data_centres,50,active
Communications & Media,Mobile data growth,Cloud Services,cloud_services,60,active
Communications & Media,Mobile data growth,Semiconductors,semiconductors,70,active
Communications & Media,Mobile data growth,Utilities,utilities,80,active
Communications & Media,Mobile data growth,Engineering Services,engineering_services,90,active
Communications & Media,Mobile data growth,Cybersecurity,cybersecurity,100,active
Communications & Media,Broadband expansion,Broadband,broadband,10,active
Communications & Media,Broadband expansion,Telecommunications,telecommunications,20,active
Communications & Media,Broadband expansion,Networking Equipment,networking_equipment,30,active
Communications & Media,Broadband expansion,Construction,infrastructure_engineering,40,active
Communications & Media,Broadband expansion,Engineering Services,engineering_services,50,active
Communications & Media,Broadband expansion,Photonics,photonics,60,active
Communications & Media,Broadband expansion,Cloud Services,cloud_services,70,active
Communications & Media,Broadband expansion,Utilities,utilities,80,active
Communications & Media,Broadband expansion,Data Centres,data_centres,90,active
Communications & Media,Broadband expansion,Industrial Software,industrial_software,100,active
Communications & Media,Digital content demand,Digital Content,digital_content,10,active
Communications & Media,Digital content demand,Publishing,publishing,20,active
Communications & Media,Digital content demand,Streaming,streaming,30,active
Communications & Media,Digital content demand,Digital Advertising,digital_advertising,40,active
Communications & Media,Digital content demand,Social Platforms,social_platforms,50,active
Communications & Media,Digital content demand,Cloud Services,cloud_services,60,active
Communications & Media,Digital content demand,Payments,payments,70,active
Communications & Media,Digital content demand,Data Analytics,data_analytics,80,active
Communications & Media,Digital content demand,Media Entertainment,media_entertainment,90,active
Communications & Media,Digital content demand,Consumer Electronics,consumer_electronics,100,active
Communications & Media,Social platform engagement,Social Platforms,social_platforms,10,active
Communications & Media,Social platform engagement,Digital Advertising,digital_advertising,20,active
Communications & Media,Social platform engagement,Cloud Services,cloud_services,30,active
Communications & Media,Social platform engagement,Data Analytics,data_analytics,40,active
Communications & Media,Social platform engagement,Cybersecurity,cybersecurity,50,active
Communications & Media,Social platform engagement,Digital Content,digital_content,60,active
Communications & Media,Social platform engagement,Media Entertainment,media_entertainment,70,active
Communications & Media,Social platform engagement,Payments,payments,80,active
Communications & Media,Social platform engagement,Digital Identity,digital_identity,90,active
Communications & Media,Social platform engagement,Telecommunications,telecommunications,100,active
Communications & Media,Network investment,Telecommunications,telecommunications,10,active
Communications & Media,Network investment,Networking Equipment,networking_equipment,20,active
Communications & Media,Network investment,Photonics,photonics,30,active
Communications & Media,Network investment,Engineering Services,engineering_services,40,active
Communications & Media,Network investment,Construction,infrastructure_engineering,50,active
Communications & Media,Network investment,Semiconductors,semiconductors,60,active
Communications & Media,Network investment,Power Equipment,electrical_equipment,70,active
Communications & Media,Network investment,Industrial Software,industrial_software,80,active
Communications & Media,Network investment,Cybersecurity,cybersecurity,90,active
Communications & Media,Network investment,Utilities,utilities,100,active
Communications & Media,Satellite communications expansion,Satellite Communications,satellite_communications,10,active
Communications & Media,Satellite communications expansion,Launch Services,launch_services,20,active
Communications & Media,Satellite communications expansion,Satellites,satellites,30,active
Communications & Media,Satellite communications expansion,Telecommunications,telecommunications,40,active
Communications & Media,Satellite communications expansion,Defence Technology,defence_technology,50,active
Communications & Media,Satellite communications expansion,Engineering Services,engineering_services,60,active
Communications & Media,Satellite communications expansion,Semiconductors,semiconductors,70,active
Communications & Media,Satellite communications expansion,Networking,networking,80,active
Communications & Media,Satellite communications expansion,Data Centres,data_centres,90,active
Communications & Media,Satellite communications expansion,Industrial Software,industrial_software,100,active
Communications & Media,Media regulation,Media Entertainment,media_entertainment,10,active
Communications & Media,Media regulation,Broadcasting,broadcasting,20,active
Communications & Media,Media regulation,Streaming,streaming,30,active
Communications & Media,Media regulation,Digital Advertising,digital_advertising,40,active
Communications & Media,Media regulation,Legal Information,legal_information,50,active
Communications & Media,Media regulation,Risk Management,risk_management,60,active
Communications & Media,Media regulation,Publishing,publishing,70,active
Communications & Media,Media regulation,Telecommunications,telecommunications,80,active
Communications & Media,Media regulation,Digital Content,digital_content,90,active
Communications & Media,Media regulation,Consulting,consulting,100,active
Economic Growth,Economic expansion,Industrial Equipment,industrial_equipment,10,active
Economic Growth,Economic expansion,Construction,infrastructure_engineering,20,active
Economic Growth,Economic expansion,Commercial Banking,commercial_banking,30,active
Economic Growth,Economic expansion,Consumer Goods,consumer_goods,40,active
Economic Growth,Economic expansion,Retail,retail,50,active
Economic Growth,Economic expansion,Transportation,transportation,60,active
Economic Growth,Economic expansion,Business Services,business_services,70,active
Economic Growth,Economic expansion,Technology Services,it_services,80,active
Economic Growth,Economic expansion,Real Estate,real_estate_services,90,active
Economic Growth,Economic expansion,Utilities,utilities,100,active
Economic Growth,Economic slowdown,Consumer Food,consumer_food,10,active
Economic Growth,Economic slowdown,Utilities,utilities,20,active
Economic Growth,Economic slowdown,Healthcare Services,healthcare_services,30,active
Economic Growth,Economic slowdown,Insurance,insurance,40,active
Economic Growth,Economic slowdown,General Merchandise,general_merchandise,50,active
Economic Growth,Economic slowdown,Telecommunications,telecommunications,60,active
Economic Growth,Economic slowdown,Commercial Banking,commercial_banking,70,active
Economic Growth,Economic slowdown,Transportation,transportation,80,active
Economic Growth,Economic slowdown,Industrial Equipment,industrial_equipment,90,active
Economic Growth,Economic slowdown,Real Estate,real_estate_services,100,active
Economic Growth,Consumer demand strengthening,Retail,retail,10,active
Economic Growth,Consumer demand strengthening,Restaurants,restaurants,20,active
Economic Growth,Consumer demand strengthening,Travel Services,travel_services,30,active
Economic Growth,Consumer demand strengthening,Consumer Electronics,consumer_electronics,40,active
Economic Growth,Consumer demand strengthening,Automotive Services,automotive_services,50,active
Economic Growth,Consumer demand strengthening,Payment Networks,payment_networks,60,active
Economic Growth,Consumer demand strengthening,Logistics,logistics,70,active
Economic Growth,Consumer demand strengthening,Digital Advertising,digital_advertising,80,active
Economic Growth,Consumer demand strengthening,Consumer Goods,consumer_goods,90,active
Economic Growth,Consumer demand strengthening,Hotels,hotels,100,active
Economic Growth,Consumer demand weakening,General Merchandise,general_merchandise,10,active
Economic Growth,Consumer demand weakening,Consumer Food,consumer_food,20,active
Economic Growth,Consumer demand weakening,Utilities,utilities,30,active
Economic Growth,Consumer demand weakening,Healthcare Services,healthcare_services,40,active
Economic Growth,Consumer demand weakening,Insurance,insurance,50,active
Economic Growth,Consumer demand weakening,Telecommunications,telecommunications,60,active
Economic Growth,Consumer demand weakening,Restaurants,restaurants,70,active
Economic Growth,Consumer demand weakening,Travel Services,travel_services,80,active
Economic Growth,Consumer demand weakening,Digital Advertising,digital_advertising,90,active
Economic Growth,Consumer demand weakening,Consumer Finance,consumer_finance,100,active
Economic Growth,Business investment increasing,Industrial Equipment,industrial_equipment,10,active
Economic Growth,Business investment increasing,Engineering Services,engineering_services,20,active
Economic Growth,Business investment increasing,Construction,infrastructure_engineering,30,active
Economic Growth,Business investment increasing,Industrial Automation,industrial_automation,40,active
Economic Growth,Business investment increasing,Enterprise Software,enterprise_software,50,active
Economic Growth,Business investment increasing,Data Centres,data_centres,60,active
Economic Growth,Business investment increasing,Energy Infrastructure,energy_infrastructure,70,active
Economic Growth,Business investment increasing,Transportation Infrastructure,transportation_infrastructure,80,active
Economic Growth,Business investment increasing,Commercial Banking,commercial_banking,90,active
Economic Growth,Business investment increasing,Business Services,business_services,100,active
Economic Growth,Business investment slowing,Industrial Equipment,industrial_equipment,10,active
Economic Growth,Business investment slowing,Engineering Services,engineering_services,20,active
Economic Growth,Business investment slowing,Construction,infrastructure_engineering,30,active
Economic Growth,Business investment slowing,Industrial Automation,industrial_automation,40,active
Economic Growth,Business investment slowing,Enterprise Software,enterprise_software,50,active
Economic Growth,Business investment slowing,Commercial Banking,commercial_banking,60,active
Economic Growth,Business investment slowing,Transportation Infrastructure,transportation_infrastructure,70,active
Economic Growth,Business investment slowing,Business Services,business_services,80,active
Economic Growth,Business investment slowing,Real Estate Development,real_estate_development,90,active
Economic Growth,Business investment slowing,Energy Services,energy_services,100,active
Economic Growth,Manufacturing expansion,Industrial Equipment,industrial_equipment,10,active
Economic Growth,Manufacturing expansion,Industrial Automation,industrial_automation,20,active
Economic Growth,Manufacturing expansion,Industrial Chemicals,industrial_chemicals,30,active
Economic Growth,Manufacturing expansion,Metals,metals,40,active
Economic Growth,Manufacturing expansion,Logistics,logistics,50,active
Economic Growth,Manufacturing expansion,Packaging,packaging,60,active
Economic Growth,Manufacturing expansion,Energy Services,energy_services,70,active
Economic Growth,Manufacturing expansion,Transportation,transportation,80,active
Economic Growth,Manufacturing expansion,Engineering Services,engineering_services,90,active
Economic Growth,Manufacturing expansion,Contract Manufacturing,contract_manufacturing,100,active
Economic Growth,Services expansion,Business Services,business_services,10,active
Economic Growth,Services expansion,Professional Services,business_services,20,active
Economic Growth,Services expansion,Financial Services,financial_services,30,active
Economic Growth,Services expansion,Travel Services,travel_services,40,active
Economic Growth,Services expansion,Hotels,hotels,50,active
Economic Growth,Services expansion,Restaurants,restaurants,60,active
Economic Growth,Services expansion,Healthcare Services,healthcare_services,70,active
Economic Growth,Services expansion,Telecommunications,telecommunications,80,active
Economic Growth,Services expansion,Cloud Services,cloud_services,90,active
Economic Growth,Services expansion,Payment Networks,payment_networks,100,active
Economic Growth,Productivity improving,Industrial Automation,industrial_automation,10,active
Economic Growth,Productivity improving,Enterprise Software,enterprise_software,20,active
Economic Growth,Productivity improving,Artificial Intelligence,artificial_intelligence,30,active
Economic Growth,Productivity improving,Business Intelligence,business_intelligence,40,active
Economic Growth,Productivity improving,Industrial Equipment,industrial_equipment,50,active
Economic Growth,Productivity improving,Cloud Services,cloud_services,60,active
Economic Growth,Productivity improving,Robotics,robotics,70,active
Economic Growth,Productivity improving,Semiconductors,semiconductors,80,active
Economic Growth,Productivity improving,Engineering Services,engineering_services,90,active
Economic Growth,Productivity improving,Workflow Automation,workflow_automation,100,active
Economic Growth,Leading indicators improving,Commercial Banking,commercial_banking,10,active
Economic Growth,Leading indicators improving,Industrial Equipment,industrial_equipment,20,active
Economic Growth,Leading indicators improving,Construction,infrastructure_engineering,30,active
Economic Growth,Leading indicators improving,Consumer Goods,consumer_goods,40,active
Economic Growth,Leading indicators improving,Transportation,transportation,50,active
Economic Growth,Leading indicators improving,Retail,retail,60,active
Economic Growth,Leading indicators improving,Business Services,business_services,70,active
Economic Growth,Leading indicators improving,Real Estate,real_estate_services,80,active
Economic Growth,Leading indicators improving,Technology Services,it_services,90,active
Economic Growth,Leading indicators improving,Utilities,utilities,100,active
Inflation,Inflation accelerating,Energy Services,energy_services,10,active
Inflation,Inflation accelerating,Industrial Chemicals,industrial_chemicals,20,active
Inflation,Inflation accelerating,Transportation,transportation,30,active
Inflation,Inflation accelerating,Consumer Goods,consumer_goods,40,active
Inflation,Inflation accelerating,Retail,retail,50,active
Inflation,Inflation accelerating,Utilities,utilities,60,active
Inflation,Inflation accelerating,Commercial Banking,commercial_banking,70,active
Inflation,Inflation accelerating,Insurance,insurance,80,active
Inflation,Inflation accelerating,Construction,infrastructure_engineering,90,active
Inflation,Inflation accelerating,Agriculture,agriculture,100,active
Inflation,Inflation moderating,Retail,retail,10,active
Inflation,Inflation moderating,Consumer Goods,consumer_goods,20,active
Inflation,Inflation moderating,Airlines,airlines,30,active
Inflation,Inflation moderating,Transportation,transportation,40,active
Inflation,Inflation moderating,Construction,infrastructure_engineering,50,active
Inflation,Inflation moderating,Homebuilding,homebuilding,60,active
Inflation,Inflation moderating,Commercial Banking,commercial_banking,70,active
Inflation,Inflation moderating,Consumer Finance,consumer_finance,80,active
Inflation,Inflation moderating,Restaurants,restaurants,90,active
Inflation,Inflation moderating,Industrial Equipment,industrial_equipment,100,active
Inflation,Producer prices rising,Industrial Chemicals,industrial_chemicals,10,active
Inflation,Producer prices rising,Metals,metals,20,active
Inflation,Producer prices rising,Packaging,packaging,30,active
Inflation,Producer prices rising,Transportation,transportation,40,active
Inflation,Producer prices rising,Construction Materials,construction_materials,50,active
Inflation,Producer prices rising,Industrial Equipment,industrial_equipment,60,active
Inflation,Producer prices rising,Agriculture,agriculture,70,active
Inflation,Producer prices rising,Energy Services,energy_services,80,active
Inflation,Producer prices rising,Food Production,food_manufacturing,90,active
Inflation,Producer prices rising,Logistics,logistics,100,active
Inflation,Producer prices falling,Industrial Equipment,industrial_equipment,10,active
Inflation,Producer prices falling,Construction,infrastructure_engineering,20,active
Inflation,Producer prices falling,Consumer Goods,consumer_goods,30,active
Inflation,Producer prices falling,Retail,retail,40,active
Inflation,Producer prices falling,Automotive Services,automotive_services,50,active
Inflation,Producer prices falling,Food Production,food_manufacturing,60,active
Inflation,Producer prices falling,Packaging,packaging,70,active
Inflation,Producer prices falling,Logistics,logistics,80,active
Inflation,Producer prices falling,Restaurants,restaurants,90,active
Inflation,Producer prices falling,Homebuilding,homebuilding,100,active
Inflation,Consumer prices rising,Retail,retail,10,active
Inflation,Consumer prices rising,Consumer Food,consumer_food,20,active
Inflation,Consumer prices rising,Utilities,utilities,30,active
Inflation,Consumer prices rising,Housing,residential_real_estate,40,active
Inflation,Consumer prices rising,Insurance,insurance,50,active
Inflation,Consumer prices rising,Healthcare Services,healthcare_services,60,active
Inflation,Consumer prices rising,Restaurants,restaurants,70,active
Inflation,Consumer prices rising,Travel Services,travel_services,80,active
Inflation,Consumer prices rising,Telecommunications,telecommunications,90,active
Inflation,Consumer prices rising,Consumer Finance,consumer_finance,100,active
Inflation,Consumer prices falling,Retail,retail,10,active
Inflation,Consumer prices falling,Consumer Electronics,consumer_electronics,20,active
Inflation,Consumer prices falling,Restaurants,restaurants,30,active
Inflation,Consumer prices falling,Travel Services,travel_services,40,active
Inflation,Consumer prices falling,Homebuilding,homebuilding,50,active
Inflation,Consumer prices falling,Automotive Services,automotive_services,60,active
Inflation,Consumer prices falling,Consumer Goods,consumer_goods,70,active
Inflation,Consumer prices falling,Payment Networks,payment_networks,80,active
Inflation,Consumer prices falling,Logistics,logistics,90,active
Inflation,Consumer prices falling,Hotels,hotels,100,active
Inflation,Input costs increasing,Industrial Chemicals,industrial_chemicals,10,active
Inflation,Input costs increasing,Metals,metals,20,active
Inflation,Input costs increasing,Energy Services,energy_services,30,active
Inflation,Input costs increasing,Packaging,packaging,40,active
Inflation,Input costs increasing,Transportation,transportation,50,active
Inflation,Input costs increasing,Agriculture,agriculture,60,active
Inflation,Input costs increasing,Construction Materials,construction_materials,70,active
Inflation,Input costs increasing,Contract Manufacturing,contract_manufacturing,80,active
Inflation,Input costs increasing,Industrial Equipment,industrial_equipment,90,active
Inflation,Input costs increasing,Food Production,food_manufacturing,100,active
Inflation,Wage inflation accelerating,Restaurants,restaurants,10,active
Inflation,Wage inflation accelerating,Retail,retail,20,active
Inflation,Wage inflation accelerating,Healthcare Services,healthcare_services,30,active
Inflation,Wage inflation accelerating,Hotels,hotels,40,active
Inflation,Wage inflation accelerating,Transportation,transportation,50,active
Inflation,Wage inflation accelerating,Business Services,business_services,60,active
Inflation,Wage inflation accelerating,Construction,infrastructure_engineering,70,active
Inflation,Wage inflation accelerating,Logistics,logistics,80,active
Inflation,Wage inflation accelerating,Industrial Services,industrial_services,90,active
Inflation,Wage inflation accelerating,Consumer Services,hospitality,100,active
Inflation,Inflation expectations rising,Commercial Banking,commercial_banking,10,active
Inflation,Inflation expectations rising,Insurance,insurance,20,active
Inflation,Inflation expectations rising,Investment Management,investment_management,30,active
Inflation,Inflation expectations rising,Retail,retail,40,active
Inflation,Inflation expectations rising,Consumer Finance,consumer_finance,50,active
Inflation,Inflation expectations rising,Homebuilding,homebuilding,60,active
Inflation,Inflation expectations rising,Energy Services,energy_services,70,active
Inflation,Inflation expectations rising,Utilities,utilities,80,active
Inflation,Inflation expectations rising,Real Estate,real_estate_services,90,active
Inflation,Inflation expectations rising,Consumer Goods,consumer_goods,100,active
Inflation,Disinflation emerging,Consumer Goods,consumer_goods,10,active
Inflation,Disinflation emerging,Retail,retail,20,active
Inflation,Disinflation emerging,Airlines,airlines,30,active
Inflation,Disinflation emerging,Homebuilding,homebuilding,40,active
Inflation,Disinflation emerging,Construction,infrastructure_engineering,50,active
Inflation,Disinflation emerging,Commercial Banking,commercial_banking,60,active
Inflation,Disinflation emerging,Consumer Finance,consumer_finance,70,active
Inflation,Disinflation emerging,Restaurants,restaurants,80,active
Inflation,Disinflation emerging,Industrial Equipment,industrial_equipment,90,active
Inflation,Disinflation emerging,Real Estate,real_estate_services,100,active
Interest Rates,Policy rates rising,Commercial Banking,commercial_banking,10,active
Interest Rates,Policy rates rising,Retail Banking,retail_banking,20,active
Interest Rates,Policy rates rising,Mortgage Services,mortgage_services,30,active
Interest Rates,Policy rates rising,Consumer Finance,consumer_finance,40,active
Interest Rates,Policy rates rising,Life Insurance,life_insurance,50,active
Interest Rates,Policy rates rising,Investment Management,investment_management,60,active
Interest Rates,Policy rates rising,Real Estate,real_estate_services,70,active
Interest Rates,Policy rates rising,Homebuilding,homebuilding,80,active
Interest Rates,Policy rates rising,Construction,infrastructure_engineering,90,active
Interest Rates,Policy rates rising,Payment Networks,payment_networks,100,active
Interest Rates,Policy rates falling,Mortgage Services,mortgage_services,10,active
Interest Rates,Policy rates falling,Consumer Finance,consumer_finance,20,active
Interest Rates,Policy rates falling,Homebuilding,homebuilding,30,active
Interest Rates,Policy rates falling,Real Estate,real_estate_services,40,active
Interest Rates,Policy rates falling,Construction,infrastructure_engineering,50,active
Interest Rates,Policy rates falling,Retail,retail,60,active
Interest Rates,Policy rates falling,Investment Management,investment_management,70,active
Interest Rates,Policy rates falling,Commercial Banking,commercial_banking,80,active
Interest Rates,Policy rates falling,Automotive Services,automotive_services,90,active
Interest Rates,Policy rates falling,Payment Networks,payment_networks,100,active
Interest Rates,Bond yields rising,Commercial Banking,commercial_banking,10,active
Interest Rates,Bond yields rising,Life Insurance,life_insurance,20,active
Interest Rates,Bond yields rising,Investment Management,investment_management,30,active
Interest Rates,Bond yields rising,Real Estate,real_estate_services,40,active
Interest Rates,Bond yields rising,Utilities,utilities,50,active
Interest Rates,Bond yields rising,Infrastructure Investment,infrastructure_investment,60,active
Interest Rates,Bond yields rising,Homebuilding,homebuilding,70,active
Interest Rates,Bond yields rising,Consumer Finance,consumer_finance,80,active
Interest Rates,Bond yields rising,Telecommunications,telecommunications,90,active
Interest Rates,Bond yields rising,Construction,infrastructure_engineering,100,active
Interest Rates,Bond yields falling,Real Estate,real_estate_services,10,active
Interest Rates,Bond yields falling,Homebuilding,homebuilding,20,active
Interest Rates,Bond yields falling,Utilities,utilities,30,active
Interest Rates,Bond yields falling,Infrastructure Investment,infrastructure_investment,40,active
Interest Rates,Bond yields falling,Telecommunications,telecommunications,50,active
Interest Rates,Bond yields falling,Consumer Finance,consumer_finance,60,active
Interest Rates,Bond yields falling,Investment Management,investment_management,70,active
Interest Rates,Bond yields falling,Commercial Banking,commercial_banking,80,active
Interest Rates,Bond yields falling,Construction,infrastructure_engineering,90,active
Interest Rates,Bond yields falling,Renewable Energy,renewable_energy,100,active
Interest Rates,Yield curve steepening,Commercial Banking,commercial_banking,10,active
Interest Rates,Yield curve steepening,Life Insurance,life_insurance,20,active
Interest Rates,Yield curve steepening,Investment Management,investment_management,30,active
Interest Rates,Yield curve steepening,Mortgage Services,mortgage_services,40,active
Interest Rates,Yield curve steepening,Real Estate,real_estate_services,50,active
Interest Rates,Yield curve steepening,Consumer Finance,consumer_finance,60,active
Interest Rates,Yield curve steepening,Investment Banking,investment_banking,70,active
Interest Rates,Yield curve steepening,Capital Markets,capital_markets,80,active
Interest Rates,Yield curve steepening,Homebuilding,homebuilding,90,active
Interest Rates,Yield curve steepening,Insurance,insurance,100,active
Interest Rates,Yield curve flattening,Commercial Banking,commercial_banking,10,active
Interest Rates,Yield curve flattening,Life Insurance,life_insurance,20,active
Interest Rates,Yield curve flattening,Investment Management,investment_management,30,active
Interest Rates,Yield curve flattening,Mortgage Services,mortgage_services,40,active
Interest Rates,Yield curve flattening,Real Estate,real_estate_services,50,active
Interest Rates,Yield curve flattening,Consumer Finance,consumer_finance,60,active
Interest Rates,Yield curve flattening,Investment Banking,investment_banking,70,active
Interest Rates,Yield curve flattening,Capital Markets,capital_markets,80,active
Interest Rates,Yield curve flattening,Homebuilding,homebuilding,90,active
Interest Rates,Yield curve flattening,Insurance,insurance,100,active
Interest Rates,Corporate borrowing increasing,Commercial Banking,commercial_banking,10,active
Interest Rates,Corporate borrowing increasing,Investment Banking,investment_banking,20,active
Interest Rates,Corporate borrowing increasing,Private Credit,private_credit,30,active
Interest Rates,Corporate borrowing increasing,Capital Markets,capital_markets,40,active
Interest Rates,Corporate borrowing increasing,Industrial Equipment,industrial_equipment,50,active
Interest Rates,Corporate borrowing increasing,Construction,infrastructure_engineering,60,active
Interest Rates,Corporate borrowing increasing,Real Estate Development,real_estate_development,70,active
Interest Rates,Corporate borrowing increasing,Business Services,business_services,80,active
Interest Rates,Corporate borrowing increasing,Technology Services,it_services,90,active
Interest Rates,Corporate borrowing increasing,Energy Infrastructure,energy_infrastructure,100,active
Interest Rates,Corporate borrowing weakening,Commercial Banking,commercial_banking,10,active
Interest Rates,Corporate borrowing weakening,Investment Banking,investment_banking,20,active
Interest Rates,Corporate borrowing weakening,Private Credit,private_credit,30,active
Interest Rates,Corporate borrowing weakening,Capital Markets,capital_markets,40,active
Interest Rates,Corporate borrowing weakening,Industrial Equipment,industrial_equipment,50,active
Interest Rates,Corporate borrowing weakening,Construction,infrastructure_engineering,60,active
Interest Rates,Corporate borrowing weakening,Real Estate Development,real_estate_development,70,active
Interest Rates,Corporate borrowing weakening,Business Services,business_services,80,active
Interest Rates,Corporate borrowing weakening,Technology Services,it_services,90,active
Interest Rates,Corporate borrowing weakening,Energy Infrastructure,energy_infrastructure,100,active
Interest Rates,Mortgage activity strengthening,Mortgage Services,mortgage_services,10,active
Interest Rates,Mortgage activity strengthening,Commercial Banking,commercial_banking,20,active
Interest Rates,Mortgage activity strengthening,Homebuilding,homebuilding,30,active
Interest Rates,Mortgage activity strengthening,Residential Real Estate,residential_real_estate,40,active
Interest Rates,Mortgage activity strengthening,Construction Materials,construction_materials,50,active
Interest Rates,Mortgage activity strengthening,Insurance,insurance,60,active
Interest Rates,Mortgage activity strengthening,Home Improvement,home_improvement,70,active
Interest Rates,Mortgage activity strengthening,Utilities,utilities,80,active
Interest Rates,Mortgage activity strengthening,Real Estate Services,real_estate_services,90,active
Interest Rates,Mortgage activity strengthening,Consumer Finance,consumer_finance,100,active
Interest Rates,Mortgage activity slowing,Mortgage Services,mortgage_services,10,active
Interest Rates,Mortgage activity slowing,Commercial Banking,commercial_banking,20,active
Interest Rates,Mortgage activity slowing,Homebuilding,homebuilding,30,active
Interest Rates,Mortgage activity slowing,Residential Real Estate,residential_real_estate,40,active
Interest Rates,Mortgage activity slowing,Construction Materials,construction_materials,50,active
Interest Rates,Mortgage activity slowing,Insurance,insurance,60,active
Interest Rates,Mortgage activity slowing,Home Improvement,home_improvement,70,active
Interest Rates,Mortgage activity slowing,Utilities,utilities,80,active
Interest Rates,Mortgage activity slowing,Real Estate Services,real_estate_services,90,active
Interest Rates,Mortgage activity slowing,Consumer Finance,consumer_finance,100,active
Labour Markets,Employment strengthening,Staffing Services,human_capital_services,10,active
Labour Markets,Employment strengthening,Business Services,business_services,20,active
Labour Markets,Employment strengthening,Retail,retail,30,active
Labour Markets,Employment strengthening,Restaurants,restaurants,40,active
Labour Markets,Employment strengthening,Construction,infrastructure_engineering,50,active
Labour Markets,Employment strengthening,Healthcare Services,healthcare_services,60,active
Labour Markets,Employment strengthening,Hotels,hotels,70,active
Labour Markets,Employment strengthening,Transportation,transportation,80,active
Labour Markets,Employment strengthening,Consumer Goods,consumer_goods,90,active
Labour Markets,Employment strengthening,Commercial Banking,commercial_banking,100,active
Labour Markets,Employment weakening,Staffing Services,human_capital_services,10,active
Labour Markets,Employment weakening,Business Services,business_services,20,active
Labour Markets,Employment weakening,Retail,retail,30,active
Labour Markets,Employment weakening,Restaurants,restaurants,40,active
Labour Markets,Employment weakening,Construction,infrastructure_engineering,50,active
Labour Markets,Employment weakening,Hotels,hotels,60,active
Labour Markets,Employment weakening,Transportation,transportation,70,active
Labour Markets,Employment weakening,Consumer Finance,consumer_finance,80,active
Labour Markets,Employment weakening,Commercial Banking,commercial_banking,90,active
Labour Markets,Employment weakening,Real Estate,real_estate_services,100,active
Labour Markets,Labour shortages,Industrial Automation,industrial_automation,10,active
Labour Markets,Labour shortages,Robotics,robotics,20,active
Labour Markets,Labour shortages,Staffing Services,human_capital_services,30,active
Labour Markets,Labour shortages,Hr Services,hr_services,40,active
Labour Markets,Labour shortages,Workflow Automation,workflow_automation,50,active
Labour Markets,Labour shortages,Restaurants,restaurants,60,active
Labour Markets,Labour shortages,Construction,infrastructure_engineering,70,active
Labour Markets,Labour shortages,Healthcare Services,healthcare_services,80,active
Labour Markets,Labour shortages,Logistics,logistics,90,active
Labour Markets,Labour shortages,Agriculture,agriculture,100,active
Labour Markets,Labour market softening,Staffing Services,human_capital_services,10,active
Labour Markets,Labour market softening,Hr Services,hr_services,20,active
Labour Markets,Labour market softening,Business Services,business_services,30,active
Labour Markets,Labour market softening,Retail,retail,40,active
Labour Markets,Labour market softening,Restaurants,restaurants,50,active
Labour Markets,Labour market softening,Construction,infrastructure_engineering,60,active
Labour Markets,Labour market softening,Transportation,transportation,70,active
Labour Markets,Labour market softening,Consumer Finance,consumer_finance,80,active
Labour Markets,Labour market softening,Commercial Banking,commercial_banking,90,active
Labour Markets,Labour market softening,Real Estate,real_estate_services,100,active
Labour Markets,Wage growth accelerating,Restaurants,restaurants,10,active
Labour Markets,Wage growth accelerating,Retail,retail,20,active
Labour Markets,Wage growth accelerating,Healthcare Services,healthcare_services,30,active
Labour Markets,Wage growth accelerating,Hotels,hotels,40,active
Labour Markets,Wage growth accelerating,Transportation,transportation,50,active
Labour Markets,Wage growth accelerating,Construction,infrastructure_engineering,60,active
Labour Markets,Wage growth accelerating,Business Services,business_services,70,active
Labour Markets,Wage growth accelerating,Logistics,logistics,80,active
Labour Markets,Wage growth accelerating,Consumer Services,hospitality,90,active
Labour Markets,Wage growth accelerating,Industrial Services,industrial_services,100,active
Labour Markets,Wage growth slowing,Restaurants,restaurants,10,active
Labour Markets,Wage growth slowing,Retail,retail,20,active
Labour Markets,Wage growth slowing,Healthcare Services,healthcare_services,30,active
Labour Markets,Wage growth slowing,Hotels,hotels,40,active
Labour Markets,Wage growth slowing,Transportation,transportation,50,active
Labour Markets,Wage growth slowing,Construction,infrastructure_engineering,60,active
Labour Markets,Wage growth slowing,Business Services,business_services,70,active
Labour Markets,Wage growth slowing,Logistics,logistics,80,active
Labour Markets,Wage growth slowing,Consumer Services,hospitality,90,active
Labour Markets,Wage growth slowing,Industrial Services,industrial_services,100,active
Labour Markets,Hiring demand increasing,Staffing Services,human_capital_services,10,active
Labour Markets,Hiring demand increasing,Hr Services,hr_services,20,active
Labour Markets,Hiring demand increasing,Payroll,payroll,30,active
Labour Markets,Hiring demand increasing,Business Services,business_services,40,active
Labour Markets,Hiring demand increasing,Professional Services,business_services,50,active
Labour Markets,Hiring demand increasing,Cloud Services,cloud_services,60,active
Labour Markets,Hiring demand increasing,Enterprise Software,enterprise_software,70,active
Labour Markets,Hiring demand increasing,Commercial Real Estate,commercial_real_estate,80,active
Labour Markets,Hiring demand increasing,Consumer Services,hospitality,90,active
Labour Markets,Hiring demand increasing,Training Services,education_services,100,active
Labour Markets,Hiring demand weakening,Staffing Services,human_capital_services,10,active
Labour Markets,Hiring demand weakening,Hr Services,hr_services,20,active
Labour Markets,Hiring demand weakening,Payroll,payroll,30,active
Labour Markets,Hiring demand weakening,Business Services,business_services,40,active
Labour Markets,Hiring demand weakening,Professional Services,business_services,50,active
Labour Markets,Hiring demand weakening,Commercial Real Estate,commercial_real_estate,60,active
Labour Markets,Hiring demand weakening,Consumer Services,hospitality,70,active
Labour Markets,Hiring demand weakening,Training Services,education_services,80,active
Labour Markets,Hiring demand weakening,Retail,retail,90,active
Labour Markets,Hiring demand weakening,Restaurants,restaurants,100,active
Labour Markets,Participation improving,Staffing Services,human_capital_services,10,active
Labour Markets,Participation improving,Hr Services,hr_services,20,active
Labour Markets,Participation improving,Payroll,payroll,30,active
Labour Markets,Participation improving,Retail,retail,40,active
Labour Markets,Participation improving,Restaurants,restaurants,50,active
Labour Markets,Participation improving,Consumer Goods,consumer_goods,60,active
Labour Markets,Participation improving,Transportation,transportation,70,active
Labour Markets,Participation improving,Construction,infrastructure_engineering,80,active
Labour Markets,Participation improving,Business Services,business_services,90,active
Labour Markets,Participation improving,Commercial Banking,commercial_banking,100,active
Labour Markets,Layoffs increasing,Staffing Services,human_capital_services,10,active
Labour Markets,Layoffs increasing,Hr Services,hr_services,20,active
Labour Markets,Layoffs increasing,Business Services,business_services,30,active
Labour Markets,Layoffs increasing,Commercial Real Estate,commercial_real_estate,40,active
Labour Markets,Layoffs increasing,Consumer Finance,consumer_finance,50,active
Labour Markets,Layoffs increasing,Retail,retail,60,active
Labour Markets,Layoffs increasing,Restaurants,restaurants,70,active
Labour Markets,Layoffs increasing,Digital Advertising,digital_advertising,80,active
Labour Markets,Layoffs increasing,Travel Services,travel_services,90,active
Labour Markets,Layoffs increasing,Commercial Banking,commercial_banking,100,active
Financial Conditions,Credit conditions easing,Commercial Banking,commercial_banking,10,active
Financial Conditions,Credit conditions easing,Consumer Finance,consumer_finance,20,active
Financial Conditions,Credit conditions easing,Mortgage Services,mortgage_services,30,active
Financial Conditions,Credit conditions easing,Private Credit,private_credit,40,active
Financial Conditions,Credit conditions easing,Homebuilding,homebuilding,50,active
Financial Conditions,Credit conditions easing,Real Estate,real_estate_services,60,active
Financial Conditions,Credit conditions easing,Retail,retail,70,active
Financial Conditions,Credit conditions easing,Industrial Equipment,industrial_equipment,80,active
Financial Conditions,Credit conditions easing,Construction,infrastructure_engineering,90,active
Financial Conditions,Credit conditions easing,Investment Management,investment_management,100,active
Financial Conditions,Credit conditions tightening,Commercial Banking,commercial_banking,10,active
Financial Conditions,Credit conditions tightening,Consumer Finance,consumer_finance,20,active
Financial Conditions,Credit conditions tightening,Mortgage Services,mortgage_services,30,active
Financial Conditions,Credit conditions tightening,Private Credit,private_credit,40,active
Financial Conditions,Credit conditions tightening,Commercial Real Estate,commercial_real_estate,50,active
Financial Conditions,Credit conditions tightening,Retail,retail,60,active
Financial Conditions,Credit conditions tightening,Construction,infrastructure_engineering,70,active
Financial Conditions,Credit conditions tightening,Industrial Equipment,industrial_equipment,80,active
Financial Conditions,Credit conditions tightening,Investment Management,investment_management,90,active
Financial Conditions,Credit conditions tightening,Insurance,insurance,100,active
Financial Conditions,Bank lending accelerating,Commercial Banking,commercial_banking,10,active
Financial Conditions,Bank lending accelerating,Retail Banking,retail_banking,20,active
Financial Conditions,Bank lending accelerating,Consumer Finance,consumer_finance,30,active
Financial Conditions,Bank lending accelerating,Mortgage Services,mortgage_services,40,active
Financial Conditions,Bank lending accelerating,Homebuilding,homebuilding,50,active
Financial Conditions,Bank lending accelerating,Commercial Real Estate,commercial_real_estate,60,active
Financial Conditions,Bank lending accelerating,Industrial Equipment,industrial_equipment,70,active
Financial Conditions,Bank lending accelerating,Retail,retail,80,active
Financial Conditions,Bank lending accelerating,Payment Networks,payment_networks,90,active
Financial Conditions,Bank lending accelerating,Insurance,insurance,100,active
Financial Conditions,Bank lending slowing,Commercial Banking,commercial_banking,10,active
Financial Conditions,Bank lending slowing,Retail Banking,retail_banking,20,active
Financial Conditions,Bank lending slowing,Consumer Finance,consumer_finance,30,active
Financial Conditions,Bank lending slowing,Mortgage Services,mortgage_services,40,active
Financial Conditions,Bank lending slowing,Homebuilding,homebuilding,50,active
Financial Conditions,Bank lending slowing,Commercial Real Estate,commercial_real_estate,60,active
Financial Conditions,Bank lending slowing,Industrial Equipment,industrial_equipment,70,active
Financial Conditions,Bank lending slowing,Retail,retail,80,active
Financial Conditions,Bank lending slowing,Payment Networks,payment_networks,90,active
Financial Conditions,Bank lending slowing,Insurance,insurance,100,active
Financial Conditions,Corporate spreads widening,Private Credit,private_credit,10,active
Financial Conditions,Corporate spreads widening,Commercial Banking,commercial_banking,20,active
Financial Conditions,Corporate spreads widening,Investment Management,investment_management,30,active
Financial Conditions,Corporate spreads widening,Insurance,insurance,40,active
Financial Conditions,Corporate spreads widening,Capital Markets,capital_markets,50,active
Financial Conditions,Corporate spreads widening,Commercial Real Estate,commercial_real_estate,60,active
Financial Conditions,Corporate spreads widening,Industrial Equipment,industrial_equipment,70,active
Financial Conditions,Corporate spreads widening,Energy Services,energy_services,80,active
Financial Conditions,Corporate spreads widening,Retail,retail,90,active
Financial Conditions,Corporate spreads widening,Transportation,transportation,100,active
Financial Conditions,Corporate spreads narrowing,Private Credit,private_credit,10,active
Financial Conditions,Corporate spreads narrowing,Commercial Banking,commercial_banking,20,active
Financial Conditions,Corporate spreads narrowing,Investment Management,investment_management,30,active
Financial Conditions,Corporate spreads narrowing,Insurance,insurance,40,active
Financial Conditions,Corporate spreads narrowing,Capital Markets,capital_markets,50,active
Financial Conditions,Corporate spreads narrowing,Commercial Real Estate,commercial_real_estate,60,active
Financial Conditions,Corporate spreads narrowing,Industrial Equipment,industrial_equipment,70,active
Financial Conditions,Corporate spreads narrowing,Energy Services,energy_services,80,active
Financial Conditions,Corporate spreads narrowing,Retail,retail,90,active
Financial Conditions,Corporate spreads narrowing,Transportation,transportation,100,active
Financial Conditions,Liquidity improving,Commercial Banking,commercial_banking,10,active
Financial Conditions,Liquidity improving,Investment Banking,investment_banking,20,active
Financial Conditions,Liquidity improving,Exchange Operations,exchange_operations,30,active
Financial Conditions,Liquidity improving,Investment Management,investment_management,40,active
Financial Conditions,Liquidity improving,Brokerage,brokerage,50,active
Financial Conditions,Liquidity improving,Market Data,market_data,60,active
Financial Conditions,Liquidity improving,Payment Networks,payment_networks,70,active
Financial Conditions,Liquidity improving,Fintech,fintech,80,active
Financial Conditions,Liquidity improving,Real Estate,real_estate_services,90,active
Financial Conditions,Liquidity improving,Capital Markets,capital_markets,100,active
Financial Conditions,Liquidity deteriorating,Commercial Banking,commercial_banking,10,active
Financial Conditions,Liquidity deteriorating,Investment Banking,investment_banking,20,active
Financial Conditions,Liquidity deteriorating,Exchange Operations,exchange_operations,30,active
Financial Conditions,Liquidity deteriorating,Investment Management,investment_management,40,active
Financial Conditions,Liquidity deteriorating,Brokerage,brokerage,50,active
Financial Conditions,Liquidity deteriorating,Market Data,market_data,60,active
Financial Conditions,Liquidity deteriorating,Payment Networks,payment_networks,70,active
Financial Conditions,Liquidity deteriorating,Fintech,fintech,80,active
Financial Conditions,Liquidity deteriorating,Real Estate,real_estate_services,90,active
Financial Conditions,Liquidity deteriorating,Capital Markets,capital_markets,100,active
Financial Conditions,Financial stress increasing,Commercial Banking,commercial_banking,10,active
Financial Conditions,Financial stress increasing,Insurance,insurance,20,active
Financial Conditions,Financial stress increasing,Investment Management,investment_management,30,active
Financial Conditions,Financial stress increasing,Private Credit,private_credit,40,active
Financial Conditions,Financial stress increasing,Commercial Real Estate,commercial_real_estate,50,active
Financial Conditions,Financial stress increasing,Consumer Finance,consumer_finance,60,active
Financial Conditions,Financial stress increasing,Payment Networks,payment_networks,70,active
Financial Conditions,Financial stress increasing,Fintech,fintech,80,active
Financial Conditions,Financial stress increasing,Capital Markets,capital_markets,90,active
Financial Conditions,Financial stress increasing,Market Data,market_data,100,active
Financial Conditions,Financial stress easing,Commercial Banking,commercial_banking,10,active
Financial Conditions,Financial stress easing,Insurance,insurance,20,active
Financial Conditions,Financial stress easing,Investment Management,investment_management,30,active
Financial Conditions,Financial stress easing,Private Credit,private_credit,40,active
Financial Conditions,Financial stress easing,Commercial Real Estate,commercial_real_estate,50,active
Financial Conditions,Financial stress easing,Consumer Finance,consumer_finance,60,active
Financial Conditions,Financial stress easing,Payment Networks,payment_networks,70,active
Financial Conditions,Financial stress easing,Fintech,fintech,80,active
Financial Conditions,Financial stress easing,Capital Markets,capital_markets,90,active
Financial Conditions,Financial stress easing,Market Data,market_data,100,active
Currencies,Domestic currency strengthening,Distribution,distribution,10,active
Currencies,Domestic currency strengthening,Retail,retail,20,active
Currencies,Domestic currency strengthening,Airlines,airlines,30,active
Currencies,Domestic currency strengthening,Travel Services,travel_services,40,active
Currencies,Domestic currency strengthening,Industrial Equipment,industrial_equipment,50,active
Currencies,Domestic currency strengthening,Consumer Electronics,consumer_electronics,60,active
Currencies,Domestic currency strengthening,Automotive Parts,automotive_parts,70,active
Currencies,Domestic currency strengthening,Commercial Banking,commercial_banking,80,active
Currencies,Domestic currency strengthening,Food Distribution,food_distribution,90,active
Currencies,Domestic currency strengthening,Technology Distribution,technology_distribution,100,active
Currencies,Domestic currency weakening,Industrial Manufacturing,industrial_processing,10,active
Currencies,Domestic currency weakening,Mining,mining,20,active
Currencies,Domestic currency weakening,Agriculture,agriculture,30,active
Currencies,Domestic currency weakening,Hotels,hotels,40,active
Currencies,Domestic currency weakening,Travel Services,travel_services,50,active
Currencies,Domestic currency weakening,Industrial Equipment,industrial_equipment,60,active
Currencies,Domestic currency weakening,Consumer Goods,consumer_goods,70,active
Currencies,Domestic currency weakening,Energy Services,energy_services,80,active
Currencies,Domestic currency weakening,Commercial Banking,commercial_banking,90,active
Currencies,Domestic currency weakening,Technology Services,it_services,100,active
Currencies,Dollar strengthening,Global Equities,global_equities,10,active
Currencies,Dollar strengthening,Commodity Trading,commodity_trading,20,active
Currencies,Dollar strengthening,Mining,mining,30,active
Currencies,Dollar strengthening,Energy Services,energy_services,40,active
Currencies,Dollar strengthening,Emerging Markets,global_equities,50,active
Currencies,Dollar strengthening,Technology Services,it_services,60,active
Currencies,Dollar strengthening,Industrial Manufacturing,industrial_processing,70,active
Currencies,Dollar strengthening,Travel Services,travel_services,80,active
Currencies,Dollar strengthening,Commercial Banking,commercial_banking,90,active
Currencies,Dollar strengthening,Consumer Goods,consumer_goods,100,active
Currencies,Dollar weakening,Global Equities,global_equities,10,active
Currencies,Dollar weakening,Commodity Trading,commodity_trading,20,active
Currencies,Dollar weakening,Mining,mining,30,active
Currencies,Dollar weakening,Energy Services,energy_services,40,active
Currencies,Dollar weakening,Emerging Markets,global_equities,50,active
Currencies,Dollar weakening,Technology Services,it_services,60,active
Currencies,Dollar weakening,Industrial Manufacturing,industrial_processing,70,active
Currencies,Dollar weakening,Travel Services,travel_services,80,active
Currencies,Dollar weakening,Commercial Banking,commercial_banking,90,active
Currencies,Dollar weakening,Consumer Goods,consumer_goods,100,active
Currencies,Currency volatility increasing,Commercial Banking,commercial_banking,10,active
Currencies,Currency volatility increasing,Investment Banking,investment_banking,20,active
Currencies,Currency volatility increasing,Payment Networks,payment_networks,30,active
Currencies,Currency volatility increasing,Travel Services,travel_services,40,active
Currencies,Currency volatility increasing,Airlines,airlines,50,active
Currencies,Currency volatility increasing,Commodity Trading,commodity_trading,60,active
Currencies,Currency volatility increasing,Global Equities,global_equities,70,active
Currencies,Currency volatility increasing,Insurance,insurance,80,active
Currencies,Currency volatility increasing,Fintech,fintech,90,active
Currencies,Currency volatility increasing,Market Data,market_data,100,active
Currencies,Currency volatility declining,Commercial Banking,commercial_banking,10,active
Currencies,Currency volatility declining,Investment Banking,investment_banking,20,active
Currencies,Currency volatility declining,Payment Networks,payment_networks,30,active
Currencies,Currency volatility declining,Travel Services,travel_services,40,active
Currencies,Currency volatility declining,Airlines,airlines,50,active
Currencies,Currency volatility declining,Commodity Trading,commodity_trading,60,active
Currencies,Currency volatility declining,Global Equities,global_equities,70,active
Currencies,Currency volatility declining,Insurance,insurance,80,active
Currencies,Currency volatility declining,Fintech,fintech,90,active
Currencies,Currency volatility declining,Market Data,market_data,100,active
Currencies,Export competitiveness improving,Industrial Manufacturing,industrial_processing,10,active
Currencies,Export competitiveness improving,Agriculture,agriculture,20,active
Currencies,Export competitiveness improving,Mining,mining,30,active
Currencies,Export competitiveness improving,Technology Services,it_services,40,active
Currencies,Export competitiveness improving,Consumer Goods,consumer_goods,50,active
Currencies,Export competitiveness improving,Automotive Parts,automotive_parts,60,active
Currencies,Export competitiveness improving,Aerospace,aerospace,70,active
Currencies,Export competitiveness improving,Food Production,food_manufacturing,80,active
Currencies,Export competitiveness improving,Shipping,freight_transport,90,active
Currencies,Export competitiveness improving,Logistics,logistics,100,active
Currencies,Import costs increasing,Retail,retail,10,active
Currencies,Import costs increasing,Consumer Electronics,consumer_electronics,20,active
Currencies,Import costs increasing,Automotive Parts,automotive_parts,30,active
Currencies,Import costs increasing,Industrial Equipment,industrial_equipment,40,active
Currencies,Import costs increasing,Food Distribution,food_distribution,50,active
Currencies,Import costs increasing,Industrial Chemicals,industrial_chemicals,60,active
Currencies,Import costs increasing,Technology Distribution,technology_distribution,70,active
Currencies,Import costs increasing,Airlines,airlines,80,active
Currencies,Import costs increasing,Construction Materials,construction_materials,90,active
Currencies,Import costs increasing,Consumer Goods,consumer_goods,100,active
Currencies,Import costs falling,Retail,retail,10,active
Currencies,Import costs falling,Consumer Electronics,consumer_electronics,20,active
Currencies,Import costs falling,Automotive Parts,automotive_parts,30,active
Currencies,Import costs falling,Industrial Equipment,industrial_equipment,40,active
Currencies,Import costs falling,Food Distribution,food_distribution,50,active
Currencies,Import costs falling,Industrial Chemicals,industrial_chemicals,60,active
Currencies,Import costs falling,Technology Distribution,technology_distribution,70,active
Currencies,Import costs falling,Airlines,airlines,80,active
Currencies,Import costs falling,Construction Materials,construction_materials,90,active
Currencies,Import costs falling,Consumer Goods,consumer_goods,100,active
Currencies,Cross-border earnings translation changing,Global Equities,global_equities,10,active
Currencies,Cross-border earnings translation changing,Technology Services,it_services,20,active
Currencies,Cross-border earnings translation changing,Consumer Goods,consumer_goods,30,active
Currencies,Cross-border earnings translation changing,Pharmaceuticals,pharmaceuticals,40,active
Currencies,Cross-border earnings translation changing,Industrial Manufacturing,industrial_processing,50,active
Currencies,Cross-border earnings translation changing,Media Entertainment,media_entertainment,60,active
Currencies,Cross-border earnings translation changing,Commercial Banking,commercial_banking,70,active
Currencies,Cross-border earnings translation changing,Luxury Goods,luxury_goods,80,active
Currencies,Cross-border earnings translation changing,Travel Services,travel_services,90,active
Currencies,Cross-border earnings translation changing,Automotive Parts,automotive_parts,100,active
Commodity Markets,Energy prices rising,Airlines,airlines,10,active
Commodity Markets,Energy prices rising,Road Freight,road_freight,20,active
Commodity Markets,Energy prices rising,Shipping,freight_transport,30,active
Commodity Markets,Energy prices rising,Industrial Chemicals,industrial_chemicals,40,active
Commodity Markets,Energy prices rising,Mining,mining,50,active
Commodity Markets,Energy prices rising,Agriculture,agriculture,60,active
Commodity Markets,Energy prices rising,Utilities,utilities,70,active
Commodity Markets,Energy prices rising,Consumer Goods,consumer_goods,80,active
Commodity Markets,Energy prices rising,Construction Materials,construction_materials,90,active
Commodity Markets,Energy prices rising,Logistics,logistics,100,active
Commodity Markets,Energy prices falling,Airlines,airlines,10,active
Commodity Markets,Energy prices falling,Road Freight,road_freight,20,active
Commodity Markets,Energy prices falling,Shipping,freight_transport,30,active
Commodity Markets,Energy prices falling,Retail,retail,40,active
Commodity Markets,Energy prices falling,Travel Services,travel_services,50,active
Commodity Markets,Energy prices falling,Industrial Chemicals,industrial_chemicals,60,active
Commodity Markets,Energy prices falling,Construction,infrastructure_engineering,70,active
Commodity Markets,Energy prices falling,Agriculture,agriculture,80,active
Commodity Markets,Energy prices falling,Consumer Goods,consumer_goods,90,active
Commodity Markets,Energy prices falling,Logistics,logistics,100,active
Commodity Markets,Industrial metals prices rising,Construction,infrastructure_engineering,10,active
Commodity Markets,Industrial metals prices rising,Industrial Equipment,industrial_equipment,20,active
Commodity Markets,Industrial metals prices rising,Automotive Parts,automotive_parts,30,active
Commodity Markets,Industrial metals prices rising,Electrical Equipment,electrical_equipment,40,active
Commodity Markets,Industrial metals prices rising,Utilities,utilities,50,active
Commodity Markets,Industrial metals prices rising,Renewable Energy,renewable_energy,60,active
Commodity Markets,Industrial metals prices rising,Consumer Electronics,consumer_electronics,70,active
Commodity Markets,Industrial metals prices rising,Aerospace,aerospace,80,active
Commodity Markets,Industrial metals prices rising,Packaging,packaging,90,active
Commodity Markets,Industrial metals prices rising,Engineering Services,engineering_services,100,active
Commodity Markets,Industrial metals prices falling,Construction,infrastructure_engineering,10,active
Commodity Markets,Industrial metals prices falling,Industrial Equipment,industrial_equipment,20,active
Commodity Markets,Industrial metals prices falling,Automotive Parts,automotive_parts,30,active
Commodity Markets,Industrial metals prices falling,Electrical Equipment,electrical_equipment,40,active
Commodity Markets,Industrial metals prices falling,Utilities,utilities,50,active
Commodity Markets,Industrial metals prices falling,Renewable Energy,renewable_energy,60,active
Commodity Markets,Industrial metals prices falling,Consumer Electronics,consumer_electronics,70,active
Commodity Markets,Industrial metals prices falling,Aerospace,aerospace,80,active
Commodity Markets,Industrial metals prices falling,Packaging,packaging,90,active
Commodity Markets,Industrial metals prices falling,Engineering Services,engineering_services,100,active
Commodity Markets,Agricultural commodity prices rising,Food Production,food_manufacturing,10,active
Commodity Markets,Agricultural commodity prices rising,Restaurants,restaurants,20,active
Commodity Markets,Agricultural commodity prices rising,Retail,retail,30,active
Commodity Markets,Agricultural commodity prices rising,Consumer Food,consumer_food,40,active
Commodity Markets,Agricultural commodity prices rising,Packaging,packaging,50,active
Commodity Markets,Agricultural commodity prices rising,Logistics,logistics,60,active
Commodity Markets,Agricultural commodity prices rising,Agriculture,agriculture,70,active
Commodity Markets,Agricultural commodity prices rising,Commodity Trading,commodity_trading,80,active
Commodity Markets,Agricultural commodity prices rising,Veterinary Health,veterinary_health,90,active
Commodity Markets,Agricultural commodity prices rising,Food Distribution,food_distribution,100,active
Commodity Markets,Agricultural commodity prices falling,Food Production,food_manufacturing,10,active
Commodity Markets,Agricultural commodity prices falling,Restaurants,restaurants,20,active
Commodity Markets,Agricultural commodity prices falling,Retail,retail,30,active
Commodity Markets,Agricultural commodity prices falling,Consumer Food,consumer_food,40,active
Commodity Markets,Agricultural commodity prices falling,Packaging,packaging,50,active
Commodity Markets,Agricultural commodity prices falling,Logistics,logistics,60,active
Commodity Markets,Agricultural commodity prices falling,Agriculture,agriculture,70,active
Commodity Markets,Agricultural commodity prices falling,Commodity Trading,commodity_trading,80,active
Commodity Markets,Agricultural commodity prices falling,Veterinary Health,veterinary_health,90,active
Commodity Markets,Agricultural commodity prices falling,Food Distribution,food_distribution,100,active
Commodity Markets,Precious metals demand increasing,Gold Mining,gold_mining,10,active
Commodity Markets,Precious metals demand increasing,Silver Mining,silver_mining,20,active
Commodity Markets,Precious metals demand increasing,Precious Metals,precious_metals,30,active
Commodity Markets,Precious metals demand increasing,Jewellery,jewellery,40,active
Commodity Markets,Precious metals demand increasing,Investment Management,investment_management,50,active
Commodity Markets,Precious metals demand increasing,Commodity Trading,commodity_trading,60,active
Commodity Markets,Precious metals demand increasing,Electronics Materials,electronics_materials,70,active
Commodity Markets,Precious metals demand increasing,Mining Equipment,mining_equipment,80,active
Commodity Markets,Precious metals demand increasing,Insurance,insurance,90,active
Commodity Markets,Precious metals demand increasing,Financial Services,financial_services,100,active
Commodity Markets,Critical minerals demand increasing,Critical Minerals,critical_minerals,10,active
Commodity Markets,Critical minerals demand increasing,Battery Materials,battery_materials,20,active
Commodity Markets,Critical minerals demand increasing,Copper,copper,30,active
Commodity Markets,Critical minerals demand increasing,Mining,mining,40,active
Commodity Markets,Critical minerals demand increasing,Energy Storage,energy_storage,50,active
Commodity Markets,Critical minerals demand increasing,Electric Vehicles,electric_vehicles,60,active
Commodity Markets,Critical minerals demand increasing,Renewable Energy,renewable_energy,70,active
Commodity Markets,Critical minerals demand increasing,Semiconductors,semiconductors,80,active
Commodity Markets,Critical minerals demand increasing,Industrial Equipment,industrial_equipment,90,active
Commodity Markets,Critical minerals demand increasing,Defence Technology,defence_technology,100,active
Commodity Markets,Commodity volatility increasing,Commodity Trading,commodity_trading,10,active
Commodity Markets,Commodity volatility increasing,Mining,mining,20,active
Commodity Markets,Commodity volatility increasing,Agriculture,agriculture,30,active
Commodity Markets,Commodity volatility increasing,Energy Services,energy_services,40,active
Commodity Markets,Commodity volatility increasing,Industrial Chemicals,industrial_chemicals,50,active
Commodity Markets,Commodity volatility increasing,Food Production,food_manufacturing,60,active
Commodity Markets,Commodity volatility increasing,Insurance,insurance,70,active
Commodity Markets,Commodity volatility increasing,Commercial Banking,commercial_banking,80,active
Commodity Markets,Commodity volatility increasing,Shipping,freight_transport,90,active
Commodity Markets,Commodity volatility increasing,Logistics,logistics,100,active
Commodity Markets,Commodity supply disruption,Mining,mining,10,active
Commodity Markets,Commodity supply disruption,Agriculture,agriculture,20,active
Commodity Markets,Commodity supply disruption,Energy Services,energy_services,30,active
Commodity Markets,Commodity supply disruption,Shipping,freight_transport,40,active
Commodity Markets,Commodity supply disruption,Ports,transportation_infrastructure,50,active
Commodity Markets,Commodity supply disruption,Logistics,logistics,60,active
Commodity Markets,Commodity supply disruption,Industrial Chemicals,industrial_chemicals,70,active
Commodity Markets,Commodity supply disruption,Food Production,food_manufacturing,80,active
Commodity Markets,Commodity supply disruption,Construction Materials,construction_materials,90,active
Commodity Markets,Commodity supply disruption,Commodity Trading,commodity_trading,100,active
Global Trade,Export demand strengthening,Industrial Manufacturing,industrial_processing,10,active
Global Trade,Export demand strengthening,Agriculture,agriculture,20,active
Global Trade,Export demand strengthening,Technology Services,it_services,30,active
Global Trade,Export demand strengthening,Consumer Goods,consumer_goods,40,active
Global Trade,Export demand strengthening,Aerospace,aerospace,50,active
Global Trade,Export demand strengthening,Mining,mining,60,active
Global Trade,Export demand strengthening,Shipping,freight_transport,70,active
Global Trade,Export demand strengthening,Ports,transportation_infrastructure,80,active
Global Trade,Export demand strengthening,Logistics,logistics,90,active
Global Trade,Export demand strengthening,Commercial Banking,commercial_banking,100,active
Global Trade,Export demand weakening,Industrial Manufacturing,industrial_processing,10,active
Global Trade,Export demand weakening,Agriculture,agriculture,20,active
Global Trade,Export demand weakening,Technology Services,it_services,30,active
Global Trade,Export demand weakening,Consumer Goods,consumer_goods,40,active
Global Trade,Export demand weakening,Aerospace,aerospace,50,active
Global Trade,Export demand weakening,Mining,mining,60,active
Global Trade,Export demand weakening,Shipping,freight_transport,70,active
Global Trade,Export demand weakening,Ports,transportation_infrastructure,80,active
Global Trade,Export demand weakening,Logistics,logistics,90,active
Global Trade,Export demand weakening,Commercial Banking,commercial_banking,100,active
Global Trade,Import demand strengthening,Retail,retail,10,active
Global Trade,Import demand strengthening,Wholesale Distribution,wholesale_distribution,20,active
Global Trade,Import demand strengthening,Technology Distribution,technology_distribution,30,active
Global Trade,Import demand strengthening,Automotive Parts,automotive_parts,40,active
Global Trade,Import demand strengthening,Industrial Equipment,industrial_equipment,50,active
Global Trade,Import demand strengthening,Food Distribution,food_distribution,60,active
Global Trade,Import demand strengthening,Shipping,freight_transport,70,active
Global Trade,Import demand strengthening,Ports,transportation_infrastructure,80,active
Global Trade,Import demand strengthening,Logistics,logistics,90,active
Global Trade,Import demand strengthening,Commercial Banking,commercial_banking,100,active
Global Trade,Import demand weakening,Retail,retail,10,active
Global Trade,Import demand weakening,Wholesale Distribution,wholesale_distribution,20,active
Global Trade,Import demand weakening,Technology Distribution,technology_distribution,30,active
Global Trade,Import demand weakening,Automotive Parts,automotive_parts,40,active
Global Trade,Import demand weakening,Industrial Equipment,industrial_equipment,50,active
Global Trade,Import demand weakening,Food Distribution,food_distribution,60,active
Global Trade,Import demand weakening,Shipping,freight_transport,70,active
Global Trade,Import demand weakening,Ports,transportation_infrastructure,80,active
Global Trade,Import demand weakening,Logistics,logistics,90,active
Global Trade,Import demand weakening,Commercial Banking,commercial_banking,100,active
Global Trade,Tariffs increasing,Industrial Manufacturing,industrial_processing,10,active
Global Trade,Tariffs increasing,Automotive Parts,automotive_parts,20,active
Global Trade,Tariffs increasing,Consumer Electronics,consumer_electronics,30,active
Global Trade,Tariffs increasing,Retail,retail,40,active
Global Trade,Tariffs increasing,Agriculture,agriculture,50,active
Global Trade,Tariffs increasing,Industrial Equipment,industrial_equipment,60,active
Global Trade,Tariffs increasing,Technology Distribution,technology_distribution,70,active
Global Trade,Tariffs increasing,Shipping,freight_transport,80,active
Global Trade,Tariffs increasing,Logistics,logistics,90,active
Global Trade,Tariffs increasing,Commercial Banking,commercial_banking,100,active
Global Trade,Tariffs decreasing,Industrial Manufacturing,industrial_processing,10,active
Global Trade,Tariffs decreasing,Automotive Parts,automotive_parts,20,active
Global Trade,Tariffs decreasing,Consumer Electronics,consumer_electronics,30,active
Global Trade,Tariffs decreasing,Retail,retail,40,active
Global Trade,Tariffs decreasing,Agriculture,agriculture,50,active
Global Trade,Tariffs decreasing,Industrial Equipment,industrial_equipment,60,active
Global Trade,Tariffs decreasing,Technology Distribution,technology_distribution,70,active
Global Trade,Tariffs decreasing,Shipping,freight_transport,80,active
Global Trade,Tariffs decreasing,Logistics,logistics,90,active
Global Trade,Tariffs decreasing,Commercial Banking,commercial_banking,100,active
Global Trade,Trade restrictions expanding,Semiconductors,semiconductors,10,active
Global Trade,Trade restrictions expanding,Defence Technology,defence_technology,20,active
Global Trade,Trade restrictions expanding,Industrial Equipment,industrial_equipment,30,active
Global Trade,Trade restrictions expanding,Mining,mining,40,active
Global Trade,Trade restrictions expanding,Agriculture,agriculture,50,active
Global Trade,Trade restrictions expanding,Commercial Banking,commercial_banking,60,active
Global Trade,Trade restrictions expanding,Shipping,freight_transport,70,active
Global Trade,Trade restrictions expanding,Logistics,logistics,80,active
Global Trade,Trade restrictions expanding,Technology Distribution,technology_distribution,90,active
Global Trade,Trade restrictions expanding,Commodity Trading,commodity_trading,100,active
Global Trade,Trade restrictions easing,Semiconductors,semiconductors,10,active
Global Trade,Trade restrictions easing,Defence Technology,defence_technology,20,active
Global Trade,Trade restrictions easing,Industrial Equipment,industrial_equipment,30,active
Global Trade,Trade restrictions easing,Mining,mining,40,active
Global Trade,Trade restrictions easing,Agriculture,agriculture,50,active
Global Trade,Trade restrictions easing,Commercial Banking,commercial_banking,60,active
Global Trade,Trade restrictions easing,Shipping,freight_transport,70,active
Global Trade,Trade restrictions easing,Logistics,logistics,80,active
Global Trade,Trade restrictions easing,Technology Distribution,technology_distribution,90,active
Global Trade,Trade restrictions easing,Commodity Trading,commodity_trading,100,active
Global Trade,Cross-border investment increasing,Investment Banking,investment_banking,10,active
Global Trade,Cross-border investment increasing,Commercial Banking,commercial_banking,20,active
Global Trade,Cross-border investment increasing,Real Estate Development,real_estate_development,30,active
Global Trade,Cross-border investment increasing,Industrial Manufacturing,industrial_processing,40,active
Global Trade,Cross-border investment increasing,Data Centres,data_centres,50,active
Global Trade,Cross-border investment increasing,Energy Infrastructure,energy_infrastructure,60,active
Global Trade,Cross-border investment increasing,Technology Services,it_services,70,active
Global Trade,Cross-border investment increasing,Construction,infrastructure_engineering,80,active
Global Trade,Cross-border investment increasing,Insurance,insurance,90,active
Global Trade,Cross-border investment increasing,Investment Management,investment_management,100,active
Global Trade,Trade balances shifting,Currencies,financial_services,10,active
Global Trade,Trade balances shifting,Commercial Banking,commercial_banking,20,active
Global Trade,Trade balances shifting,Industrial Manufacturing,industrial_processing,30,active
Global Trade,Trade balances shifting,Agriculture,agriculture,40,active
Global Trade,Trade balances shifting,Mining,mining,50,active
Global Trade,Trade balances shifting,Shipping,freight_transport,60,active
Global Trade,Trade balances shifting,Ports,transportation_infrastructure,70,active
Global Trade,Trade balances shifting,Logistics,logistics,80,active
Global Trade,Trade balances shifting,Consumer Goods,consumer_goods,90,active
Global Trade,Trade balances shifting,Technology Services,it_services,100,active
Supply Chains,Supply chain disruption increasing,Logistics,logistics,10,active
Supply Chains,Supply chain disruption increasing,Shipping,freight_transport,20,active
Supply Chains,Supply chain disruption increasing,Ports,transportation_infrastructure,30,active
Supply Chains,Supply chain disruption increasing,Road Freight,road_freight,40,active
Supply Chains,Supply chain disruption increasing,Rail Logistics,rail_logistics,50,active
Supply Chains,Supply chain disruption increasing,Warehousing,logistics_real_estate,60,active
Supply Chains,Supply chain disruption increasing,Packaging,packaging,70,active
Supply Chains,Supply chain disruption increasing,Contract Manufacturing,contract_manufacturing,80,active
Supply Chains,Supply chain disruption increasing,Retail,retail,90,active
Supply Chains,Supply chain disruption increasing,Industrial Manufacturing,industrial_processing,100,active
Supply Chains,Supply chain disruption easing,Logistics,logistics,10,active
Supply Chains,Supply chain disruption easing,Shipping,freight_transport,20,active
Supply Chains,Supply chain disruption easing,Ports,transportation_infrastructure,30,active
Supply Chains,Supply chain disruption easing,Road Freight,road_freight,40,active
Supply Chains,Supply chain disruption easing,Rail Logistics,rail_logistics,50,active
Supply Chains,Supply chain disruption easing,Warehousing,logistics_real_estate,60,active
Supply Chains,Supply chain disruption easing,Packaging,packaging,70,active
Supply Chains,Supply chain disruption easing,Contract Manufacturing,contract_manufacturing,80,active
Supply Chains,Supply chain disruption easing,Retail,retail,90,active
Supply Chains,Supply chain disruption easing,Industrial Manufacturing,industrial_processing,100,active
Supply Chains,Lead times lengthening,Contract Manufacturing,contract_manufacturing,10,active
Supply Chains,Lead times lengthening,Industrial Equipment,industrial_equipment,20,active
Supply Chains,Lead times lengthening,Semiconductors,semiconductors,30,active
Supply Chains,Lead times lengthening,Automotive Parts,automotive_parts,40,active
Supply Chains,Lead times lengthening,Retail,retail,50,active
Supply Chains,Lead times lengthening,Logistics,logistics,60,active
Supply Chains,Lead times lengthening,Warehousing,logistics_real_estate,70,active
Supply Chains,Lead times lengthening,Shipping,freight_transport,80,active
Supply Chains,Lead times lengthening,Packaging,packaging,90,active
Supply Chains,Lead times lengthening,Industrial Chemicals,industrial_chemicals,100,active
Supply Chains,Lead times shortening,Contract Manufacturing,contract_manufacturing,10,active
Supply Chains,Lead times shortening,Industrial Equipment,industrial_equipment,20,active
Supply Chains,Lead times shortening,Semiconductors,semiconductors,30,active
Supply Chains,Lead times shortening,Automotive Parts,automotive_parts,40,active
Supply Chains,Lead times shortening,Retail,retail,50,active
Supply Chains,Lead times shortening,Logistics,logistics,60,active
Supply Chains,Lead times shortening,Warehousing,logistics_real_estate,70,active
Supply Chains,Lead times shortening,Shipping,freight_transport,80,active
Supply Chains,Lead times shortening,Packaging,packaging,90,active
Supply Chains,Lead times shortening,Industrial Chemicals,industrial_chemicals,100,active
Supply Chains,Inventory accumulation,Warehousing,logistics_real_estate,10,active
Supply Chains,Inventory accumulation,Logistics,logistics,20,active
Supply Chains,Inventory accumulation,Retail,retail,30,active
Supply Chains,Inventory accumulation,Wholesale Distribution,wholesale_distribution,40,active
Supply Chains,Inventory accumulation,Contract Manufacturing,contract_manufacturing,50,active
Supply Chains,Inventory accumulation,Packaging,packaging,60,active
Supply Chains,Inventory accumulation,Commercial Banking,commercial_banking,70,active
Supply Chains,Inventory accumulation,Industrial Equipment,industrial_equipment,80,active
Supply Chains,Inventory accumulation,Consumer Goods,consumer_goods,90,active
Supply Chains,Inventory accumulation,Transportation,transportation,100,active
Supply Chains,Inventory destocking,Warehousing,logistics_real_estate,10,active
Supply Chains,Inventory destocking,Logistics,logistics,20,active
Supply Chains,Inventory destocking,Retail,retail,30,active
Supply Chains,Inventory destocking,Wholesale Distribution,wholesale_distribution,40,active
Supply Chains,Inventory destocking,Contract Manufacturing,contract_manufacturing,50,active
Supply Chains,Inventory destocking,Packaging,packaging,60,active
Supply Chains,Inventory destocking,Commercial Banking,commercial_banking,70,active
Supply Chains,Inventory destocking,Industrial Equipment,industrial_equipment,80,active
Supply Chains,Inventory destocking,Consumer Goods,consumer_goods,90,active
Supply Chains,Inventory destocking,Transportation,transportation,100,active
Supply Chains,Freight costs rising,Road Freight,road_freight,10,active
Supply Chains,Freight costs rising,Shipping,freight_transport,20,active
Supply Chains,Freight costs rising,Rail Logistics,rail_logistics,30,active
Supply Chains,Freight costs rising,Cargo Transport,cargo_transport,40,active
Supply Chains,Freight costs rising,Retail,retail,50,active
Supply Chains,Freight costs rising,Industrial Manufacturing,industrial_processing,60,active
Supply Chains,Freight costs rising,Agriculture,agriculture,70,active
Supply Chains,Freight costs rising,Food Distribution,food_distribution,80,active
Supply Chains,Freight costs rising,Packaging,packaging,90,active
Supply Chains,Freight costs rising,Consumer Goods,consumer_goods,100,active
Supply Chains,Freight costs falling,Road Freight,road_freight,10,active
Supply Chains,Freight costs falling,Shipping,freight_transport,20,active
Supply Chains,Freight costs falling,Rail Logistics,rail_logistics,30,active
Supply Chains,Freight costs falling,Cargo Transport,cargo_transport,40,active
Supply Chains,Freight costs falling,Retail,retail,50,active
Supply Chains,Freight costs falling,Industrial Manufacturing,industrial_processing,60,active
Supply Chains,Freight costs falling,Agriculture,agriculture,70,active
Supply Chains,Freight costs falling,Food Distribution,food_distribution,80,active
Supply Chains,Freight costs falling,Packaging,packaging,90,active
Supply Chains,Freight costs falling,Consumer Goods,consumer_goods,100,active
Supply Chains,Reshoring increasing,Construction,infrastructure_engineering,10,active
Supply Chains,Reshoring increasing,Industrial Equipment,industrial_equipment,20,active
Supply Chains,Reshoring increasing,Industrial Automation,industrial_automation,30,active
Supply Chains,Reshoring increasing,Engineering Services,engineering_services,40,active
Supply Chains,Reshoring increasing,Logistics,logistics,50,active
Supply Chains,Reshoring increasing,Energy Infrastructure,energy_infrastructure,60,active
Supply Chains,Reshoring increasing,Semiconductors,semiconductors,70,active
Supply Chains,Reshoring increasing,Construction Materials,construction_materials,80,active
Supply Chains,Reshoring increasing,Industrial Chemicals,industrial_chemicals,90,active
Supply Chains,Reshoring increasing,Contract Manufacturing,contract_manufacturing,100,active
Supply Chains,Supplier concentration risk increasing,Semiconductors,semiconductors,10,active
Supply Chains,Supplier concentration risk increasing,Critical Minerals,critical_minerals,20,active
Supply Chains,Supplier concentration risk increasing,Industrial Chemicals,industrial_chemicals,30,active
Supply Chains,Supplier concentration risk increasing,Automotive Parts,automotive_parts,40,active
Supply Chains,Supplier concentration risk increasing,Pharmaceuticals,pharmaceuticals,50,active
Supply Chains,Supplier concentration risk increasing,Contract Manufacturing,contract_manufacturing,60,active
Supply Chains,Supplier concentration risk increasing,Technology Distribution,technology_distribution,70,active
Supply Chains,Supplier concentration risk increasing,Aerospace,aerospace,80,active
Supply Chains,Supplier concentration risk increasing,Food Production,food_manufacturing,90,active
Supply Chains,Supplier concentration risk increasing,Energy Infrastructure,energy_infrastructure,100,active
Market Sentiment & Volatility,Market volatility increasing,Investment Management,investment_management,10,active
Market Sentiment & Volatility,Market volatility increasing,Commercial Banking,commercial_banking,20,active
Market Sentiment & Volatility,Market volatility increasing,Insurance,insurance,30,active
Market Sentiment & Volatility,Market volatility increasing,Exchange Operations,exchange_operations,40,active
Market Sentiment & Volatility,Market volatility increasing,Market Data,market_data,50,active
Market Sentiment & Volatility,Market volatility increasing,Brokerage,brokerage,60,active
Market Sentiment & Volatility,Market volatility increasing,Fintech,fintech,70,active
Market Sentiment & Volatility,Market volatility increasing,Commercial Real Estate,commercial_real_estate,80,active
Market Sentiment & Volatility,Market volatility increasing,Consumer Finance,consumer_finance,90,active
Market Sentiment & Volatility,Market volatility increasing,Capital Markets,capital_markets,100,active
Market Sentiment & Volatility,Market volatility declining,Investment Management,investment_management,10,active
Market Sentiment & Volatility,Market volatility declining,Commercial Banking,commercial_banking,20,active
Market Sentiment & Volatility,Market volatility declining,Insurance,insurance,30,active
Market Sentiment & Volatility,Market volatility declining,Exchange Operations,exchange_operations,40,active
Market Sentiment & Volatility,Market volatility declining,Market Data,market_data,50,active
Market Sentiment & Volatility,Market volatility declining,Brokerage,brokerage,60,active
Market Sentiment & Volatility,Market volatility declining,Fintech,fintech,70,active
Market Sentiment & Volatility,Market volatility declining,Commercial Real Estate,commercial_real_estate,80,active
Market Sentiment & Volatility,Market volatility declining,Consumer Finance,consumer_finance,90,active
Market Sentiment & Volatility,Market volatility declining,Capital Markets,capital_markets,100,active
Market Sentiment & Volatility,Risk appetite strengthening,Investment Management,investment_management,10,active
Market Sentiment & Volatility,Risk appetite strengthening,Investment Banking,investment_banking,20,active
Market Sentiment & Volatility,Risk appetite strengthening,Exchange Operations,exchange_operations,30,active
Market Sentiment & Volatility,Risk appetite strengthening,Fintech,fintech,40,active
Market Sentiment & Volatility,Risk appetite strengthening,Commercial Real Estate,commercial_real_estate,50,active
Market Sentiment & Volatility,Risk appetite strengthening,Technology Services,it_services,60,active
Market Sentiment & Volatility,Risk appetite strengthening,Consumer Finance,consumer_finance,70,active
Market Sentiment & Volatility,Risk appetite strengthening,Travel Services,travel_services,80,active
Market Sentiment & Volatility,Risk appetite strengthening,Industrial Equipment,industrial_equipment,90,active
Market Sentiment & Volatility,Risk appetite strengthening,Global Equities,global_equities,100,active
Market Sentiment & Volatility,Risk appetite weakening,Investment Management,investment_management,10,active
Market Sentiment & Volatility,Risk appetite weakening,Commercial Banking,commercial_banking,20,active
Market Sentiment & Volatility,Risk appetite weakening,Insurance,insurance,30,active
Market Sentiment & Volatility,Risk appetite weakening,Utilities,utilities,40,active
Market Sentiment & Volatility,Risk appetite weakening,Consumer Food,consumer_food,50,active
Market Sentiment & Volatility,Risk appetite weakening,Healthcare Services,healthcare_services,60,active
Market Sentiment & Volatility,Risk appetite weakening,Gold Mining,gold_mining,70,active
Market Sentiment & Volatility,Risk appetite weakening,Government Bonds,investment_management,80,active
Market Sentiment & Volatility,Risk appetite weakening,Market Data,market_data,90,active
Market Sentiment & Volatility,Risk appetite weakening,Capital Markets,capital_markets,100,active
Market Sentiment & Volatility,Equity market breadth improving,Global Equities,global_equities,10,active
Market Sentiment & Volatility,Equity market breadth improving,Investment Management,investment_management,20,active
Market Sentiment & Volatility,Equity market breadth improving,Exchange Operations,exchange_operations,30,active
Market Sentiment & Volatility,Equity market breadth improving,Market Data,market_data,40,active
Market Sentiment & Volatility,Equity market breadth improving,Brokerage,brokerage,50,active
Market Sentiment & Volatility,Equity market breadth improving,Commercial Banking,commercial_banking,60,active
Market Sentiment & Volatility,Equity market breadth improving,Industrial Equipment,industrial_equipment,70,active
Market Sentiment & Volatility,Equity market breadth improving,Retail,retail,80,active
Market Sentiment & Volatility,Equity market breadth improving,Technology Services,it_services,90,active
Market Sentiment & Volatility,Equity market breadth improving,Consumer Goods,consumer_goods,100,active
Market Sentiment & Volatility,Equity market breadth weakening,Global Equities,global_equities,10,active
Market Sentiment & Volatility,Equity market breadth weakening,Investment Management,investment_management,20,active
Market Sentiment & Volatility,Equity market breadth weakening,Exchange Operations,exchange_operations,30,active
Market Sentiment & Volatility,Equity market breadth weakening,Market Data,market_data,40,active
Market Sentiment & Volatility,Equity market breadth weakening,Brokerage,brokerage,50,active
Market Sentiment & Volatility,Equity market breadth weakening,Commercial Banking,commercial_banking,60,active
Market Sentiment & Volatility,Equity market breadth weakening,Industrial Equipment,industrial_equipment,70,active
Market Sentiment & Volatility,Equity market breadth weakening,Retail,retail,80,active
Market Sentiment & Volatility,Equity market breadth weakening,Technology Services,it_services,90,active
Market Sentiment & Volatility,Equity market breadth weakening,Consumer Goods,consumer_goods,100,active
Market Sentiment & Volatility,Credit market stress increasing,Commercial Banking,commercial_banking,10,active
Market Sentiment & Volatility,Credit market stress increasing,Private Credit,private_credit,20,active
Market Sentiment & Volatility,Credit market stress increasing,Insurance,insurance,30,active
Market Sentiment & Volatility,Credit market stress increasing,Investment Management,investment_management,40,active
Market Sentiment & Volatility,Credit market stress increasing,Commercial Real Estate,commercial_real_estate,50,active
Market Sentiment & Volatility,Credit market stress increasing,Consumer Finance,consumer_finance,60,active
Market Sentiment & Volatility,Credit market stress increasing,Investment Banking,investment_banking,70,active
Market Sentiment & Volatility,Credit market stress increasing,Capital Markets,capital_markets,80,active
Market Sentiment & Volatility,Credit market stress increasing,Market Data,market_data,90,active
Market Sentiment & Volatility,Credit market stress increasing,Fintech,fintech,100,active
Market Sentiment & Volatility,Credit market stress easing,Commercial Banking,commercial_banking,10,active
Market Sentiment & Volatility,Credit market stress easing,Private Credit,private_credit,20,active
Market Sentiment & Volatility,Credit market stress easing,Insurance,insurance,30,active
Market Sentiment & Volatility,Credit market stress easing,Investment Management,investment_management,40,active
Market Sentiment & Volatility,Credit market stress easing,Commercial Real Estate,commercial_real_estate,50,active
Market Sentiment & Volatility,Credit market stress easing,Consumer Finance,consumer_finance,60,active
Market Sentiment & Volatility,Credit market stress easing,Investment Banking,investment_banking,70,active
Market Sentiment & Volatility,Credit market stress easing,Capital Markets,capital_markets,80,active
Market Sentiment & Volatility,Credit market stress easing,Market Data,market_data,90,active
Market Sentiment & Volatility,Credit market stress easing,Fintech,fintech,100,active
Market Sentiment & Volatility,Safe-haven demand increasing,Gold Mining,gold_mining,10,active
Market Sentiment & Volatility,Safe-haven demand increasing,Precious Metals,precious_metals,20,active
Market Sentiment & Volatility,Safe-haven demand increasing,Commercial Banking,commercial_banking,30,active
Market Sentiment & Volatility,Safe-haven demand increasing,Insurance,insurance,40,active
Market Sentiment & Volatility,Safe-haven demand increasing,Utilities,utilities,50,active
Market Sentiment & Volatility,Safe-haven demand increasing,Consumer Food,consumer_food,60,active
Market Sentiment & Volatility,Safe-haven demand increasing,Healthcare Services,healthcare_services,70,active
Market Sentiment & Volatility,Safe-haven demand increasing,Telecommunications,telecommunications,80,active
Market Sentiment & Volatility,Safe-haven demand increasing,Investment Management,investment_management,90,active
Market Sentiment & Volatility,Safe-haven demand increasing,Market Data,market_data,100,active
Market Sentiment & Volatility,Market liquidity deteriorating,Exchange Operations,exchange_operations,10,active
Market Sentiment & Volatility,Market liquidity deteriorating,Investment Banking,investment_banking,20,active
Market Sentiment & Volatility,Market liquidity deteriorating,Investment Management,investment_management,30,active
Market Sentiment & Volatility,Market liquidity deteriorating,Commercial Banking,commercial_banking,40,active
Market Sentiment & Volatility,Market liquidity deteriorating,Market Data,market_data,50,active
Market Sentiment & Volatility,Market liquidity deteriorating,Brokerage,brokerage,60,active
Market Sentiment & Volatility,Market liquidity deteriorating,Fintech,fintech,70,active
Market Sentiment & Volatility,Market liquidity deteriorating,Capital Markets,capital_markets,80,active
Market Sentiment & Volatility,Market liquidity deteriorating,Insurance,insurance,90,active
Market Sentiment & Volatility,Market liquidity deteriorating,Payment Networks,payment_networks,100,active
Artificial Intelligence,AI infrastructure investment,Artificial Intelligence,artificial_intelligence,10,active
Artificial Intelligence,AI infrastructure investment,Semiconductors,semiconductors,20,active
Artificial Intelligence,AI infrastructure investment,Data Centres,data_centres,30,active
Artificial Intelligence,AI infrastructure investment,Networking,networking,40,active
Artificial Intelligence,AI infrastructure investment,Photonics,photonics,50,active
Artificial Intelligence,AI infrastructure investment,Power Systems,power_systems,60,active
Artificial Intelligence,AI infrastructure investment,Thermal Management,thermal_management,70,active
Artificial Intelligence,AI infrastructure investment,Cloud Infrastructure,cloud_infrastructure,80,active
Artificial Intelligence,AI infrastructure investment,Engineering Software,engineering_software,90,active
Artificial Intelligence,AI infrastructure investment,Industrial Automation,industrial_automation,100,active
Artificial Intelligence,AI model development accelerating,Artificial Intelligence,artificial_intelligence,10,active
Artificial Intelligence,AI model development accelerating,Cloud Computing,cloud_computing,20,active
Artificial Intelligence,AI model development accelerating,Data Infrastructure,data_infrastructure,30,active
Artificial Intelligence,AI model development accelerating,Semiconductors,semiconductors,40,active
Artificial Intelligence,AI model development accelerating,Enterprise Software,enterprise_software,50,active
Artificial Intelligence,AI model development accelerating,Business Intelligence,business_intelligence,60,active
Artificial Intelligence,AI model development accelerating,Databases,databases,70,active
Artificial Intelligence,AI model development accelerating,Engineering Software,engineering_software,80,active
Artificial Intelligence,AI model development accelerating,Managed Services,managed_services,90,active
Artificial Intelligence,AI model development accelerating,Cybersecurity,cybersecurity,100,active
Artificial Intelligence,Enterprise AI adoption increasing,Artificial Intelligence,artificial_intelligence,10,active
Artificial Intelligence,Enterprise AI adoption increasing,Enterprise Software,enterprise_software,20,active
Artificial Intelligence,Enterprise AI adoption increasing,Business Software,business_software,30,active
Artificial Intelligence,Enterprise AI adoption increasing,Business Intelligence,business_intelligence,40,active
Artificial Intelligence,Enterprise AI adoption increasing,Analytics Platforms,analytics_platforms,50,active
Artificial Intelligence,Enterprise AI adoption increasing,Workflow Automation,workflow_automation,60,active
Artificial Intelligence,Enterprise AI adoption increasing,Cloud Services,cloud_services,70,active
Artificial Intelligence,Enterprise AI adoption increasing,IT Services,it_services,80,active
Artificial Intelligence,Enterprise AI adoption increasing,Cybersecurity,cybersecurity,90,active
Artificial Intelligence,Enterprise AI adoption increasing,Consulting,consulting,100,active
Artificial Intelligence,AI inference moving to the edge,Artificial Intelligence,artificial_intelligence,10,active
Artificial Intelligence,AI inference moving to the edge,Semiconductors,semiconductors,20,active
Artificial Intelligence,AI inference moving to the edge,Mobile Chipsets,mobile_chipsets,30,active
Artificial Intelligence,AI inference moving to the edge,Embedded Systems,embedded_systems,40,active
Artificial Intelligence,AI inference moving to the edge,IoT,iot,50,active
Artificial Intelligence,AI inference moving to the edge,Networking,networking,60,active
Artificial Intelligence,AI inference moving to the edge,Consumer Electronics,consumer_electronics,70,active
Artificial Intelligence,AI inference moving to the edge,Automotive Electronics,automotive_electronics,80,active
Artificial Intelligence,AI inference moving to the edge,Sensors,sensors,90,active
Artificial Intelligence,AI inference moving to the edge,Power Semiconductors,power_semiconductors,100,active
Artificial Intelligence,AI data demand increasing,Data Infrastructure,data_infrastructure,10,active
Artificial Intelligence,AI data demand increasing,Data Storage,data_storage,20,active
Artificial Intelligence,AI data demand increasing,Databases,databases,30,active
Artificial Intelligence,AI data demand increasing,Data Analytics,data_analytics,40,active
Artificial Intelligence,AI data demand increasing,Analytics Platforms,analytics_platforms,50,active
Artificial Intelligence,AI data demand increasing,Cloud Infrastructure,cloud_infrastructure,60,active
Artificial Intelligence,AI data demand increasing,Data Centres,data_centres,70,active
Artificial Intelligence,AI data demand increasing,Information Management,information_management,80,active
Artificial Intelligence,AI data demand increasing,Cybersecurity,cybersecurity,90,active
Artificial Intelligence,AI data demand increasing,Artificial Intelligence,artificial_intelligence,100,active
Artificial Intelligence,AI power demand increasing,Data Centres,data_centres,10,active
Artificial Intelligence,AI power demand increasing,Utilities,utilities,20,active
Artificial Intelligence,AI power demand increasing,Power Generation,power_generation,30,active
Artificial Intelligence,AI power demand increasing,Grid Infrastructure,grid_infrastructure,40,active
Artificial Intelligence,AI power demand increasing,Electricity Transmission,electricity_transmission,50,active
Artificial Intelligence,AI power demand increasing,Power Systems,power_systems,60,active
Artificial Intelligence,AI power demand increasing,Thermal Management,thermal_management,70,active
Artificial Intelligence,AI power demand increasing,Energy Storage,energy_storage,80,active
Artificial Intelligence,AI power demand increasing,Natural Gas,natural_gas,90,active
Artificial Intelligence,AI power demand increasing,Renewable Energy,renewable_energy,100,active
Artificial Intelligence,AI automation expanding,Artificial Intelligence,artificial_intelligence,10,active
Artificial Intelligence,AI automation expanding,Workflow Automation,workflow_automation,20,active
Artificial Intelligence,AI automation expanding,Industrial Automation,industrial_automation,30,active
Artificial Intelligence,AI automation expanding,Robotics,robotics,40,active
Artificial Intelligence,AI automation expanding,Business Software,business_software,50,active
Artificial Intelligence,AI automation expanding,Enterprise Software,enterprise_software,60,active
Artificial Intelligence,AI automation expanding,Hr Services,hr_services,70,active
Artificial Intelligence,AI automation expanding,Business Process Outsourcing,business_process_outsourcing,80,active
Artificial Intelligence,AI automation expanding,Customer Experience,customer_experience,90,active
Artificial Intelligence,AI automation expanding,Consulting,consulting,100,active
Artificial Intelligence,AI regulation increasing,Artificial Intelligence,artificial_intelligence,10,active
Artificial Intelligence,AI regulation increasing,Risk Management,risk_management,20,active
Artificial Intelligence,AI regulation increasing,Testing Certification,testing_certification,30,active
Artificial Intelligence,AI regulation increasing,Legal Information,legal_information,40,active
Artificial Intelligence,AI regulation increasing,Consulting,consulting,50,active
Artificial Intelligence,AI regulation increasing,Cybersecurity,cybersecurity,60,active
Artificial Intelligence,AI regulation increasing,Digital Identity,digital_identity,70,active
Artificial Intelligence,AI regulation increasing,Government Technology,government_technology,80,active
Artificial Intelligence,AI regulation increasing,Enterprise Software,enterprise_software,90,active
Artificial Intelligence,AI regulation increasing,Data Infrastructure,data_infrastructure,100,active
Artificial Intelligence,AI security requirements increasing,Cybersecurity,cybersecurity,10,active
Artificial Intelligence,AI security requirements increasing,Cloud Security,cloud_security,20,active
Artificial Intelligence,AI security requirements increasing,Identity Security,identity_security,30,active
Artificial Intelligence,AI security requirements increasing,Identity Protection,identity_protection,40,active
Artificial Intelligence,AI security requirements increasing,Data Infrastructure,data_infrastructure,50,active
Artificial Intelligence,AI security requirements increasing,Cloud Infrastructure,cloud_infrastructure,60,active
Artificial Intelligence,AI security requirements increasing,Networking,networking,70,active
Artificial Intelligence,AI security requirements increasing,Artificial Intelligence,artificial_intelligence,80,active
Artificial Intelligence,AI security requirements increasing,Managed Services,managed_services,90,active
Artificial Intelligence,AI security requirements increasing,Risk Management,risk_management,100,active
Artificial Intelligence,AI adoption broadening across industries,Artificial Intelligence,artificial_intelligence,10,active
Artificial Intelligence,AI adoption broadening across industries,Vertical Software,vertical_software,20,active
Artificial Intelligence,AI adoption broadening across industries,Healthcare Technology,healthcare_technology,30,active
Artificial Intelligence,AI adoption broadening across industries,Financial Services,financial_services,40,active
Artificial Intelligence,AI adoption broadening across industries,Industrial Automation,industrial_automation,50,active
Artificial Intelligence,AI adoption broadening across industries,Digital Advertising,digital_advertising,60,active
Artificial Intelligence,AI adoption broadening across industries,Automotive Electronics,automotive_electronics,70,active
Artificial Intelligence,AI adoption broadening across industries,Government Technology,government_technology,80,active
Artificial Intelligence,AI adoption broadening across industries,Agriculture,agriculture,90,active
Artificial Intelligence,AI adoption broadening across industries,Research Services,research_services,100,active
Digital Transformation,Cloud migration accelerating,Cloud Computing,cloud_computing,10,active
Digital Transformation,Cloud migration accelerating,Cloud Platforms,cloud_platforms,20,active
Digital Transformation,Cloud migration accelerating,Cloud Infrastructure,cloud_infrastructure,30,active
Digital Transformation,Cloud migration accelerating,Data Centres,data_centres,40,active
Digital Transformation,Cloud migration accelerating,Networking,networking,50,active
Digital Transformation,Cloud migration accelerating,Cybersecurity,cybersecurity,60,active
Digital Transformation,Cloud migration accelerating,Managed Services,managed_services,70,active
Digital Transformation,Cloud migration accelerating,Enterprise Software,enterprise_software,80,active
Digital Transformation,Cloud migration accelerating,Data Storage,data_storage,90,active
Digital Transformation,Cloud migration accelerating,IT Services,it_services,100,active
Digital Transformation,Enterprise software modernisation,Enterprise Software,enterprise_software,10,active
Digital Transformation,Enterprise software modernisation,Business Software,business_software,20,active
Digital Transformation,Enterprise software modernisation,Vertical Software,vertical_software,30,active
Digital Transformation,Enterprise software modernisation,Workflow Automation,workflow_automation,40,active
Digital Transformation,Enterprise software modernisation,Cloud Services,cloud_services,50,active
Digital Transformation,Enterprise software modernisation,IT Consulting,it_consulting,60,active
Digital Transformation,Enterprise software modernisation,Managed Services,managed_services,70,active
Digital Transformation,Enterprise software modernisation,Data Analytics,data_analytics,80,active
Digital Transformation,Enterprise software modernisation,Cybersecurity,cybersecurity,90,active
Digital Transformation,Enterprise software modernisation,Digital Transformation,digital_transformation,100,active
Digital Transformation,Data-driven decision making expanding,Business Intelligence,business_intelligence,10,active
Digital Transformation,Data-driven decision making expanding,Data Analytics,data_analytics,20,active
Digital Transformation,Data-driven decision making expanding,Analytics Platforms,analytics_platforms,30,active
Digital Transformation,Data-driven decision making expanding,Databases,databases,40,active
Digital Transformation,Data-driven decision making expanding,Data Infrastructure,data_infrastructure,50,active
Digital Transformation,Data-driven decision making expanding,Cloud Services,cloud_services,60,active
Digital Transformation,Data-driven decision making expanding,Enterprise Software,enterprise_software,70,active
Digital Transformation,Data-driven decision making expanding,Artificial Intelligence,artificial_intelligence,80,active
Digital Transformation,Data-driven decision making expanding,Information Management,information_management,90,active
Digital Transformation,Data-driven decision making expanding,Consulting,consulting,100,active
Digital Transformation,Digital payments adoption increasing,Payment Networks,payment_networks,10,active
Digital Transformation,Digital payments adoption increasing,Digital Wallets,digital_wallets,20,active
Digital Transformation,Digital payments adoption increasing,Mobile Payments,mobile_payments,30,active
Digital Transformation,Digital payments adoption increasing,Merchant Services,merchant_services,40,active
Digital Transformation,Digital payments adoption increasing,Fintech,fintech,50,active
Digital Transformation,Digital payments adoption increasing,Commercial Banking,commercial_banking,60,active
Digital Transformation,Digital payments adoption increasing,Ecommerce Platforms,ecommerce_platforms,70,active
Digital Transformation,Digital payments adoption increasing,Digital Identity,digital_identity,80,active
Digital Transformation,Digital payments adoption increasing,Cybersecurity,cybersecurity,90,active
Digital Transformation,Digital payments adoption increasing,Cloud Services,cloud_services,100,active
Digital Transformation,Ecommerce infrastructure expanding,Ecommerce Platforms,ecommerce_platforms,10,active
Digital Transformation,Ecommerce infrastructure expanding,Digital Marketplaces,digital_marketplaces,20,active
Digital Transformation,Ecommerce infrastructure expanding,Payment Networks,payment_networks,30,active
Digital Transformation,Ecommerce infrastructure expanding,Cloud Services,cloud_services,40,active
Digital Transformation,Ecommerce infrastructure expanding,Logistics,logistics,50,active
Digital Transformation,Ecommerce infrastructure expanding,Logistics Real Estate,logistics_real_estate,60,active
Digital Transformation,Ecommerce infrastructure expanding,Parcel Delivery,parcel_delivery,70,active
Digital Transformation,Ecommerce infrastructure expanding,Digital Advertising,digital_advertising,80,active
Digital Transformation,Ecommerce infrastructure expanding,Cybersecurity,cybersecurity,90,active
Digital Transformation,Ecommerce infrastructure expanding,Technology Distribution,technology_distribution,100,active
Digital Transformation,Customer experience digitising,Customer Experience,customer_experience,10,active
Digital Transformation,Customer experience digitising,Business Software,business_software,20,active
Digital Transformation,Customer experience digitising,Cloud Services,cloud_services,30,active
Digital Transformation,Customer experience digitising,Digital Advertising,digital_advertising,40,active
Digital Transformation,Customer experience digitising,Digital Content,digital_content,50,active
Digital Transformation,Customer experience digitising,Payment Networks,payment_networks,60,active
Digital Transformation,Customer experience digitising,Artificial Intelligence,artificial_intelligence,70,active
Digital Transformation,Customer experience digitising,Managed Services,managed_services,80,active
Digital Transformation,Customer experience digitising,Data Analytics,data_analytics,90,active
Digital Transformation,Customer experience digitising,Telecommunications,telecommunications,100,active
Digital Transformation,Digital identity adoption increasing,Digital Identity,digital_identity,10,active
Digital Transformation,Digital identity adoption increasing,Digital Identification,digital_identification,20,active
Digital Transformation,Digital identity adoption increasing,Identity Security,identity_security,30,active
Digital Transformation,Digital identity adoption increasing,Identity Protection,identity_protection,40,active
Digital Transformation,Digital identity adoption increasing,Cybersecurity,cybersecurity,50,active
Digital Transformation,Digital identity adoption increasing,Fintech,fintech,60,active
Digital Transformation,Digital identity adoption increasing,Commercial Banking,commercial_banking,70,active
Digital Transformation,Digital identity adoption increasing,Government Technology,government_technology,80,active
Digital Transformation,Digital identity adoption increasing,Cloud Services,cloud_services,90,active
Digital Transformation,Digital identity adoption increasing,Telecommunications,telecommunications,100,active
Digital Transformation,Legacy infrastructure replacement,Enterprise Infrastructure,enterprise_infrastructure,10,active
Digital Transformation,Legacy infrastructure replacement,Networking,networking,20,active
Digital Transformation,Legacy infrastructure replacement,Server Hardware,server_hardware,30,active
Digital Transformation,Legacy infrastructure replacement,Data Storage,data_storage,40,active
Digital Transformation,Legacy infrastructure replacement,Cloud Infrastructure,cloud_infrastructure,50,active
Digital Transformation,Legacy infrastructure replacement,Managed Services,managed_services,60,active
Digital Transformation,Legacy infrastructure replacement,IT Services,it_services,70,active
Digital Transformation,Legacy infrastructure replacement,Cybersecurity,cybersecurity,80,active
Digital Transformation,Legacy infrastructure replacement,Communications Infrastructure,communications_infrastructure,90,active
Digital Transformation,Legacy infrastructure replacement,Power Systems,power_systems,100,active
Digital Transformation,Connected devices adoption increasing,IoT,iot,10,active
Digital Transformation,Connected devices adoption increasing,Sensors,sensors,20,active
Digital Transformation,Connected devices adoption increasing,Embedded Systems,embedded_systems,30,active
Digital Transformation,Connected devices adoption increasing,Networking,networking,40,active
Digital Transformation,Connected devices adoption increasing,Wireless Networks,wireless_networks,50,active
Digital Transformation,Connected devices adoption increasing,Semiconductors,semiconductors,60,active
Digital Transformation,Connected devices adoption increasing,Cloud Services,cloud_services,70,active
Digital Transformation,Connected devices adoption increasing,Cybersecurity,cybersecurity,80,active
Digital Transformation,Connected devices adoption increasing,Industrial Automation,industrial_automation,90,active
Digital Transformation,Connected devices adoption increasing,Asset Tracking,asset_tracking,100,active
Digital Transformation,Digital transformation spending slowing,Digital Transformation,digital_transformation,10,active
Digital Transformation,Digital transformation spending slowing,Enterprise Software,enterprise_software,20,active
Digital Transformation,Digital transformation spending slowing,Cloud Services,cloud_services,30,active
Digital Transformation,Digital transformation spending slowing,IT Consulting,it_consulting,40,active
Digital Transformation,Digital transformation spending slowing,Managed Services,managed_services,50,active
Digital Transformation,Digital transformation spending slowing,Data Centres,data_centres,60,active
Digital Transformation,Digital transformation spending slowing,Networking,networking,70,active
Digital Transformation,Digital transformation spending slowing,Business Software,business_software,80,active
Digital Transformation,Digital transformation spending slowing,Technology Reseller,technology_reseller,90,active
Digital Transformation,Digital transformation spending slowing,Technology Distribution,technology_distribution,100,active
Automation & Robotics,Factory automation investment increasing,Industrial Automation,industrial_automation,10,active
Automation & Robotics,Factory automation investment increasing,Robotics,robotics,20,active
Automation & Robotics,Factory automation investment increasing,Motion Control,motion_control,30,active
Automation & Robotics,Factory automation investment increasing,Sensors,sensors,40,active
Automation & Robotics,Factory automation investment increasing,Industrial Software,industrial_software,50,active
Automation & Robotics,Factory automation investment increasing,Industrial Equipment,industrial_equipment,60,active
Automation & Robotics,Factory automation investment increasing,Semiconductors,semiconductors,70,active
Automation & Robotics,Factory automation investment increasing,Power Management,power_management,80,active
Automation & Robotics,Factory automation investment increasing,Engineering Services,engineering_services,90,active
Automation & Robotics,Factory automation investment increasing,Contract Manufacturing,contract_manufacturing,100,active
Automation & Robotics,Robotics adoption increasing,Robotics,robotics,10,active
Automation & Robotics,Robotics adoption increasing,Industrial Automation,industrial_automation,20,active
Automation & Robotics,Robotics adoption increasing,Sensors,sensors,30,active
Automation & Robotics,Robotics adoption increasing,Motion Control,motion_control,40,active
Automation & Robotics,Robotics adoption increasing,Industrial Software,industrial_software,50,active
Automation & Robotics,Robotics adoption increasing,Semiconductors,semiconductors,60,active
Automation & Robotics,Robotics adoption increasing,Industrial Equipment,industrial_equipment,70,active
Automation & Robotics,Robotics adoption increasing,Engineering Services,engineering_services,80,active
Automation & Robotics,Robotics adoption increasing,Artificial Intelligence,artificial_intelligence,90,active
Automation & Robotics,Robotics adoption increasing,Power Management,power_management,100,active
Automation & Robotics,Warehouse automation expanding,Industrial Automation,industrial_automation,10,active
Automation & Robotics,Warehouse automation expanding,Robotics,robotics,20,active
Automation & Robotics,Warehouse automation expanding,Logistics,logistics,30,active
Automation & Robotics,Warehouse automation expanding,Logistics Real Estate,logistics_real_estate,40,active
Automation & Robotics,Warehouse automation expanding,Supply Chain Services,supply_chain_services,50,active
Automation & Robotics,Warehouse automation expanding,Sensors,sensors,60,active
Automation & Robotics,Warehouse automation expanding,Industrial Software,industrial_software,70,active
Automation & Robotics,Warehouse automation expanding,Ecommerce Platforms,ecommerce_platforms,80,active
Automation & Robotics,Warehouse automation expanding,Parcel Delivery,parcel_delivery,90,active
Automation & Robotics,Warehouse automation expanding,Industrial Equipment,industrial_equipment,100,active
Automation & Robotics,Labour shortages accelerating automation,Industrial Automation,industrial_automation,10,active
Automation & Robotics,Labour shortages accelerating automation,Robotics,robotics,20,active
Automation & Robotics,Labour shortages accelerating automation,Workflow Automation,workflow_automation,30,active
Automation & Robotics,Labour shortages accelerating automation,Hr Services,hr_services,40,active
Automation & Robotics,Labour shortages accelerating automation,Human Capital Services,human_capital_services,50,active
Automation & Robotics,Labour shortages accelerating automation,Industrial Equipment,industrial_equipment,60,active
Automation & Robotics,Labour shortages accelerating automation,Business Software,business_software,70,active
Automation & Robotics,Labour shortages accelerating automation,Restaurants,restaurants,80,active
Automation & Robotics,Labour shortages accelerating automation,Logistics,logistics,90,active
Automation & Robotics,Labour shortages accelerating automation,Agriculture,agriculture,100,active
Automation & Robotics,Autonomous mobility investment increasing,Mobility,mobility,10,active
Automation & Robotics,Autonomous mobility investment increasing,Automotive Electronics,automotive_electronics,20,active
Automation & Robotics,Autonomous mobility investment increasing,Sensors,sensors,30,active
Automation & Robotics,Autonomous mobility investment increasing,Semiconductors,semiconductors,40,active
Automation & Robotics,Autonomous mobility investment increasing,Navigation,navigation,50,active
Automation & Robotics,Autonomous mobility investment increasing,Artificial Intelligence,artificial_intelligence,60,active
Automation & Robotics,Autonomous mobility investment increasing,Wireless Networks,wireless_networks,70,active
Automation & Robotics,Autonomous mobility investment increasing,Industrial Software,industrial_software,80,active
Automation & Robotics,Autonomous mobility investment increasing,Transportation,transportation,90,active
Automation & Robotics,Autonomous mobility investment increasing,Digital Infrastructure,digital_infrastructure,100,active
Automation & Robotics,Industrial software integration increasing,Industrial Software,industrial_software,10,active
Automation & Robotics,Industrial software integration increasing,Industrial Automation,industrial_automation,20,active
Automation & Robotics,Industrial software integration increasing,IoT,iot,30,active
Automation & Robotics,Industrial software integration increasing,Sensors,sensors,40,active
Automation & Robotics,Industrial software integration increasing,Business Intelligence,business_intelligence,50,active
Automation & Robotics,Industrial software integration increasing,Data Analytics,data_analytics,60,active
Automation & Robotics,Industrial software integration increasing,Engineering Software,engineering_software,70,active
Automation & Robotics,Industrial software integration increasing,Cybersecurity,cybersecurity,80,active
Automation & Robotics,Industrial software integration increasing,Industrial Systems,industrial_systems,90,active
Automation & Robotics,Industrial software integration increasing,Managed Services,managed_services,100,active
Automation & Robotics,Machine vision adoption increasing,Sensors,sensors,10,active
Automation & Robotics,Machine vision adoption increasing,Semiconductors,semiconductors,20,active
Automation & Robotics,Machine vision adoption increasing,Artificial Intelligence,artificial_intelligence,30,active
Automation & Robotics,Machine vision adoption increasing,Industrial Automation,industrial_automation,40,active
Automation & Robotics,Machine vision adoption increasing,Robotics,robotics,50,active
Automation & Robotics,Machine vision adoption increasing,Electronic Components,electronic_components,60,active
Automation & Robotics,Machine vision adoption increasing,Precision Instruments,precision_instruments,70,active
Automation & Robotics,Machine vision adoption increasing,Industrial Instrumentation,industrial_instrumentation,80,active
Automation & Robotics,Machine vision adoption increasing,Engineering Software,engineering_software,90,active
Automation & Robotics,Machine vision adoption increasing,Contract Manufacturing,contract_manufacturing,100,active
Automation & Robotics,Automation reaching service industries,Workflow Automation,workflow_automation,10,active
Automation & Robotics,Automation reaching service industries,Business Process Outsourcing,business_process_outsourcing,20,active
Automation & Robotics,Automation reaching service industries,Business Software,business_software,30,active
Automation & Robotics,Automation reaching service industries,Artificial Intelligence,artificial_intelligence,40,active
Automation & Robotics,Automation reaching service industries,Customer Experience,customer_experience,50,active
Automation & Robotics,Automation reaching service industries,Hr Services,hr_services,60,active
Automation & Robotics,Automation reaching service industries,Financial Services,financial_services,70,active
Automation & Robotics,Automation reaching service industries,Healthcare Services,healthcare_services,80,active
Automation & Robotics,Automation reaching service industries,Retail,retail,90,active
Automation & Robotics,Automation reaching service industries,Hospitality,hospitality,100,active
Automation & Robotics,Robotic healthcare adoption increasing,Robotic Surgery,robotic_surgery,10,active
Automation & Robotics,Robotic healthcare adoption increasing,Medical Devices,medical_devices,20,active
Automation & Robotics,Robotic healthcare adoption increasing,Surgical Equipment,surgical_equipment,30,active
Automation & Robotics,Robotic healthcare adoption increasing,Healthcare Technology,healthcare_technology,40,active
Automation & Robotics,Robotic healthcare adoption increasing,Hospitals,hospitals,50,active
Automation & Robotics,Robotic healthcare adoption increasing,Sensors,sensors,60,active
Automation & Robotics,Robotic healthcare adoption increasing,Precision Instruments,precision_instruments,70,active
Automation & Robotics,Robotic healthcare adoption increasing,Artificial Intelligence,artificial_intelligence,80,active
Automation & Robotics,Robotic healthcare adoption increasing,Diagnostics,diagnostics,90,active
Automation & Robotics,Robotic healthcare adoption increasing,Engineering Software,engineering_software,100,active
Automation & Robotics,Automation capital spending slowing,Industrial Automation,industrial_automation,10,active
Automation & Robotics,Automation capital spending slowing,Robotics,robotics,20,active
Automation & Robotics,Automation capital spending slowing,Industrial Equipment,industrial_equipment,30,active
Automation & Robotics,Automation capital spending slowing,Motion Control,motion_control,40,active
Automation & Robotics,Automation capital spending slowing,Sensors,sensors,50,active
Automation & Robotics,Automation capital spending slowing,Industrial Software,industrial_software,60,active
Automation & Robotics,Automation capital spending slowing,Semiconductors,semiconductors,70,active
Automation & Robotics,Automation capital spending slowing,Engineering Services,engineering_services,80,active
Automation & Robotics,Automation capital spending slowing,Contract Manufacturing,contract_manufacturing,90,active
Automation & Robotics,Automation capital spending slowing,Power Management,power_management,100,active
Cybersecurity,Cybersecurity spending increasing,Cybersecurity,cybersecurity,10,active
Cybersecurity,Cybersecurity spending increasing,Cloud Security,cloud_security,20,active
Cybersecurity,Cybersecurity spending increasing,Identity Security,identity_security,30,active
Cybersecurity,Cybersecurity spending increasing,Identity Protection,identity_protection,40,active
Cybersecurity,Cybersecurity spending increasing,Managed Services,managed_services,50,active
Cybersecurity,Cybersecurity spending increasing,Networking,networking,60,active
Cybersecurity,Cybersecurity spending increasing,Cloud Services,cloud_services,70,active
Cybersecurity,Cybersecurity spending increasing,Government Technology,government_technology,80,active
Cybersecurity,Cybersecurity spending increasing,Risk Management,risk_management,90,active
Cybersecurity,Cybersecurity spending increasing,Cyber Insurance,cyber_insurance,100,active
Cybersecurity,Cloud security demand increasing,Cloud Security,cloud_security,10,active
Cybersecurity,Cloud security demand increasing,Cybersecurity,cybersecurity,20,active
Cybersecurity,Cloud security demand increasing,Cloud Computing,cloud_computing,30,active
Cybersecurity,Cloud security demand increasing,Cloud Infrastructure,cloud_infrastructure,40,active
Cybersecurity,Cloud security demand increasing,Identity Security,identity_security,50,active
Cybersecurity,Cloud security demand increasing,Networking,networking,60,active
Cybersecurity,Cloud security demand increasing,Managed Services,managed_services,70,active
Cybersecurity,Cloud security demand increasing,Data Infrastructure,data_infrastructure,80,active
Cybersecurity,Cloud security demand increasing,Enterprise Software,enterprise_software,90,active
Cybersecurity,Cloud security demand increasing,Risk Management,risk_management,100,active
Cybersecurity,Identity security becoming more important,Identity Security,identity_security,10,active
Cybersecurity,Identity security becoming more important,Identity Protection,identity_protection,20,active
Cybersecurity,Identity security becoming more important,Digital Identity,digital_identity,30,active
Cybersecurity,Identity security becoming more important,Digital Identification,digital_identification,40,active
Cybersecurity,Identity security becoming more important,Cybersecurity,cybersecurity,50,active
Cybersecurity,Identity security becoming more important,Cloud Security,cloud_security,60,active
Cybersecurity,Identity security becoming more important,Enterprise Software,enterprise_software,70,active
Cybersecurity,Identity security becoming more important,Commercial Banking,commercial_banking,80,active
Cybersecurity,Identity security becoming more important,Government Technology,government_technology,90,active
Cybersecurity,Identity security becoming more important,Telecommunications,telecommunications,100,active
Cybersecurity,Ransomware activity increasing,Cybersecurity,cybersecurity,10,active
Cybersecurity,Ransomware activity increasing,Managed Services,managed_services,20,active
Cybersecurity,Ransomware activity increasing,Data Storage,data_storage,30,active
Cybersecurity,Ransomware activity increasing,Cloud Security,cloud_security,40,active
Cybersecurity,Ransomware activity increasing,Identity Security,identity_security,50,active
Cybersecurity,Ransomware activity increasing,Cyber Insurance,cyber_insurance,60,active
Cybersecurity,Ransomware activity increasing,Risk Management,risk_management,70,active
Cybersecurity,Ransomware activity increasing,Business Services,business_services,80,active
Cybersecurity,Ransomware activity increasing,Government Technology,government_technology,90,active
Cybersecurity,Ransomware activity increasing,Networking,networking,100,active
Cybersecurity,Critical infrastructure protection increasing,Cybersecurity,cybersecurity,10,active
Cybersecurity,Critical infrastructure protection increasing,Government Technology,government_technology,20,active
Cybersecurity,Critical infrastructure protection increasing,Utilities,utilities,30,active
Cybersecurity,Critical infrastructure protection increasing,Grid Infrastructure,grid_infrastructure,40,active
Cybersecurity,Critical infrastructure protection increasing,Telecommunications Infrastructure,telecommunications_infrastructure,50,active
Cybersecurity,Critical infrastructure protection increasing,Data Centres,data_centres,60,active
Cybersecurity,Critical infrastructure protection increasing,Defence Technology,defence_technology,70,active
Cybersecurity,Critical infrastructure protection increasing,Industrial Automation,industrial_automation,80,active
Cybersecurity,Critical infrastructure protection increasing,Water Infrastructure,water_infrastructure,90,active
Cybersecurity,Critical infrastructure protection increasing,Risk Management,risk_management,100,active
Cybersecurity,Cyber regulation tightening,Cybersecurity,cybersecurity,10,active
Cybersecurity,Cyber regulation tightening,Risk Management,risk_management,20,active
Cybersecurity,Cyber regulation tightening,Testing Certification,testing_certification,30,active
Cybersecurity,Cyber regulation tightening,Legal Information,legal_information,40,active
Cybersecurity,Cyber regulation tightening,Consulting,consulting,50,active
Cybersecurity,Cyber regulation tightening,Commercial Banking,commercial_banking,60,active
Cybersecurity,Cyber regulation tightening,Insurance,insurance,70,active
Cybersecurity,Cyber regulation tightening,Healthcare Technology,healthcare_technology,80,active
Cybersecurity,Cyber regulation tightening,Government Technology,government_technology,90,active
Cybersecurity,Cyber regulation tightening,Managed Services,managed_services,100,active
Cybersecurity,Fraud prevention demand increasing,Fraud Detection,fraud_detection,10,active
Cybersecurity,Fraud prevention demand increasing,Fintech,fintech,20,active
Cybersecurity,Fraud prevention demand increasing,Payment Networks,payment_networks,30,active
Cybersecurity,Fraud prevention demand increasing,Commercial Banking,commercial_banking,40,active
Cybersecurity,Fraud prevention demand increasing,Digital Identity,digital_identity,50,active
Cybersecurity,Fraud prevention demand increasing,Identity Security,identity_security,60,active
Cybersecurity,Fraud prevention demand increasing,Ecommerce Platforms,ecommerce_platforms,70,active
Cybersecurity,Fraud prevention demand increasing,Risk Analytics,risk_analytics,80,active
Cybersecurity,Fraud prevention demand increasing,Cybersecurity,cybersecurity,90,active
Cybersecurity,Fraud prevention demand increasing,Merchant Services,merchant_services,100,active
Cybersecurity,Security monitoring expanding,Cybersecurity,cybersecurity,10,active
Cybersecurity,Security monitoring expanding,Video Security,video_security,20,active
Cybersecurity,Security monitoring expanding,Networking,networking,30,active
Cybersecurity,Security monitoring expanding,Managed Services,managed_services,40,active
Cybersecurity,Security monitoring expanding,Data Analytics,data_analytics,50,active
Cybersecurity,Security monitoring expanding,Sensors,sensors,60,active
Cybersecurity,Security monitoring expanding,Cloud Security,cloud_security,70,active
Cybersecurity,Security monitoring expanding,Government Technology,government_technology,80,active
Cybersecurity,Security monitoring expanding,Physical Security,physical_security,90,active
Cybersecurity,Security monitoring expanding,Risk Management,risk_management,100,active
Cybersecurity,Supply-chain cyber risk increasing,Cybersecurity,cybersecurity,10,active
Cybersecurity,Supply-chain cyber risk increasing,Supply Chain,supply_chain,20,active
Cybersecurity,Supply-chain cyber risk increasing,Managed Services,managed_services,30,active
Cybersecurity,Supply-chain cyber risk increasing,Cloud Services,cloud_services,40,active
Cybersecurity,Supply-chain cyber risk increasing,Business Software,business_software,50,active
Cybersecurity,Supply-chain cyber risk increasing,Industrial Automation,industrial_automation,60,active
Cybersecurity,Supply-chain cyber risk increasing,Technology Distribution,technology_distribution,70,active
Cybersecurity,Supply-chain cyber risk increasing,Logistics,logistics,80,active
Cybersecurity,Supply-chain cyber risk increasing,Risk Management,risk_management,90,active
Cybersecurity,Supply-chain cyber risk increasing,Testing Certification,testing_certification,100,active
Cybersecurity,Cyber insurance demand increasing,Cyber Insurance,cyber_insurance,10,active
Cybersecurity,Cyber insurance demand increasing,Insurance,insurance,20,active
Cybersecurity,Cyber insurance demand increasing,Risk Management,risk_management,30,active
Cybersecurity,Cyber insurance demand increasing,Cybersecurity,cybersecurity,40,active
Cybersecurity,Cyber insurance demand increasing,Insurance Brokerage,insurance_brokerage,50,active
Cybersecurity,Cyber insurance demand increasing,Risk Analytics,risk_analytics,60,active
Cybersecurity,Cyber insurance demand increasing,Commercial Banking,commercial_banking,70,active
Cybersecurity,Cyber insurance demand increasing,Managed Services,managed_services,80,active
Cybersecurity,Cyber insurance demand increasing,Legal Information,legal_information,90,active
Cybersecurity,Cyber insurance demand increasing,Consulting,consulting,100,active
Sustainability,Renewable energy investment increasing,Renewable Energy,renewable_energy,10,active
Sustainability,Renewable energy investment increasing,Solar Energy,solar_energy,20,active
Sustainability,Renewable energy investment increasing,Grid Infrastructure,grid_infrastructure,30,active
Sustainability,Renewable energy investment increasing,Energy Storage,energy_storage,40,active
Sustainability,Renewable energy investment increasing,Utilities,utilities,50,active
Sustainability,Renewable energy investment increasing,Power Systems,power_systems,60,active
Sustainability,Renewable energy investment increasing,Electricity Transmission,electricity_transmission,70,active
Sustainability,Renewable energy investment increasing,Engineering Services,engineering_services,80,active
Sustainability,Renewable energy investment increasing,Construction Materials,construction_materials,90,active
Sustainability,Renewable energy investment increasing,Copper,copper,100,active
Sustainability,Energy efficiency investment increasing,Energy Management,energy_management,10,active
Sustainability,Energy efficiency investment increasing,Building Automation,building_automation,20,active
Sustainability,Energy efficiency investment increasing,HVAC,hvac,30,active
Sustainability,Energy efficiency investment increasing,Climate Control,climate_control,40,active
Sustainability,Energy efficiency investment increasing,Industrial Automation,industrial_automation,50,active
Sustainability,Energy efficiency investment increasing,Smart Infrastructure,smart_infrastructure,60,active
Sustainability,Energy efficiency investment increasing,Utilities,utilities,70,active
Sustainability,Energy efficiency investment increasing,Power Management,power_management,80,active
Sustainability,Energy efficiency investment increasing,Engineering Services,engineering_services,90,active
Sustainability,Energy efficiency investment increasing,Building Systems,building_systems,100,active
Sustainability,Electrification accelerating,Electric Vehicles,electric_vehicles,10,active
Sustainability,Electrification accelerating,Battery Storage,battery_storage,20,active
Sustainability,Electrification accelerating,Power Semiconductors,power_semiconductors,30,active
Sustainability,Electrification accelerating,Grid Infrastructure,grid_infrastructure,40,active
Sustainability,Electrification accelerating,Utilities,utilities,50,active
Sustainability,Electrification accelerating,Power Systems,power_systems,60,active
Sustainability,Electrification accelerating,Copper,copper,70,active
Sustainability,Electrification accelerating,Renewable Energy,renewable_energy,80,active
Sustainability,Electrification accelerating,Industrial Equipment,industrial_equipment,90,active
Sustainability,Electrification accelerating,Energy Storage,energy_storage,100,active
Sustainability,Circular economy investment increasing,Recycling,recycling,10,active
Sustainability,Circular economy investment increasing,Waste Management,waste_management,20,active
Sustainability,Circular economy investment increasing,Packaging,packaging,30,active
Sustainability,Circular economy investment increasing,Metals,metals,40,active
Sustainability,Circular economy investment increasing,Industrial Chemicals,industrial_chemicals,50,active
Sustainability,Circular economy investment increasing,Industrial Equipment,industrial_equipment,60,active
Sustainability,Circular economy investment increasing,Consumer Goods,consumer_goods,70,active
Sustainability,Circular economy investment increasing,Construction Materials,construction_materials,80,active
Sustainability,Circular economy investment increasing,Engineering Services,engineering_services,90,active
Sustainability,Circular economy investment increasing,Environmental Services,environmental_services,100,active
Sustainability,Water infrastructure investment increasing,Water Infrastructure,water_infrastructure,10,active
Sustainability,Water infrastructure investment increasing,Water Treatment,water_treatment,20,active
Sustainability,Water infrastructure investment increasing,Water Utilities,water_utilities,30,active
Sustainability,Water infrastructure investment increasing,Water Technology,water_technology,40,active
Sustainability,Water infrastructure investment increasing,Fluid Management,fluid_management,50,active
Sustainability,Water infrastructure investment increasing,Engineering Services,engineering_services,60,active
Sustainability,Water infrastructure investment increasing,Infrastructure Engineering,infrastructure_engineering,70,active
Sustainability,Water infrastructure investment increasing,Industrial Chemicals,industrial_chemicals,80,active
Sustainability,Water infrastructure investment increasing,Smart Infrastructure,smart_infrastructure,90,active
Sustainability,Water infrastructure investment increasing,Environmental Monitoring,environmental_monitoring,100,active
Sustainability,Climate resilience spending increasing,Climate Technology,climate_technology,10,active
Sustainability,Climate resilience spending increasing,Smart Infrastructure,smart_infrastructure,20,active
Sustainability,Climate resilience spending increasing,Engineering Services,engineering_services,30,active
Sustainability,Climate resilience spending increasing,Construction Materials,construction_materials,40,active
Sustainability,Climate resilience spending increasing,Utilities,utilities,50,active
Sustainability,Climate resilience spending increasing,Water Infrastructure,water_infrastructure,60,active
Sustainability,Climate resilience spending increasing,Insurance,insurance,70,active
Sustainability,Climate resilience spending increasing,Environmental Monitoring,environmental_monitoring,80,active
Sustainability,Climate resilience spending increasing,Building Infrastructure,building_infrastructure,90,active
Sustainability,Climate resilience spending increasing,Energy Storage,energy_storage,100,active
Sustainability,Sustainable materials demand increasing,Advanced Materials,advanced_materials,10,active
Sustainability,Sustainable materials demand increasing,Recycling,recycling,20,active
Sustainability,Sustainable materials demand increasing,Packaging,packaging,30,active
Sustainability,Sustainable materials demand increasing,Paper Products,paper_products,40,active
Sustainability,Sustainable materials demand increasing,Aluminium,aluminium,50,active
Sustainability,Sustainable materials demand increasing,Steel,steel,60,active
Sustainability,Sustainable materials demand increasing,Industrial Chemicals,industrial_chemicals,70,active
Sustainability,Sustainable materials demand increasing,Construction Materials,construction_materials,80,active
Sustainability,Sustainable materials demand increasing,Consumer Goods,consumer_goods,90,active
Sustainability,Sustainable materials demand increasing,Forest Products,forest_products,100,active
Sustainability,Environmental monitoring increasing,Environmental Monitoring,environmental_monitoring,10,active
Sustainability,Environmental monitoring increasing,Sensors,sensors,20,active
Sustainability,Environmental monitoring increasing,Analytical Testing,analytical_testing,30,active
Sustainability,Environmental monitoring increasing,Testing Certification,testing_certification,40,active
Sustainability,Environmental monitoring increasing,Data Analytics,data_analytics,50,active
Sustainability,Environmental monitoring increasing,Industrial Instrumentation,industrial_instrumentation,60,active
Sustainability,Environmental monitoring increasing,Environmental Services,environmental_services,70,active
Sustainability,Environmental monitoring increasing,Utilities,utilities,80,active
Sustainability,Environmental monitoring increasing,Agriculture,agriculture,90,active
Sustainability,Environmental monitoring increasing,Government Technology,government_technology,100,active
Sustainability,Sustainability regulation increasing,ESG,esg,10,active
Sustainability,Sustainability regulation increasing,Risk Management,risk_management,20,active
Sustainability,Sustainability regulation increasing,Consulting,consulting,30,active
Sustainability,Sustainability regulation increasing,Testing Certification,testing_certification,40,active
Sustainability,Sustainability regulation increasing,Environmental Services,environmental_services,50,active
Sustainability,Sustainability regulation increasing,Financial Services,financial_services,60,active
Sustainability,Sustainability regulation increasing,Insurance,insurance,70,active
Sustainability,Sustainability regulation increasing,Industrial Chemicals,industrial_chemicals,80,active
Sustainability,Sustainability regulation increasing,Utilities,utilities,90,active
Sustainability,Sustainability regulation increasing,Government Technology,government_technology,100,active
Sustainability,Clean energy investment slowing,Renewable Energy,renewable_energy,10,active
Sustainability,Clean energy investment slowing,Solar Energy,solar_energy,20,active
Sustainability,Clean energy investment slowing,Energy Storage,energy_storage,30,active
Sustainability,Clean energy investment slowing,Grid Infrastructure,grid_infrastructure,40,active
Sustainability,Clean energy investment slowing,Power Systems,power_systems,50,active
Sustainability,Clean energy investment slowing,Engineering Services,engineering_services,60,active
Sustainability,Clean energy investment slowing,Construction Materials,construction_materials,70,active
Sustainability,Clean energy investment slowing,Copper,copper,80,active
Sustainability,Clean energy investment slowing,Utilities,utilities,90,active
Sustainability,Clean energy investment slowing,Climate Technology,climate_technology,100,active
Demographic Change,Population ageing,Healthcare Services,healthcare_services,10,active
Demographic Change,Population ageing,Senior Housing,senior_housing,20,active
Demographic Change,Population ageing,Medical Devices,medical_devices,30,active
Demographic Change,Population ageing,Pharmaceuticals,pharmaceuticals,40,active
Demographic Change,Population ageing,Health Insurance,health_insurance,50,active
Demographic Change,Population ageing,Retirement Services,retirement_services,60,active
Demographic Change,Population ageing,Pensions,pensions,70,active
Demographic Change,Population ageing,Life Insurance,life_insurance,80,active
Demographic Change,Population ageing,Consumer Health,consumer_health,90,active
Demographic Change,Population ageing,Digital Health,digital_health,100,active
Demographic Change,Birth rates declining,Education Services,education_services,10,active
Demographic Change,Birth rates declining,Consumer Goods,consumer_goods,20,active
Demographic Change,Birth rates declining,Residential Real Estate,residential_real_estate,30,active
Demographic Change,Birth rates declining,Homebuilding,homebuilding,40,active
Demographic Change,Birth rates declining,Healthcare Services,healthcare_services,50,active
Demographic Change,Birth rates declining,Financial Services,financial_services,60,active
Demographic Change,Birth rates declining,Retail,retail,70,active
Demographic Change,Birth rates declining,Digital Learning,digital_learning,80,active
Demographic Change,Birth rates declining,Insurance,insurance,90,active
Demographic Change,Birth rates declining,Urban Development,urban_development,100,active
Demographic Change,Longevity increasing,Healthcare Services,healthcare_services,10,active
Demographic Change,Longevity increasing,Retirement Services,retirement_services,20,active
Demographic Change,Longevity increasing,Pensions,pensions,30,active
Demographic Change,Longevity increasing,Life Insurance,life_insurance,40,active
Demographic Change,Longevity increasing,Wealth Management,wealth_management,50,active
Demographic Change,Longevity increasing,Senior Housing,senior_housing,60,active
Demographic Change,Longevity increasing,Medical Devices,medical_devices,70,active
Demographic Change,Longevity increasing,Consumer Health,consumer_health,80,active
Demographic Change,Longevity increasing,Health Insurance,health_insurance,90,active
Demographic Change,Longevity increasing,Wellness,wellness,100,active
Demographic Change,Urban populations increasing,Urban Development,urban_development,10,active
Demographic Change,Urban populations increasing,Smart Infrastructure,smart_infrastructure,20,active
Demographic Change,Urban populations increasing,Transportation Infrastructure,transportation_infrastructure,30,active
Demographic Change,Urban populations increasing,Residential Real Estate,residential_real_estate,40,active
Demographic Change,Urban populations increasing,Utilities,utilities,50,active
Demographic Change,Urban populations increasing,Telecommunications Infrastructure,telecommunications_infrastructure,60,active
Demographic Change,Urban populations increasing,Water Infrastructure,water_infrastructure,70,active
Demographic Change,Urban populations increasing,Infrastructure Engineering,infrastructure_engineering,80,active
Demographic Change,Urban populations increasing,Public Safety,public_safety,90,active
Demographic Change,Urban populations increasing,Retail,retail,100,active
Demographic Change,Migration increasing,Human Capital Services,human_capital_services,10,active
Demographic Change,Migration increasing,Residential Real Estate,residential_real_estate,20,active
Demographic Change,Migration increasing,Infrastructure Engineering,infrastructure_engineering,30,active
Demographic Change,Migration increasing,Transportation,transportation,40,active
Demographic Change,Migration increasing,Commercial Banking,commercial_banking,50,active
Demographic Change,Migration increasing,Telecommunications,telecommunications,60,active
Demographic Change,Migration increasing,Retail,retail,70,active
Demographic Change,Migration increasing,Healthcare Services,healthcare_services,80,active
Demographic Change,Migration increasing,Education Services,education_services,90,active
Demographic Change,Migration increasing,Public Safety,public_safety,100,active
Demographic Change,Household formation changing,Residential Real Estate,residential_real_estate,10,active
Demographic Change,Household formation changing,Homebuilding,homebuilding,20,active
Demographic Change,Household formation changing,Home Furnishings,home_furnishings,30,active
Demographic Change,Household formation changing,Consumer Goods,consumer_goods,40,active
Demographic Change,Household formation changing,Utilities,utilities,50,active
Demographic Change,Household formation changing,Mortgage Services,mortgage_services,60,active
Demographic Change,Household formation changing,Insurance,insurance,70,active
Demographic Change,Household formation changing,Retail,retail,80,active
Demographic Change,Household formation changing,Telecommunications,telecommunications,90,active
Demographic Change,Household formation changing,Financial Services,financial_services,100,active
Demographic Change,Middle-class consumption increasing,Consumer Goods,consumer_goods,10,active
Demographic Change,Middle-class consumption increasing,Retail,retail,20,active
Demographic Change,Middle-class consumption increasing,Travel Services,travel_services,30,active
Demographic Change,Middle-class consumption increasing,Automotive Services,automotive_services,40,active
Demographic Change,Middle-class consumption increasing,Commercial Banking,commercial_banking,50,active
Demographic Change,Middle-class consumption increasing,Payment Networks,payment_networks,60,active
Demographic Change,Middle-class consumption increasing,Telecommunications,telecommunications,70,active
Demographic Change,Middle-class consumption increasing,Healthcare Services,healthcare_services,80,active
Demographic Change,Middle-class consumption increasing,Insurance,insurance,90,active
Demographic Change,Middle-class consumption increasing,Consumer Electronics,consumer_electronics,100,active
Demographic Change,Healthcare demand increasing,Healthcare Services,healthcare_services,10,active
Demographic Change,Healthcare demand increasing,Hospitals,hospitals,20,active
Demographic Change,Healthcare demand increasing,Medical Devices,medical_devices,30,active
Demographic Change,Healthcare demand increasing,Diagnostics,diagnostics,40,active
Demographic Change,Healthcare demand increasing,Pharmaceuticals,pharmaceuticals,50,active
Demographic Change,Healthcare demand increasing,Health Insurance,health_insurance,60,active
Demographic Change,Healthcare demand increasing,Digital Health,digital_health,70,active
Demographic Change,Healthcare demand increasing,Senior Housing,senior_housing,80,active
Demographic Change,Healthcare demand increasing,Consumer Health,consumer_health,90,active
Demographic Change,Healthcare demand increasing,Healthcare Distribution,healthcare_distribution,100,active
Demographic Change,Retirement assets increasing,Pensions,pensions,10,active
Demographic Change,Retirement assets increasing,Retirement Services,retirement_services,20,active
Demographic Change,Retirement assets increasing,Investment Management,investment_management,30,active
Demographic Change,Retirement assets increasing,Wealth Management,wealth_management,40,active
Demographic Change,Retirement assets increasing,Life Insurance,life_insurance,50,active
Demographic Change,Retirement assets increasing,Asset Management,asset_management,60,active
Demographic Change,Retirement assets increasing,Financial Advice,financial_advice,70,active
Demographic Change,Retirement assets increasing,Investment Advisory,investment_advisory,80,active
Demographic Change,Retirement assets increasing,Commercial Banking,commercial_banking,90,active
Demographic Change,Retirement assets increasing,Financial Services,financial_services,100,active
Demographic Change,Workforce participation changing,Human Capital Services,human_capital_services,10,active
Demographic Change,Workforce participation changing,Hr Services,hr_services,20,active
Demographic Change,Workforce participation changing,Payroll,payroll,30,active
Demographic Change,Workforce participation changing,Industrial Automation,industrial_automation,40,active
Demographic Change,Workforce participation changing,Robotics,robotics,50,active
Demographic Change,Workforce participation changing,Business Services,business_services,60,active
Demographic Change,Workforce participation changing,Healthcare Services,healthcare_services,70,active
Demographic Change,Workforce participation changing,Retail,retail,80,active
Demographic Change,Workforce participation changing,Infrastructure Engineering,infrastructure_engineering,90,active
Demographic Change,Workforce participation changing,Logistics,logistics,100,active
Urbanisation,Urban population growth,Urban Development,urban_development,10,active
Urbanisation,Urban population growth,Residential Real Estate,residential_real_estate,20,active
Urbanisation,Urban population growth,Infrastructure Engineering,infrastructure_engineering,30,active
Urbanisation,Urban population growth,Utilities,utilities,40,active
Urbanisation,Urban population growth,Transportation Infrastructure,transportation_infrastructure,50,active
Urbanisation,Urban population growth,Water Infrastructure,water_infrastructure,60,active
Urbanisation,Urban population growth,Telecommunications Infrastructure,telecommunications_infrastructure,70,active
Urbanisation,Urban population growth,Retail,retail,80,active
Urbanisation,Urban population growth,Public Safety,public_safety,90,active
Urbanisation,Urban population growth,Commercial Banking,commercial_banking,100,active
Urbanisation,Smart city investment increasing,Smart Infrastructure,smart_infrastructure,10,active
Urbanisation,Smart city investment increasing,IoT,iot,20,active
Urbanisation,Smart city investment increasing,Sensors,sensors,30,active
Urbanisation,Smart city investment increasing,Government Technology,government_technology,40,active
Urbanisation,Smart city investment increasing,Telecommunications Infrastructure,telecommunications_infrastructure,50,active
Urbanisation,Smart city investment increasing,Utilities,utilities,60,active
Urbanisation,Smart city investment increasing,Transportation Infrastructure,transportation_infrastructure,70,active
Urbanisation,Smart city investment increasing,Video Security,video_security,80,active
Urbanisation,Smart city investment increasing,Data Analytics,data_analytics,90,active
Urbanisation,Smart city investment increasing,Engineering Services,engineering_services,100,active
Urbanisation,Public transport investment increasing,Passenger Transport,passenger_transport,10,active
Urbanisation,Public transport investment increasing,Rail Transport,rail_transport,20,active
Urbanisation,Public transport investment increasing,Buses,buses,30,active
Urbanisation,Public transport investment increasing,Transportation Infrastructure,transportation_infrastructure,40,active
Urbanisation,Public transport investment increasing,Engineering Services,engineering_services,50,active
Urbanisation,Public transport investment increasing,Infrastructure Engineering,infrastructure_engineering,60,active
Urbanisation,Public transport investment increasing,Rail Equipment,rail_equipment,70,active
Urbanisation,Public transport investment increasing,Smart Infrastructure,smart_infrastructure,80,active
Urbanisation,Public transport investment increasing,Utilities,utilities,90,active
Urbanisation,Public transport investment increasing,Mobility,mobility,100,active
Urbanisation,Urban housing demand increasing,Residential Real Estate,residential_real_estate,10,active
Urbanisation,Urban housing demand increasing,Homebuilding,homebuilding,20,active
Urbanisation,Urban housing demand increasing,Residential Construction,residential_construction,30,active
Urbanisation,Urban housing demand increasing,Property Management,property_management,40,active
Urbanisation,Urban housing demand increasing,Mortgage Services,mortgage_services,50,active
Urbanisation,Urban housing demand increasing,Construction Materials,construction_materials,60,active
Urbanisation,Urban housing demand increasing,Utilities,utilities,70,active
Urbanisation,Urban housing demand increasing,Retail,retail,80,active
Urbanisation,Urban housing demand increasing,Insurance,insurance,90,active
Urbanisation,Urban housing demand increasing,Urban Development,urban_development,100,active
Urbanisation,Commercial property demand changing,Commercial Real Estate,commercial_real_estate,10,active
Urbanisation,Commercial property demand changing,Office Property,office_property,20,active
Urbanisation,Commercial property demand changing,Retail Property,retail_property,30,active
Urbanisation,Commercial property demand changing,Mixed Use Property,mixed_use_property,40,active
Urbanisation,Commercial property demand changing,Property Management,property_management,50,active
Urbanisation,Commercial property demand changing,Real Estate Development,real_estate_development,60,active
Urbanisation,Commercial property demand changing,Facilities Services,facilities_services,70,active
Urbanisation,Commercial property demand changing,Infrastructure Engineering,infrastructure_engineering,80,active
Urbanisation,Commercial property demand changing,Utilities,utilities,90,active
Urbanisation,Commercial property demand changing,Insurance,insurance,100,active
Urbanisation,Urban logistics demand increasing,Logistics,logistics,10,active
Urbanisation,Urban logistics demand increasing,Parcel Delivery,parcel_delivery,20,active
Urbanisation,Urban logistics demand increasing,Express Delivery,express_delivery,30,active
Urbanisation,Urban logistics demand increasing,Freight Forwarding,freight_forwarding,40,active
Urbanisation,Urban logistics demand increasing,Road Freight,road_freight,50,active
Urbanisation,Urban logistics demand increasing,Ecommerce Platforms,ecommerce_platforms,60,active
Urbanisation,Urban logistics demand increasing,Retail,retail,70,active
Urbanisation,Urban logistics demand increasing,Logistics Real Estate,logistics_real_estate,80,active
Urbanisation,Urban logistics demand increasing,Mobility,mobility,90,active
Urbanisation,Urban logistics demand increasing,Supply Chain Services,supply_chain_services,100,active
Urbanisation,Water demand increasing,Water Utilities,water_utilities,10,active
Urbanisation,Water demand increasing,Water Infrastructure,water_infrastructure,20,active
Urbanisation,Water demand increasing,Water Treatment,water_treatment,30,active
Urbanisation,Water demand increasing,Water Technology,water_technology,40,active
Urbanisation,Water demand increasing,Fluid Management,fluid_management,50,active
Urbanisation,Water demand increasing,Infrastructure Engineering,infrastructure_engineering,60,active
Urbanisation,Water demand increasing,Engineering Services,engineering_services,70,active
Urbanisation,Water demand increasing,Smart Infrastructure,smart_infrastructure,80,active
Urbanisation,Water demand increasing,Environmental Monitoring,environmental_monitoring,90,active
Urbanisation,Water demand increasing,Utilities,utilities,100,active
Urbanisation,Urban energy demand increasing,Utilities,utilities,10,active
Urbanisation,Urban energy demand increasing,Electricity Generation,electricity_generation,20,active
Urbanisation,Urban energy demand increasing,Grid Infrastructure,grid_infrastructure,30,active
Urbanisation,Urban energy demand increasing,Electricity Transmission,electricity_transmission,40,active
Urbanisation,Urban energy demand increasing,Energy Storage,energy_storage,50,active
Urbanisation,Urban energy demand increasing,Building Automation,building_automation,60,active
Urbanisation,Urban energy demand increasing,HVAC,hvac,70,active
Urbanisation,Urban energy demand increasing,Data Centres,data_centres,80,active
Urbanisation,Urban energy demand increasing,Power Systems,power_systems,90,active
Urbanisation,Urban energy demand increasing,Renewable Energy,renewable_energy,100,active
Urbanisation,Urban resilience investment increasing,Smart Infrastructure,smart_infrastructure,10,active
Urbanisation,Urban resilience investment increasing,Public Safety,public_safety,20,active
Urbanisation,Urban resilience investment increasing,Video Security,video_security,30,active
Urbanisation,Urban resilience investment increasing,Water Infrastructure,water_infrastructure,40,active
Urbanisation,Urban resilience investment increasing,Utilities,utilities,50,active
Urbanisation,Urban resilience investment increasing,Engineering Services,engineering_services,60,active
Urbanisation,Urban resilience investment increasing,Infrastructure Engineering,infrastructure_engineering,70,active
Urbanisation,Urban resilience investment increasing,Environmental Monitoring,environmental_monitoring,80,active
Urbanisation,Urban resilience investment increasing,Government Technology,government_technology,90,active
Urbanisation,Urban resilience investment increasing,Insurance,insurance,100,active
Urbanisation,Urban digital connectivity expanding,Broadband,broadband,10,active
Urbanisation,Urban digital connectivity expanding,Wireless Networks,wireless_networks,20,active
Urbanisation,Urban digital connectivity expanding,Mobile Networks,mobile_networks,30,active
Urbanisation,Urban digital connectivity expanding,Telecommunications Infrastructure,telecommunications_infrastructure,40,active
Urbanisation,Urban digital connectivity expanding,Digital Infrastructure,digital_infrastructure,50,active
Urbanisation,Urban digital connectivity expanding,Data Centres,data_centres,60,active
Urbanisation,Urban digital connectivity expanding,Networking,networking,70,active
Urbanisation,Urban digital connectivity expanding,Towers,towers,80,active
Urbanisation,Urban digital connectivity expanding,Smart Infrastructure,smart_infrastructure,90,active
Urbanisation,Urban digital connectivity expanding,Government Technology,government_technology,100,active
Government & Regulation,Infrastructure spending increasing,Infrastructure,infrastructure,10,active
Government & Regulation,Infrastructure spending increasing,Infrastructure Engineering,infrastructure_engineering,20,active
Government & Regulation,Infrastructure spending increasing,Engineering Services,engineering_services,30,active
Government & Regulation,Infrastructure spending increasing,Construction Materials,construction_materials,40,active
Government & Regulation,Infrastructure spending increasing,Industrial Equipment,industrial_equipment,50,active
Government & Regulation,Infrastructure spending increasing,Transportation Infrastructure,transportation_infrastructure,60,active
Government & Regulation,Infrastructure spending increasing,Utilities,utilities,70,active
Government & Regulation,Infrastructure spending increasing,Water Infrastructure,water_infrastructure,80,active
Government & Regulation,Infrastructure spending increasing,Grid Infrastructure,grid_infrastructure,90,active
Government & Regulation,Infrastructure spending increasing,Commercial Banking,commercial_banking,100,active
Government & Regulation,Defence spending increasing,Aerospace Defence,aerospace_defence,10,active
Government & Regulation,Defence spending increasing,Defence Systems,defence_systems,20,active
Government & Regulation,Defence spending increasing,Defence Technology,defence_technology,30,active
Government & Regulation,Defence spending increasing,Defence Electronics,defence_electronics,40,active
Government & Regulation,Defence spending increasing,Weapons Systems,weapons_systems,50,active
Government & Regulation,Defence spending increasing,Military Systems,military_systems,60,active
Government & Regulation,Defence spending increasing,Naval Vessels,naval_vessels,70,active
Government & Regulation,Defence spending increasing,Satellites,satellites,80,active
Government & Regulation,Defence spending increasing,Cybersecurity,cybersecurity,90,active
Government & Regulation,Defence spending increasing,Engineering Services,engineering_services,100,active
Government & Regulation,Industrial policy expanding,Industrial Equipment,industrial_equipment,10,active
Government & Regulation,Industrial policy expanding,Semiconductors,semiconductors,20,active
Government & Regulation,Industrial policy expanding,Energy Infrastructure,energy_infrastructure,30,active
Government & Regulation,Industrial policy expanding,Infrastructure Engineering,infrastructure_engineering,40,active
Government & Regulation,Industrial policy expanding,Critical Minerals,critical_minerals,50,active
Government & Regulation,Industrial policy expanding,Commercial Banking,commercial_banking,60,active
Government & Regulation,Industrial policy expanding,Industrial Automation,industrial_automation,70,active
Government & Regulation,Industrial policy expanding,Aerospace Defence,aerospace_defence,80,active
Government & Regulation,Industrial policy expanding,Research Services,research_services,90,active
Government & Regulation,Industrial policy expanding,Government Technology,government_technology,100,active
Government & Regulation,Financial regulation tightening,Commercial Banking,commercial_banking,10,active
Government & Regulation,Financial regulation tightening,Investment Banking,investment_banking,20,active
Government & Regulation,Financial regulation tightening,Insurance,insurance,30,active
Government & Regulation,Financial regulation tightening,Investment Management,investment_management,40,active
Government & Regulation,Financial regulation tightening,Fintech,fintech,50,active
Government & Regulation,Financial regulation tightening,Risk Management,risk_management,60,active
Government & Regulation,Financial regulation tightening,Market Data,market_data,70,active
Government & Regulation,Financial regulation tightening,Credit Services,credit_services,80,active
Government & Regulation,Financial regulation tightening,Digital Identity,digital_identity,90,active
Government & Regulation,Financial regulation tightening,Cybersecurity,cybersecurity,100,active
Government & Regulation,Technology regulation tightening,Artificial Intelligence,artificial_intelligence,10,active
Government & Regulation,Technology regulation tightening,Digital Advertising,digital_advertising,20,active
Government & Regulation,Technology regulation tightening,Cloud Services,cloud_services,30,active
Government & Regulation,Technology regulation tightening,Cybersecurity,cybersecurity,40,active
Government & Regulation,Technology regulation tightening,Digital Identity,digital_identity,50,active
Government & Regulation,Technology regulation tightening,Telecommunications,telecommunications,60,active
Government & Regulation,Technology regulation tightening,Semiconductors,semiconductors,70,active
Government & Regulation,Technology regulation tightening,Enterprise Software,enterprise_software,80,active
Government & Regulation,Technology regulation tightening,Risk Management,risk_management,90,active
Government & Regulation,Technology regulation tightening,Government Technology,government_technology,100,active
Government & Regulation,Environmental regulation tightening,Industrial Chemicals,industrial_chemicals,10,active
Government & Regulation,Environmental regulation tightening,Utilities,utilities,20,active
Government & Regulation,Environmental regulation tightening,Energy Services,energy_services,30,active
Government & Regulation,Environmental regulation tightening,Mining,mining,40,active
Government & Regulation,Environmental regulation tightening,Construction Materials,construction_materials,50,active
Government & Regulation,Environmental regulation tightening,Agriculture,agriculture,60,active
Government & Regulation,Environmental regulation tightening,Environmental Services,environmental_services,70,active
Government & Regulation,Environmental regulation tightening,Recycling,recycling,80,active
Government & Regulation,Environmental regulation tightening,Risk Management,risk_management,90,active
Government & Regulation,Environmental regulation tightening,Testing Certification,testing_certification,100,active
Government & Regulation,Healthcare policy changing,Health Insurance,health_insurance,10,active
Government & Regulation,Healthcare policy changing,Hospitals,hospitals,20,active
Government & Regulation,Healthcare policy changing,Pharmaceuticals,pharmaceuticals,30,active
Government & Regulation,Healthcare policy changing,Medical Devices,medical_devices,40,active
Government & Regulation,Healthcare policy changing,Healthcare Services,healthcare_services,50,active
Government & Regulation,Healthcare policy changing,Digital Health,digital_health,60,active
Government & Regulation,Healthcare policy changing,Diagnostics,diagnostics,70,active
Government & Regulation,Healthcare policy changing,Biotechnology,biotechnology,80,active
Government & Regulation,Healthcare policy changing,Healthcare Distribution,healthcare_distribution,90,active
Government & Regulation,Healthcare policy changing,Risk Management,risk_management,100,active
Government & Regulation,Trade policy becoming more restrictive,Industrial Processing,industrial_processing,10,active
Government & Regulation,Trade policy becoming more restrictive,Semiconductors,semiconductors,20,active
Government & Regulation,Trade policy becoming more restrictive,Technology Distribution,technology_distribution,30,active
Government & Regulation,Trade policy becoming more restrictive,Agriculture,agriculture,40,active
Government & Regulation,Trade policy becoming more restrictive,Mining,mining,50,active
Government & Regulation,Trade policy becoming more restrictive,Freight Transport,freight_transport,60,active
Government & Regulation,Trade policy becoming more restrictive,Logistics,logistics,70,active
Government & Regulation,Trade policy becoming more restrictive,Commercial Banking,commercial_banking,80,active
Government & Regulation,Trade policy becoming more restrictive,Consumer Electronics,consumer_electronics,90,active
Government & Regulation,Trade policy becoming more restrictive,Automotive Parts,automotive_parts,100,active
Government & Regulation,Public digital services expanding,Government Technology,government_technology,10,active
Government & Regulation,Public digital services expanding,Digital Identity,digital_identity,20,active
Government & Regulation,Public digital services expanding,Cloud Services,cloud_services,30,active
Government & Regulation,Public digital services expanding,Cybersecurity,cybersecurity,40,active
Government & Regulation,Public digital services expanding,Data Analytics,data_analytics,50,active
Government & Regulation,Public digital services expanding,Telecommunications,telecommunications,60,active
Government & Regulation,Public digital services expanding,Digital Learning,digital_learning,70,active
Government & Regulation,Public digital services expanding,Public Safety,public_safety,80,active
Government & Regulation,Public digital services expanding,Business Software,business_software,90,active
Government & Regulation,Public digital services expanding,Managed Services,managed_services,100,active
Government & Regulation,Tax policy changing,Commercial Banking,commercial_banking,10,active
Government & Regulation,Tax policy changing,Investment Management,investment_management,20,active
Government & Regulation,Tax policy changing,Consumer Finance,consumer_finance,30,active
Government & Regulation,Tax policy changing,Real Estate Services,real_estate_services,40,active
Government & Regulation,Tax policy changing,Retail,retail,50,active
Government & Regulation,Tax policy changing,Industrial Equipment,industrial_equipment,60,active
Government & Regulation,Tax policy changing,Business Services,business_services,70,active
Government & Regulation,Tax policy changing,Insurance,insurance,80,active
Government & Regulation,Tax policy changing,Homebuilding,homebuilding,90,active
Government & Regulation,Tax policy changing,Financial Services,financial_services,100,active
Geopolitics,Military tensions increasing,Aerospace Defence,aerospace_defence,10,active
Geopolitics,Military tensions increasing,Defence Systems,defence_systems,20,active
Geopolitics,Military tensions increasing,Weapons Systems,weapons_systems,30,active
Geopolitics,Military tensions increasing,Cybersecurity,cybersecurity,40,active
Geopolitics,Military tensions increasing,Satellite Communications,satellite_communications,50,active
Geopolitics,Military tensions increasing,Oil Gas,oil_gas,60,active
Geopolitics,Military tensions increasing,Freight Transport,freight_transport,70,active
Geopolitics,Military tensions increasing,Critical Minerals,critical_minerals,80,active
Geopolitics,Military tensions increasing,Commercial Banking,commercial_banking,90,active
Geopolitics,Military tensions increasing,Insurance,insurance,100,active
Geopolitics,Sanctions expanding,Commercial Banking,commercial_banking,10,active
Geopolitics,Sanctions expanding,Freight Transport,freight_transport,20,active
Geopolitics,Sanctions expanding,Commodity Trading,commodity_trading,30,active
Geopolitics,Sanctions expanding,Oil Gas,oil_gas,40,active
Geopolitics,Sanctions expanding,Mining,mining,50,active
Geopolitics,Sanctions expanding,Technology Distribution,technology_distribution,60,active
Geopolitics,Sanctions expanding,Aerospace Defence,aerospace_defence,70,active
Geopolitics,Sanctions expanding,Logistics,logistics,80,active
Geopolitics,Sanctions expanding,Risk Management,risk_management,90,active
Geopolitics,Sanctions expanding,Financial Services,financial_services,100,active
Geopolitics,Trade blocs fragmenting,Supply Chain,supply_chain,10,active
Geopolitics,Trade blocs fragmenting,Logistics,logistics,20,active
Geopolitics,Trade blocs fragmenting,Industrial Processing,industrial_processing,30,active
Geopolitics,Trade blocs fragmenting,Semiconductors,semiconductors,40,active
Geopolitics,Trade blocs fragmenting,Freight Transport,freight_transport,50,active
Geopolitics,Trade blocs fragmenting,Transportation Infrastructure,transportation_infrastructure,60,active
Geopolitics,Trade blocs fragmenting,Commercial Banking,commercial_banking,70,active
Geopolitics,Trade blocs fragmenting,Technology Distribution,technology_distribution,80,active
Geopolitics,Trade blocs fragmenting,Critical Minerals,critical_minerals,90,active
Geopolitics,Trade blocs fragmenting,Agriculture,agriculture,100,active
Geopolitics,Strategic reshoring increasing,Industrial Processing,industrial_processing,10,active
Geopolitics,Strategic reshoring increasing,Infrastructure Engineering,infrastructure_engineering,20,active
Geopolitics,Strategic reshoring increasing,Industrial Automation,industrial_automation,30,active
Geopolitics,Strategic reshoring increasing,Semiconductors,semiconductors,40,active
Geopolitics,Strategic reshoring increasing,Energy Infrastructure,energy_infrastructure,50,active
Geopolitics,Strategic reshoring increasing,Critical Minerals,critical_minerals,60,active
Geopolitics,Strategic reshoring increasing,Logistics,logistics,70,active
Geopolitics,Strategic reshoring increasing,Engineering Services,engineering_services,80,active
Geopolitics,Strategic reshoring increasing,Industrial Equipment,industrial_equipment,90,active
Geopolitics,Strategic reshoring increasing,Commercial Banking,commercial_banking,100,active
Geopolitics,Energy security concerns increasing,Oil Gas,oil_gas,10,active
Geopolitics,Energy security concerns increasing,Natural Gas,natural_gas,20,active
Geopolitics,Energy security concerns increasing,LNG,lng,30,active
Geopolitics,Energy security concerns increasing,Renewable Energy,renewable_energy,40,active
Geopolitics,Energy security concerns increasing,Power Generation,power_generation,50,active
Geopolitics,Energy security concerns increasing,Energy Storage,energy_storage,60,active
Geopolitics,Energy security concerns increasing,Grid Infrastructure,grid_infrastructure,70,active
Geopolitics,Energy security concerns increasing,Utilities,utilities,80,active
Geopolitics,Energy security concerns increasing,Pipeline Infrastructure,pipeline_infrastructure,90,active
Geopolitics,Energy security concerns increasing,Energy Trading,energy_trading,100,active
Geopolitics,Critical mineral security increasing,Critical Minerals,critical_minerals,10,active
Geopolitics,Critical mineral security increasing,Mining,mining,20,active
Geopolitics,Critical mineral security increasing,Copper,copper,30,active
Geopolitics,Critical mineral security increasing,Battery Materials,battery_materials,40,active
Geopolitics,Critical mineral security increasing,Semiconductors,semiconductors,50,active
Geopolitics,Critical mineral security increasing,Defence Technology,defence_technology,60,active
Geopolitics,Critical mineral security increasing,Energy Storage,energy_storage,70,active
Geopolitics,Critical mineral security increasing,Industrial Equipment,industrial_equipment,80,active
Geopolitics,Critical mineral security increasing,Commodity Trading,commodity_trading,90,active
Geopolitics,Critical mineral security increasing,Recycling,recycling,100,active
Geopolitics,Shipping route disruption increasing,Freight Transport,freight_transport,10,active
Geopolitics,Shipping route disruption increasing,Transportation Infrastructure,transportation_infrastructure,20,active
Geopolitics,Shipping route disruption increasing,Freight Forwarding,freight_forwarding,30,active
Geopolitics,Shipping route disruption increasing,Logistics,logistics,40,active
Geopolitics,Shipping route disruption increasing,Insurance,insurance,50,active
Geopolitics,Shipping route disruption increasing,Commodity Trading,commodity_trading,60,active
Geopolitics,Shipping route disruption increasing,Oil Gas,oil_gas,70,active
Geopolitics,Shipping route disruption increasing,Retail,retail,80,active
Geopolitics,Shipping route disruption increasing,Industrial Processing,industrial_processing,90,active
Geopolitics,Shipping route disruption increasing,Agriculture,agriculture,100,active
Geopolitics,Cyber conflict increasing,Cybersecurity,cybersecurity,10,active
Geopolitics,Cyber conflict increasing,Government Technology,government_technology,20,active
Geopolitics,Cyber conflict increasing,Defence Technology,defence_technology,30,active
Geopolitics,Cyber conflict increasing,Telecommunications Infrastructure,telecommunications_infrastructure,40,active
Geopolitics,Cyber conflict increasing,Utilities,utilities,50,active
Geopolitics,Cyber conflict increasing,Commercial Banking,commercial_banking,60,active
Geopolitics,Cyber conflict increasing,Data Centres,data_centres,70,active
Geopolitics,Cyber conflict increasing,Satellite Communications,satellite_communications,80,active
Geopolitics,Cyber conflict increasing,Risk Management,risk_management,90,active
Geopolitics,Cyber conflict increasing,Managed Services,managed_services,100,active
Geopolitics,Defence alliances strengthening,Aerospace Defence,aerospace_defence,10,active
Geopolitics,Defence alliances strengthening,Defence Systems,defence_systems,20,active
Geopolitics,Defence alliances strengthening,Defence Electronics,defence_electronics,30,active
Geopolitics,Defence alliances strengthening,Weapons Systems,weapons_systems,40,active
Geopolitics,Defence alliances strengthening,Military Systems,military_systems,50,active
Geopolitics,Defence alliances strengthening,Naval Vessels,naval_vessels,60,active
Geopolitics,Defence alliances strengthening,Satellites,satellites,70,active
Geopolitics,Defence alliances strengthening,Cybersecurity,cybersecurity,80,active
Geopolitics,Defence alliances strengthening,Engineering Services,engineering_services,90,active
Geopolitics,Defence alliances strengthening,Industrial Processing,industrial_processing,100,active
Geopolitics,Cross-border capital restrictions increasing,Commercial Banking,commercial_banking,10,active
Geopolitics,Cross-border capital restrictions increasing,Investment Banking,investment_banking,20,active
Geopolitics,Cross-border capital restrictions increasing,Investment Management,investment_management,30,active
Geopolitics,Cross-border capital restrictions increasing,Private Equity,private_equity,40,active
Geopolitics,Cross-border capital restrictions increasing,Real Estate Services,real_estate_services,50,active
Geopolitics,Cross-border capital restrictions increasing,Technology Investing,technology_investing,60,active
Geopolitics,Cross-border capital restrictions increasing,Financial Services,financial_services,70,active
Geopolitics,Cross-border capital restrictions increasing,Risk Management,risk_management,80,active
Geopolitics,Cross-border capital restrictions increasing,Market Data,market_data,90,active
Geopolitics,Cross-border capital restrictions increasing,Global Equities,global_equities,100,active
Healthcare Innovation,Drug discovery accelerating,Drug Discovery,drug_discovery,10,active
Healthcare Innovation,Drug discovery accelerating,Biotechnology,biotechnology,20,active
Healthcare Innovation,Drug discovery accelerating,Pharmaceuticals,pharmaceuticals,30,active
Healthcare Innovation,Drug discovery accelerating,Bioinformatics,bioinformatics,40,active
Healthcare Innovation,Drug discovery accelerating,Clinical Research,clinical_research,50,active
Healthcare Innovation,Drug discovery accelerating,Laboratory Equipment,laboratory_equipment,60,active
Healthcare Innovation,Drug discovery accelerating,Life Sciences,life_sciences,70,active
Healthcare Innovation,Drug discovery accelerating,Artificial Intelligence,artificial_intelligence,80,active
Healthcare Innovation,Drug discovery accelerating,Drug Development,drug_development,90,active
Healthcare Innovation,Drug discovery accelerating,Research Services,research_services,100,active
Healthcare Innovation,Precision medicine expanding,Biotechnology,biotechnology,10,active
Healthcare Innovation,Precision medicine expanding,Diagnostics,diagnostics,20,active
Healthcare Innovation,Precision medicine expanding,Molecular Diagnostics,molecular_diagnostics,30,active
Healthcare Innovation,Precision medicine expanding,Bioinformatics,bioinformatics,40,active
Healthcare Innovation,Precision medicine expanding,Pharmaceuticals,pharmaceuticals,50,active
Healthcare Innovation,Precision medicine expanding,Drug Development,drug_development,60,active
Healthcare Innovation,Precision medicine expanding,Rare Diseases,rare_diseases,70,active
Healthcare Innovation,Precision medicine expanding,Clinical Research,clinical_research,80,active
Healthcare Innovation,Precision medicine expanding,Healthcare Analytics,healthcare_analytics,90,active
Healthcare Innovation,Precision medicine expanding,Laboratory Testing,laboratory_testing,100,active
Healthcare Innovation,Digital health adoption increasing,Digital Health,digital_health,10,active
Healthcare Innovation,Digital health adoption increasing,Healthcare Technology,healthcare_technology,20,active
Healthcare Innovation,Digital health adoption increasing,Healthcare Analytics,healthcare_analytics,30,active
Healthcare Innovation,Digital health adoption increasing,Cloud Services,cloud_services,40,active
Healthcare Innovation,Digital health adoption increasing,Cybersecurity,cybersecurity,50,active
Healthcare Innovation,Digital health adoption increasing,Medical Devices,medical_devices,60,active
Healthcare Innovation,Digital health adoption increasing,Hospitals,hospitals,70,active
Healthcare Innovation,Digital health adoption increasing,Telecommunications,telecommunications,80,active
Healthcare Innovation,Digital health adoption increasing,Artificial Intelligence,artificial_intelligence,90,active
Healthcare Innovation,Digital health adoption increasing,Health Insurance,health_insurance,100,active
Healthcare Innovation,Robotic surgery adoption increasing,Robotic Surgery,robotic_surgery,10,active
Healthcare Innovation,Robotic surgery adoption increasing,Medical Devices,medical_devices,20,active
Healthcare Innovation,Robotic surgery adoption increasing,Surgical Equipment,surgical_equipment,30,active
Healthcare Innovation,Robotic surgery adoption increasing,Hospitals,hospitals,40,active
Healthcare Innovation,Robotic surgery adoption increasing,Precision Instruments,precision_instruments,50,active
Healthcare Innovation,Robotic surgery adoption increasing,Sensors,sensors,60,active
Healthcare Innovation,Robotic surgery adoption increasing,Engineering Software,engineering_software,70,active
Healthcare Innovation,Robotic surgery adoption increasing,Healthcare Technology,healthcare_technology,80,active
Healthcare Innovation,Robotic surgery adoption increasing,Sterilisation,sterilisation,90,active
Healthcare Innovation,Robotic surgery adoption increasing,Clinical Research,clinical_research,100,active
Healthcare Innovation,Medical diagnostics improving,Diagnostics,diagnostics,10,active
Healthcare Innovation,Medical diagnostics improving,Molecular Diagnostics,molecular_diagnostics,20,active
Healthcare Innovation,Medical diagnostics improving,Medical Imaging,medical_imaging,30,active
Healthcare Innovation,Medical diagnostics improving,Laboratory Equipment,laboratory_equipment,40,active
Healthcare Innovation,Medical diagnostics improving,Laboratory Testing,laboratory_testing,50,active
Healthcare Innovation,Medical diagnostics improving,Bioinformatics,bioinformatics,60,active
Healthcare Innovation,Medical diagnostics improving,Medical Devices,medical_devices,70,active
Healthcare Innovation,Medical diagnostics improving,Healthcare Analytics,healthcare_analytics,80,active
Healthcare Innovation,Medical diagnostics improving,Clinical Research,clinical_research,90,active
Healthcare Innovation,Medical diagnostics improving,Hospitals,hospitals,100,active
Healthcare Innovation,Biotechnology investment increasing,Biotechnology,biotechnology,10,active
Healthcare Innovation,Biotechnology investment increasing,Drug Discovery,drug_discovery,20,active
Healthcare Innovation,Biotechnology investment increasing,Drug Development,drug_development,30,active
Healthcare Innovation,Biotechnology investment increasing,Clinical Research,clinical_research,40,active
Healthcare Innovation,Biotechnology investment increasing,Laboratory Equipment,laboratory_equipment,50,active
Healthcare Innovation,Biotechnology investment increasing,Bioinformatics,bioinformatics,60,active
Healthcare Innovation,Biotechnology investment increasing,Pharmaceuticals,pharmaceuticals,70,active
Healthcare Innovation,Biotechnology investment increasing,Life Sciences,life_sciences,80,active
Healthcare Innovation,Biotechnology investment increasing,Rare Diseases,rare_diseases,90,active
Healthcare Innovation,Biotechnology investment increasing,Research Services,research_services,100,active
Healthcare Innovation,Vaccine technology advancing,Vaccines,vaccines,10,active
Healthcare Innovation,Vaccine technology advancing,Biotechnology,biotechnology,20,active
Healthcare Innovation,Vaccine technology advancing,Pharmaceuticals,pharmaceuticals,30,active
Healthcare Innovation,Vaccine technology advancing,Drug Delivery,drug_delivery,40,active
Healthcare Innovation,Vaccine technology advancing,Clinical Research,clinical_research,50,active
Healthcare Innovation,Vaccine technology advancing,Contract Manufacturing,contract_manufacturing,60,active
Healthcare Innovation,Vaccine technology advancing,Laboratory Testing,laboratory_testing,70,active
Healthcare Innovation,Vaccine technology advancing,Healthcare Distribution,healthcare_distribution,80,active
Healthcare Innovation,Vaccine technology advancing,Medical Devices,medical_devices,90,active
Healthcare Innovation,Vaccine technology advancing,Research Services,research_services,100,active
Healthcare Innovation,Chronic disease treatment expanding,Diabetes Care,diabetes_care,10,active
Healthcare Innovation,Chronic disease treatment expanding,Cardiovascular Devices,cardiovascular_devices,20,active
Healthcare Innovation,Chronic disease treatment expanding,Renal Care,renal_care,30,active
Healthcare Innovation,Chronic disease treatment expanding,Pharmaceuticals,pharmaceuticals,40,active
Healthcare Innovation,Chronic disease treatment expanding,Medical Devices,medical_devices,50,active
Healthcare Innovation,Chronic disease treatment expanding,Digital Health,digital_health,60,active
Healthcare Innovation,Chronic disease treatment expanding,Diagnostics,diagnostics,70,active
Healthcare Innovation,Chronic disease treatment expanding,Healthcare Services,healthcare_services,80,active
Healthcare Innovation,Chronic disease treatment expanding,Consumer Health,consumer_health,90,active
Healthcare Innovation,Chronic disease treatment expanding,Health Insurance,health_insurance,100,active
Healthcare Innovation,Healthcare data use increasing,Healthcare Analytics,healthcare_analytics,10,active
Healthcare Innovation,Healthcare data use increasing,Bioinformatics,bioinformatics,20,active
Healthcare Innovation,Healthcare data use increasing,Digital Health,digital_health,30,active
Healthcare Innovation,Healthcare data use increasing,Data Analytics,data_analytics,40,active
Healthcare Innovation,Healthcare data use increasing,Cloud Services,cloud_services,50,active
Healthcare Innovation,Healthcare data use increasing,Cybersecurity,cybersecurity,60,active
Healthcare Innovation,Healthcare data use increasing,Healthcare Technology,healthcare_technology,70,active
Healthcare Innovation,Healthcare data use increasing,Hospitals,hospitals,80,active
Healthcare Innovation,Healthcare data use increasing,Clinical Research,clinical_research,90,active
Healthcare Innovation,Healthcare data use increasing,Artificial Intelligence,artificial_intelligence,100,active
Healthcare Innovation,Healthcare innovation regulation evolving,Pharmaceuticals,pharmaceuticals,10,active
Healthcare Innovation,Healthcare innovation regulation evolving,Medical Devices,medical_devices,20,active
Healthcare Innovation,Healthcare innovation regulation evolving,Digital Health,digital_health,30,active
Healthcare Innovation,Healthcare innovation regulation evolving,Biotechnology,biotechnology,40,active
Healthcare Innovation,Healthcare innovation regulation evolving,Testing Certification,testing_certification,50,active
Healthcare Innovation,Healthcare innovation regulation evolving,Clinical Research,clinical_research,60,active
Healthcare Innovation,Healthcare innovation regulation evolving,Risk Management,risk_management,70,active
Healthcare Innovation,Healthcare innovation regulation evolving,Healthcare Technology,healthcare_technology,80,active
Healthcare Innovation,Healthcare innovation regulation evolving,Diagnostics,diagnostics,90,active
Healthcare Innovation,Healthcare innovation regulation evolving,Government Technology,government_technology,100,active