theme,catalyst,investigation_pathway,display_order,status
Energy,Fuel prices rising,Airlines,10,active
Energy,Fuel prices rising,Road Freight,20,active
Energy,Fuel prices rising,Shipping,30,active
Energy,Fuel prices rising,Logistics,40,active
Energy,Fuel prices rising,Chemicals,50,active
Energy,Fuel prices rising,Construction Materials,60,active
Energy,Fuel prices rising,Agriculture,70,active
Energy,Fuel prices rising,Mining,80,active
Energy,Fuel prices rising,Utilities,90,active
Energy,Fuel prices rising,Consumer Spending,100,active
Energy,Fuel prices falling,Airlines,10,active
Energy,Fuel prices falling,Road Freight,20,active
Energy,Fuel prices falling,Shipping,30,active
Energy,Fuel prices falling,Travel,40,active
Energy,Fuel prices falling,Retail,50,active
Energy,Fuel prices falling,Consumer Spending,60,active
Energy,Fuel prices falling,Chemicals,70,active
Energy,Fuel prices falling,Manufacturing,80,active
Energy,Fuel prices falling,Construction,90,active
Energy,Fuel prices falling,Logistics,100,active
Energy,Oil production disruption,Oilfield Services,10,active
Energy,Oil production disruption,Refining,20,active
Energy,Oil production disruption,Shipping,30,active
Energy,Oil production disruption,Airlines,40,active
Energy,Oil production disruption,Chemicals,50,active
Energy,Oil production disruption,Utilities,60,active
Energy,Oil production disruption,Agriculture,70,active
Energy,Oil production disruption,Mining,80,active
Energy,Oil production disruption,Logistics,90,active
Energy,Oil production disruption,Industrial Manufacturing,100,active
Energy,Natural gas demand increasing,LNG,10,active
Energy,Natural gas demand increasing,Pipelines,20,active
Energy,Natural gas demand increasing,Utilities,30,active
Energy,Natural gas demand increasing,Power Generation,40,active
Energy,Natural gas demand increasing,Chemicals,50,active
Energy,Natural gas demand increasing,Industrial Manufacturing,60,active
Energy,Natural gas demand increasing,Shipping,70,active
Energy,Natural gas demand increasing,Engineering,80,active
Energy,Natural gas demand increasing,Storage,90,active
Energy,Natural gas demand increasing,Energy Infrastructure,100,active
Energy,LNG capacity expansion,LNG,10,active
Energy,LNG capacity expansion,Pipelines,20,active
Energy,LNG capacity expansion,Ports,30,active
Energy,LNG capacity expansion,Shipping,40,active
Energy,LNG capacity expansion,Engineering,50,active
Energy,LNG capacity expansion,Construction,60,active
Energy,LNG capacity expansion,Industrial Equipment,70,active
Energy,LNG capacity expansion,Utilities,80,active
Energy,LNG capacity expansion,Energy Infrastructure,90,active
Energy,LNG capacity expansion,Storage,100,active
Energy,Renewable investment accelerating,Solar Energy,10,active
Energy,Renewable investment accelerating,Wind Energy,20,active
Energy,Renewable investment accelerating,Grid Infrastructure,30,active
Energy,Renewable investment accelerating,Utilities,40,active
Energy,Renewable investment accelerating,Energy Storage,50,active
Energy,Renewable investment accelerating,Power Electronics,60,active
Energy,Renewable investment accelerating,Copper,70,active
Energy,Renewable investment accelerating,Engineering,80,active
Energy,Renewable investment accelerating,Construction,90,active
Energy,Renewable investment accelerating,Transmission,100,active
Energy,Grid modernisation,Electricity Transmission,10,active
Energy,Grid modernisation,Energy Distribution,20,active
Energy,Grid modernisation,Grid Technology,30,active
Energy,Grid modernisation,Power Equipment,40,active
Energy,Grid modernisation,Engineering,50,active
Energy,Grid modernisation,Construction,60,active
Energy,Grid modernisation,Energy Storage,70,active
Energy,Grid modernisation,Copper,80,active
Energy,Grid modernisation,Industrial Software,90,active
Energy,Grid modernisation,Utilities,100,active
Energy,Electricity demand increasing,Utilities,10,active
Energy,Electricity demand increasing,Power Generation,20,active
Energy,Electricity demand increasing,Grid Infrastructure,30,active
Energy,Electricity demand increasing,Energy Storage,40,active
Energy,Electricity demand increasing,Nuclear,50,active
Energy,Electricity demand increasing,Natural Gas,60,active
Energy,Electricity demand increasing,Renewable Energy,70,active
Energy,Electricity demand increasing,Industrial Automation,80,active
Energy,Electricity demand increasing,Cooling,90,active
Energy,Electricity demand increasing,Data Centres,100,active
Energy,Energy storage adoption,Battery Materials,10,active
Energy,Energy storage adoption,Battery Storage,20,active
Energy,Energy storage adoption,Power Electronics,30,active
Energy,Energy storage adoption,Grid Infrastructure,40,active
Energy,Energy storage adoption,Utilities,50,active
Energy,Energy storage adoption,Renewable Energy,60,active
Energy,Energy storage adoption,Electric Vehicles,70,active
Energy,Energy storage adoption,Recycling,80,active
Energy,Energy storage adoption,Engineering,90,active
Energy,Energy storage adoption,Manufacturing,100,active
Energy,Refining capacity constraints,Refining,10,active
Energy,Refining capacity constraints,Fuel Distribution,20,active
Energy,Refining capacity constraints,Airlines,30,active
Energy,Refining capacity constraints,Road Freight,40,active
Energy,Refining capacity constraints,Shipping,50,active
Energy,Refining capacity constraints,Chemicals,60,active
Energy,Refining capacity constraints,Fuel Retail,70,active
Energy,Refining capacity constraints,Logistics,80,active
Energy,Refining capacity constraints,Agriculture,90,active
Energy,Refining capacity constraints,Consumer Spending,100,active
Technology,AI infrastructure investment,Semiconductors,10,active
Technology,AI infrastructure investment,AI Accelerators,20,active
Technology,AI infrastructure investment,Networking,30,active
Technology,AI infrastructure investment,Photonics,40,active
Technology,AI infrastructure investment,Data Centres,50,active
Technology,AI infrastructure investment,Power Infrastructure,60,active
Technology,AI infrastructure investment,Cooling,70,active
Technology,AI infrastructure investment,Cloud Infrastructure,80,active
Technology,AI infrastructure investment,Engineering Services,90,active
Technology,AI infrastructure investment,Industrial Automation,100,active
Technology,Cloud spending accelerating,Cloud Infrastructure,10,active
Technology,Cloud spending accelerating,Enterprise Software,20,active
Technology,Cloud spending accelerating,Data Centres,30,active
Technology,Cloud spending accelerating,Networking,40,active
Technology,Cloud spending accelerating,Cybersecurity,50,active
Technology,Cloud spending accelerating,Data Storage,60,active
Technology,Cloud spending accelerating,Power Infrastructure,70,active
Technology,Cloud spending accelerating,Cooling,80,active
Technology,Cloud spending accelerating,IT Services,90,active
Technology,Cloud spending accelerating,Managed Services,100,active
Technology,Semiconductor demand increasing,Semiconductor Design,10,active
Technology,Semiconductor demand increasing,Foundry Services,20,active
Technology,Semiconductor demand increasing,Semiconductor Equipment,30,active
Technology,Semiconductor demand increasing,Semiconductor Materials,40,active
Technology,Semiconductor demand increasing,Electronic Test Equipment,50,active
Technology,Semiconductor demand increasing,Contract Manufacturing,60,active
Technology,Semiconductor demand increasing,Industrial Automation,70,active
Technology,Semiconductor demand increasing,Consumer Electronics,80,active
Technology,Semiconductor demand increasing,Automotive Electronics,90,active
Technology,Semiconductor demand increasing,Networking,100,active
Technology,Enterprise software investment,Enterprise Software,10,active
Technology,Enterprise software investment,Cloud Services,20,active
Technology,Enterprise software investment,Cybersecurity,30,active
Technology,Enterprise software investment,IT Services,40,active
Technology,Enterprise software investment,Consulting,50,active
Technology,Enterprise software investment,Data Analytics,60,active
Technology,Enterprise software investment,Artificial Intelligence,70,active
Technology,Enterprise software investment,Networking,80,active
Technology,Enterprise software investment,Data Storage,90,active
Technology,Enterprise software investment,Digital Transformation,100,active
Technology,Cybersecurity investment,Cybersecurity,10,active
Technology,Cybersecurity investment,Identity Security,20,active
Technology,Cybersecurity investment,Cloud Security,30,active
Technology,Cybersecurity investment,Networking,40,active
Technology,Cybersecurity investment,Physical Security,50,active
Technology,Cybersecurity investment,Data Infrastructure,60,active
Technology,Cybersecurity investment,Managed Services,70,active
Technology,Cybersecurity investment,Government Technology,80,active
Technology,Cybersecurity investment,Enterprise Software,90,active
Technology,Cybersecurity investment,Risk Management,100,active
Technology,Data centre expansion,Data Centres,10,active
Technology,Data centre expansion,Power Infrastructure,20,active
Technology,Data centre expansion,Cooling,30,active
Technology,Data centre expansion,Networking,40,active
Technology,Data centre expansion,Semiconductors,50,active
Technology,Data centre expansion,Construction,60,active
Technology,Data centre expansion,Engineering Services,70,active
Technology,Data centre expansion,Industrial Equipment,80,active
Technology,Data centre expansion,Photonics,90,active
Technology,Data centre expansion,Utilities,100,active
Technology,Consumer electronics demand,Consumer Electronics,10,active
Technology,Consumer electronics demand,Semiconductors,20,active
Technology,Consumer electronics demand,Electronic Components,30,active
Technology,Consumer electronics demand,Memory,40,active
Technology,Consumer electronics demand,Battery Storage,50,active
Technology,Consumer electronics demand,Logistics,60,active
Technology,Consumer electronics demand,Retail,70,active
Technology,Consumer electronics demand,Ecommerce,80,active
Technology,Consumer electronics demand,Contract Manufacturing,90,active
Technology,Consumer electronics demand,Technology Distribution,100,active
Technology,Digital payments growth,Payment Networks,10,active
Technology,Digital payments growth,Payment Processing,20,active
Technology,Digital payments growth,Fintech,30,active
Technology,Digital payments growth,Commercial Banking,40,active
Technology,Digital payments growth,Cybersecurity,50,active
Technology,Digital payments growth,Cloud Services,60,active
Technology,Digital payments growth,Enterprise Software,70,active
Technology,Digital payments growth,Digital Identity,80,active
Technology,Digital payments growth,Retail,90,active
Technology,Digital payments growth,Ecommerce,100,active
Technology,Network infrastructure upgrades,Networking,10,active
Technology,Network infrastructure upgrades,Photonics,20,active
Technology,Network infrastructure upgrades,Telecommunications,30,active
Technology,Network infrastructure upgrades,Semiconductors,40,active
Technology,Network infrastructure upgrades,Power Equipment,50,active
Technology,Network infrastructure upgrades,Engineering Services,60,active
Technology,Network infrastructure upgrades,Construction,70,active
Technology,Network infrastructure upgrades,Cloud Infrastructure,80,active
Technology,Network infrastructure upgrades,Cybersecurity,90,active
Technology,Network infrastructure upgrades,Industrial Automation,100,active
Technology,Technology regulation,Enterprise Software,10,active
Technology,Technology regulation,Cybersecurity,20,active
Technology,Technology regulation,Cloud Services,30,active
Technology,Technology regulation,Semiconductors,40,active
Technology,Technology regulation,Digital Media,50,active
Technology,Technology regulation,Digital Advertising,60,active
Technology,Technology regulation,Risk Management,70,active
Technology,Technology regulation,Legal Information,80,active
Technology,Technology regulation,Consulting,90,active
Technology,Technology regulation,Digital Identity,100,active
Consumer,Consumer spending strengthening,Retail,10,active
Consumer,Consumer spending strengthening,Restaurants,20,active
Consumer,Consumer spending strengthening,Travel Services,30,active
Consumer,Consumer spending strengthening,Live Entertainment,40,active
Consumer,Consumer spending strengthening,Consumer Electronics,50,active
Consumer,Consumer spending strengthening,Ecommerce,60,active
Consumer,Consumer spending strengthening,Payments,70,active
Consumer,Consumer spending strengthening,Logistics,80,active
Consumer,Consumer spending strengthening,Advertising,90,active
Consumer,Consumer spending strengthening,Consumer Goods,100,active
Consumer,Consumer spending weakening,Discount Retail,10,active
Consumer,Consumer spending weakening,Consumer Food,20,active
Consumer,Consumer spending weakening,Household Products,30,active
Consumer,Consumer spending weakening,Utilities,40,active
Consumer,Consumer spending weakening,Telecommunications,50,active
Consumer,Consumer spending weakening,Consumer Healthcare,60,active
Consumer,Consumer spending weakening,Insurance,70,active
Consumer,Consumer spending weakening,Logistics,80,active
Consumer,Consumer spending weakening,Advertising,90,active
Consumer,Consumer spending weakening,Travel Services,100,active
Consumer,Luxury demand increasing,Luxury Goods,10,active
Consumer,Luxury demand increasing,Fashion Retail,20,active
Consumer,Luxury demand increasing,Travel Services,30,active
Consumer,Luxury demand increasing,Hotels,40,active
Consumer,Luxury demand increasing,Payments,50,active
Consumer,Luxury demand increasing,Advertising,60,active
Consumer,Luxury demand increasing,Logistics,70,active
Consumer,Luxury demand increasing,Consumer Finance,80,active
Consumer,Luxury demand increasing,Retail Real Estate,90,active
Consumer,Luxury demand increasing,Airlines,100,active
Consumer,Travel demand increasing,Airlines,10,active
Consumer,Travel demand increasing,Hotels,20,active
Consumer,Travel demand increasing,Restaurants,30,active
Consumer,Travel demand increasing,Reservation Systems,40,active
Consumer,Travel demand increasing,Car Rental,50,active
Consumer,Travel demand increasing,Cruise Lines,60,active
Consumer,Travel demand increasing,Payments,70,active
Consumer,Travel demand increasing,Fuel Distribution,80,active
Consumer,Travel demand increasing,Travel Technology,90,active
Consumer,Travel demand increasing,Live Entertainment,100,active
Consumer,Restaurant spending growth,Restaurants,10,active
Consumer,Restaurant spending growth,Food Distribution,20,active
Consumer,Restaurant spending growth,Agriculture,30,active
Consumer,Restaurant spending growth,Packaging,40,active
Consumer,Restaurant spending growth,Payments,50,active
Consumer,Restaurant spending growth,Retail,60,active
Consumer,Restaurant spending growth,Commercial Real Estate,70,active
Consumer,Restaurant spending growth,Logistics,80,active
Consumer,Restaurant spending growth,Advertising,90,active
Consumer,Restaurant spending growth,Consumer Finance,100,active
Consumer,Retail footfall changing,Retail,10,active
Consumer,Retail footfall changing,Shopping Centres,20,active
Consumer,Retail footfall changing,Payments,30,active
Consumer,Retail footfall changing,Advertising,40,active
Consumer,Retail footfall changing,Logistics,50,active
Consumer,Retail footfall changing,Consumer Goods,60,active
Consumer,Retail footfall changing,Retail Real Estate,70,active
Consumer,Retail footfall changing,Physical Security,80,active
Consumer,Retail footfall changing,Facilities Services,90,active
Consumer,Retail footfall changing,Food Services,100,active
Consumer,Ecommerce growth,Ecommerce,10,active
Consumer,Ecommerce growth,Logistics,20,active
Consumer,Ecommerce growth,Warehousing,30,active
Consumer,Ecommerce growth,Payments,40,active
Consumer,Ecommerce growth,Cloud Services,50,active
Consumer,Ecommerce growth,Packaging,60,active
Consumer,Ecommerce growth,Digital Advertising,70,active
Consumer,Ecommerce growth,Retail,80,active
Consumer,Ecommerce growth,Cybersecurity,90,active
Consumer,Ecommerce growth,Data Analytics,100,active
Consumer,Housing-related spending,Homebuilding,10,active
Consumer,Housing-related spending,Construction Materials,20,active
Consumer,Housing-related spending,Home Improvement Retail,30,active
Consumer,Housing-related spending,Home Furnishings,40,active
Consumer,Housing-related spending,Consumer Electronics,50,active
Consumer,Housing-related spending,Mortgage Services,60,active
Consumer,Housing-related spending,Insurance,70,active
Consumer,Housing-related spending,Construction,80,active
Consumer,Housing-related spending,Logistics,90,active
Consumer,Housing-related spending,Utilities,100,active
Consumer,Advertising demand changing,Digital Advertising,10,active
Consumer,Advertising demand changing,Media Entertainment,20,active
Consumer,Advertising demand changing,Social Platforms,30,active
Consumer,Advertising demand changing,Retail,40,active
Consumer,Advertising demand changing,Consumer Goods,50,active
Consumer,Advertising demand changing,Data Analytics,60,active
Consumer,Advertising demand changing,Cloud Services,70,active
Consumer,Advertising demand changing,Marketing,80,active
Consumer,Advertising demand changing,Telecommunications,90,active
Consumer,Advertising demand changing,Digital Content,100,active
Consumer,Disposable income changing,Retail,10,active
Consumer,Disposable income changing,Restaurants,20,active
Consumer,Disposable income changing,Travel Services,30,active
Consumer,Disposable income changing,Consumer Goods,40,active
Consumer,Disposable income changing,Automotive Services,50,active
Consumer,Disposable income changing,Homebuilding,60,active
Consumer,Disposable income changing,Payments,70,active
Consumer,Disposable income changing,Insurance,80,active
Consumer,Disposable income changing,Utilities,90,active
Consumer,Disposable income changing,Consumer Healthcare,100,active
Healthcare,Ageing population,Hospitals,10,active
Healthcare,Ageing population,Medical Devices,20,active
Healthcare,Ageing population,Diagnostics,30,active
Healthcare,Ageing population,Pharmaceuticals,40,active
Healthcare,Ageing population,Biotechnology,50,active
Healthcare,Ageing population,Healthcare Services,60,active
Healthcare,Ageing population,Health Insurance,70,active
Healthcare,Ageing population,Senior Housing,80,active
Healthcare,Ageing population,Digital Health,90,active
Healthcare,Ageing population,Consumer Healthcare,100,active
Healthcare,Drug approvals,Pharmaceuticals,10,active
Healthcare,Drug approvals,Biotechnology,20,active
Healthcare,Drug approvals,Clinical Research,30,active
Healthcare,Drug approvals,Contract Manufacturing,40,active
Healthcare,Drug approvals,Pharmaceutical Distribution,50,active
Healthcare,Drug approvals,Diagnostics,60,active
Healthcare,Drug approvals,Hospitals,70,active
Healthcare,Drug approvals,Drug Delivery,80,active
Healthcare,Drug approvals,Regulatory Services,90,active
Healthcare,Drug approvals,Rare Diseases,100,active
Healthcare,Medical device adoption,Medical Devices,10,active
Healthcare,Medical device adoption,Hospitals,20,active
Healthcare,Medical device adoption,Diagnostics,30,active
Healthcare,Medical device adoption,Digital Health,40,active
Healthcare,Medical device adoption,Electronic Components,50,active
Healthcare,Medical device adoption,Precision Instruments,60,active
Healthcare,Medical device adoption,Healthcare Services,70,active
Healthcare,Medical device adoption,Healthcare Distribution,80,active
Healthcare,Medical device adoption,Health Insurance,90,active
Healthcare,Medical device adoption,Surgical Equipment,100,active
Healthcare,Hospital investment,Hospitals,10,active
Healthcare,Hospital investment,Construction,20,active
Healthcare,Hospital investment,Medical Devices,30,active
Healthcare,Hospital investment,Diagnostics,40,active
Healthcare,Hospital investment,Healthcare Technology,50,active
Healthcare,Hospital investment,Engineering Services,60,active
Healthcare,Hospital investment,Facilities Services,70,active
Healthcare,Hospital investment,Healthcare Distribution,80,active
Healthcare,Hospital investment,Digital Health,90,active
Healthcare,Hospital investment,Utilities,100,active
Healthcare,Healthcare regulation,Pharmaceuticals,10,active
Healthcare,Healthcare regulation,Health Insurance,20,active
Healthcare,Healthcare regulation,Hospitals,30,active
Healthcare,Healthcare regulation,Medical Devices,40,active
Healthcare,Healthcare regulation,Risk Management,50,active
Healthcare,Healthcare regulation,Healthcare Technology,60,active
Healthcare,Healthcare regulation,Clinical Research,70,active
Healthcare,Healthcare regulation,Legal Information,80,active
Healthcare,Healthcare regulation,Biotechnology,90,active
Healthcare,Healthcare regulation,Diagnostics,100,active
Healthcare,Biotechnology innovation,Biotechnology,10,active
Healthcare,Biotechnology innovation,Clinical Research,20,active
Healthcare,Biotechnology innovation,Pharmaceuticals,30,active
Healthcare,Biotechnology innovation,Diagnostics,40,active
Healthcare,Biotechnology innovation,Laboratory Equipment,50,active
Healthcare,Biotechnology innovation,Contract Manufacturing,60,active
Healthcare,Biotechnology innovation,Bioinformatics,70,active
Healthcare,Biotechnology innovation,Life Sciences Software,80,active
Healthcare,Biotechnology innovation,Medical Devices,90,active
Healthcare,Biotechnology innovation,Rare Diseases,100,active
Healthcare,Diagnostic demand,Diagnostics,10,active
Healthcare,Diagnostic demand,Laboratory Equipment,20,active
Healthcare,Diagnostic demand,Hospitals,30,active
Healthcare,Diagnostic demand,Medical Imaging,40,active
Healthcare,Diagnostic demand,Healthcare Services,50,active
Healthcare,Diagnostic demand,Clinical Research,60,active
Healthcare,Diagnostic demand,Digital Health,70,active
Healthcare,Diagnostic demand,Health Insurance,80,active
Healthcare,Diagnostic demand,Healthcare Distribution,90,active
Healthcare,Diagnostic demand,Biotechnology,100,active
Healthcare,Digital healthcare adoption,Digital Health,10,active
Healthcare,Digital healthcare adoption,Healthcare Technology,20,active
Healthcare,Digital healthcare adoption,Hospitals,30,active
Healthcare,Digital healthcare adoption,Diagnostics,40,active
Healthcare,Digital healthcare adoption,Telecommunications,50,active
Healthcare,Digital healthcare adoption,Cybersecurity,60,active
Healthcare,Digital healthcare adoption,Cloud Services,70,active
Healthcare,Digital healthcare adoption,Medical Devices,80,active
Healthcare,Digital healthcare adoption,Health Insurance,90,active
Healthcare,Digital healthcare adoption,Healthcare Analytics,100,active
Healthcare,Pandemic preparedness,Vaccines,10,active
Healthcare,Pandemic preparedness,Diagnostics,20,active
Healthcare,Pandemic preparedness,Hospitals,30,active
Healthcare,Pandemic preparedness,Healthcare Products,40,active
Healthcare,Pandemic preparedness,Logistics,50,active
Healthcare,Pandemic preparedness,Healthcare Technology,60,active
Healthcare,Pandemic preparedness,Government Services,70,active
Healthcare,Pandemic preparedness,Biotechnology,80,active
Healthcare,Pandemic preparedness,Clinical Research,90,active
Healthcare,Pandemic preparedness,Healthcare Distribution,100,active
Healthcare,Insurance reimbursement changes,Health Insurance,10,active
Healthcare,Insurance reimbursement changes,Hospitals,20,active
Healthcare,Insurance reimbursement changes,Healthcare Services,30,active
Healthcare,Insurance reimbursement changes,Pharmaceuticals,40,active
Healthcare,Insurance reimbursement changes,Medical Devices,50,active
Healthcare,Insurance reimbursement changes,Diagnostics,60,active
Healthcare,Insurance reimbursement changes,Digital Health,70,active
Healthcare,Insurance reimbursement changes,Biotechnology,80,active
Healthcare,Insurance reimbursement changes,Senior Housing,90,active
Healthcare,Insurance reimbursement changes,Risk Management,100,active
Industrials,Manufacturing expansion,Industrial Equipment,10,active
Industrials,Manufacturing expansion,Industrial Automation,20,active
Industrials,Manufacturing expansion,Logistics,30,active
Industrials,Manufacturing expansion,Industrial Chemicals,40,active
Industrials,Manufacturing expansion,Metals,50,active
Industrials,Manufacturing expansion,Packaging,60,active
Industrials,Manufacturing expansion,Engineering Services,70,active
Industrials,Manufacturing expansion,Construction,80,active
Industrials,Manufacturing expansion,Energy Services,90,active
Industrials,Manufacturing expansion,Transportation,100,active
Industrials,Manufacturing slowdown,Industrial Equipment,10,active
Industrials,Manufacturing slowdown,Logistics,20,active
Industrials,Manufacturing slowdown,Metals,30,active
Industrials,Manufacturing slowdown,Industrial Chemicals,40,active
Industrials,Manufacturing slowdown,Construction,50,active
Industrials,Manufacturing slowdown,Transportation,60,active
Industrials,Manufacturing slowdown,Packaging,70,active
Industrials,Manufacturing slowdown,Industrial Automation,80,active
Industrials,Manufacturing slowdown,Energy Services,90,active
Industrials,Manufacturing slowdown,Business Services,100,active
Industrials,Infrastructure investment,Construction,10,active
Industrials,Infrastructure investment,Engineering Services,20,active
Industrials,Infrastructure investment,Cement,30,active
Industrials,Infrastructure investment,Steel,40,active
Industrials,Infrastructure investment,Utilities,50,active
Industrials,Infrastructure investment,Industrial Equipment,60,active
Industrials,Infrastructure investment,Transportation Infrastructure,70,active
Industrials,Infrastructure investment,Construction Materials,80,active
Industrials,Infrastructure investment,Industrial Machinery,90,active
Industrials,Infrastructure investment,Logistics,100,active
Industrials,Construction activity,Construction,10,active
Industrials,Construction activity,Construction Materials,20,active
Industrials,Construction activity,Engineering Services,30,active
Industrials,Construction activity,Cement,40,active
Industrials,Construction activity,Steel,50,active
Industrials,Construction activity,Utilities,60,active
Industrials,Construction activity,Industrial Equipment,70,active
Industrials,Construction activity,Logistics,80,active
Industrials,Construction activity,Real Estate Development,90,active
Industrials,Construction activity,Insurance,100,active
Industrials,Defence spending,Aerospace Defence,10,active
Industrials,Defence spending,Defence Systems,20,active
Industrials,Defence spending,Defence Electronics,30,active
Industrials,Defence spending,Semiconductors,40,active
Industrials,Defence spending,Cybersecurity,50,active
Industrials,Defence spending,Defense Manufacturing,60,active
Industrials,Defence spending,Engineering Services,70,active
Industrials,Defence spending,Shipbuilding,80,active
Industrials,Defence spending,Logistics,90,active
Industrials,Defence spending,High Performance Materials,100,active
Industrials,Automation investment,Industrial Automation,10,active
Industrials,Automation investment,Robotics,20,active
Industrials,Automation investment,Semiconductors,30,active
Industrials,Automation investment,Sensors,40,active
Industrials,Automation investment,Industrial Software,50,active
Industrials,Automation investment,Industrial Equipment,60,active
Industrials,Automation investment,Engineering Services,70,active
Industrials,Automation investment,Contract Manufacturing,80,active
Industrials,Automation investment,Logistics,90,active
Industrials,Automation investment,Power Management,100,active
Industrials,Logistics demand,Road Freight,10,active
Industrials,Logistics demand,Rail Logistics,20,active
Industrials,Logistics demand,Shipping,30,active
Industrials,Logistics demand,Warehousing,40,active
Industrials,Logistics demand,Packaging,50,active
Industrials,Logistics demand,Fuel Distribution,60,active
Industrials,Logistics demand,Industrial Equipment,70,active
Industrials,Logistics demand,Retail,80,active
Industrials,Logistics demand,Ecommerce,90,active
Industrials,Logistics demand,Cargo Transport,100,active
Industrials,Freight activity,Shipping,10,active
Industrials,Freight activity,Road Freight,20,active
Industrials,Freight activity,Rail Transport,30,active
Industrials,Freight activity,Ports,40,active
Industrials,Freight activity,Logistics,50,active
Industrials,Freight activity,Packaging,60,active
Industrials,Freight activity,Fuel Distribution,70,active
Industrials,Freight activity,Industrial Manufacturing,80,active
Industrials,Freight activity,Agriculture,90,active
Industrials,Freight activity,Wholesale Distribution,100,active
Industrials,Capital expenditure growth,Industrial Equipment,10,active
Industrials,Capital expenditure growth,Engineering Services,20,active
Industrials,Capital expenditure growth,Construction,30,active
Industrials,Capital expenditure growth,Industrial Automation,40,active
Industrials,Capital expenditure growth,Technology Distribution,50,active
Industrials,Capital expenditure growth,Energy Infrastructure,60,active
Industrials,Capital expenditure growth,Transportation,70,active
Industrials,Capital expenditure growth,Construction Materials,80,active
Industrials,Capital expenditure growth,Contract Manufacturing,90,active
Industrials,Capital expenditure growth,Business Services,100,active
Industrials,Industrial reshoring,Construction,10,active
Industrials,Industrial reshoring,Industrial Equipment,20,active
Industrials,Industrial reshoring,Industrial Automation,30,active
Industrials,Industrial reshoring,Engineering Services,40,active
Industrials,Industrial reshoring,Logistics,50,active
Industrials,Industrial reshoring,Energy Infrastructure,60,active
Industrials,Industrial reshoring,Semiconductors,70,active
Industrials,Industrial reshoring,Construction Materials,80,active
Industrials,Industrial reshoring,Industrial Chemicals,90,active
Industrials,Industrial reshoring,Contract Manufacturing,100,active
Materials,Copper demand increasing,Copper,10,active
Materials,Copper demand increasing,Electrical Equipment,20,active
Materials,Copper demand increasing,Grid Infrastructure,30,active
Materials,Copper demand increasing,Construction,40,active
Materials,Copper demand increasing,Renewable Energy,50,active
Materials,Copper demand increasing,Industrial Equipment,60,active
Materials,Copper demand increasing,Electric Vehicles,70,active
Materials,Copper demand increasing,Power Cables,80,active
Materials,Copper demand increasing,Engineering Services,90,active
Materials,Copper demand increasing,Utilities,100,active
Materials,Steel demand increasing,Steel,10,active
Materials,Steel demand increasing,Construction,20,active
Materials,Steel demand increasing,Transportation Infrastructure,30,active
Materials,Steel demand increasing,Industrial Equipment,40,active
Materials,Steel demand increasing,Automotive Parts,50,active
Materials,Steel demand increasing,Shipbuilding,60,active
Materials,Steel demand increasing,Engineering Services,70,active
Materials,Steel demand increasing,Mining,80,active
Materials,Steel demand increasing,Rail Equipment,90,active
Materials,Steel demand increasing,Energy Infrastructure,100,active
Materials,Chemical demand increasing,Industrial Chemicals,10,active
Materials,Chemical demand increasing,Packaging,20,active
Materials,Chemical demand increasing,Agriculture,30,active
Materials,Chemical demand increasing,Contract Manufacturing,40,active
Materials,Chemical demand increasing,Construction,50,active
Materials,Chemical demand increasing,Water Treatment,60,active
Materials,Chemical demand increasing,Industrial Equipment,70,active
Materials,Chemical demand increasing,Healthcare Products,80,active
Materials,Chemical demand increasing,Consumer Goods,90,active
Materials,Chemical demand increasing,Logistics,100,active
Materials,Construction materials demand,Cement,10,active
Materials,Construction materials demand,Aggregates,20,active
Materials,Construction materials demand,Construction,30,active
Materials,Construction materials demand,Engineering Services,40,active
Materials,Construction materials demand,Steel,50,active
Materials,Construction materials demand,Utilities,60,active
Materials,Construction materials demand,Real Estate Development,70,active
Materials,Construction materials demand,Infrastructure,80,active
Materials,Construction materials demand,Industrial Equipment,90,active
Materials,Construction materials demand,Logistics,100,active
Materials,Critical minerals demand,Critical Minerals,10,active
Materials,Critical minerals demand,Battery Materials,20,active
Materials,Critical minerals demand,Copper,30,active
Materials,Critical minerals demand,Mining,40,active
Materials,Critical minerals demand,Energy Storage,50,active
Materials,Critical minerals demand,Electric Vehicles,60,active
Materials,Critical minerals demand,Renewable Energy,70,active
Materials,Critical minerals demand,Semiconductors,80,active
Materials,Critical minerals demand,Industrial Equipment,90,active
Materials,Critical minerals demand,Defense Technology,100,active
Materials,Agricultural input demand,Agriculture,10,active
Materials,Agricultural input demand,Industrial Chemicals,20,active
Materials,Agricultural input demand,Farm Equipment,30,active
Materials,Agricultural input demand,Logistics,40,active
Materials,Agricultural input demand,Packaging,50,active
Materials,Agricultural input demand,Water Infrastructure,60,active
Materials,Agricultural input demand,Energy Services,70,active
Materials,Agricultural input demand,Food Production,80,active
Materials,Agricultural input demand,Commodity Trading,90,active
Materials,Agricultural input demand,Wholesale Distribution,100,active
Materials,Packaging demand,Packaging,10,active
Materials,Packaging demand,Paper Products,20,active
Materials,Packaging demand,Industrial Chemicals,30,active
Materials,Packaging demand,Retail,40,active
Materials,Packaging demand,Ecommerce,50,active
Materials,Packaging demand,Logistics,60,active
Materials,Packaging demand,Food Production,70,active
Materials,Packaging demand,Consumer Goods,80,active
Materials,Packaging demand,Contract Manufacturing,90,active
Materials,Packaging demand,Recycling,100,active
Materials,Mining investment,Mining Equipment,10,active
Materials,Mining investment,Engineering Services,20,active
Materials,Mining investment,Industrial Equipment,30,active
Materials,Mining investment,Steel,40,active
Materials,Mining investment,Construction,50,active
Materials,Mining investment,Logistics,60,active
Materials,Mining investment,Energy Infrastructure,70,active
Materials,Mining investment,Industrial Chemicals,80,active
Materials,Mining investment,Industrial Automation,90,active
Materials,Mining investment,Rail Logistics,100,active
Materials,Commodity shortages,Mining,10,active
Materials,Commodity shortages,Industrial Chemicals,20,active
Materials,Commodity shortages,Contract Manufacturing,30,active
Materials,Commodity shortages,Construction,40,active
Materials,Commodity shortages,Industrial Equipment,50,active
Materials,Commodity shortages,Agriculture,60,active
Materials,Commodity shortages,Energy Services,70,active
Materials,Commodity shortages,Logistics,80,active
Materials,Commodity shortages,Recycling,90,active
Materials,Commodity shortages,Wholesale,100,active
Materials,Recycling demand,Recycling,10,active
Materials,Recycling demand,Waste Management,20,active
Materials,Recycling demand,Metals,30,active
Materials,Recycling demand,Packaging,40,active
Materials,Recycling demand,Industrial Chemicals,50,active
Materials,Recycling demand,Industrial Equipment,60,active
Materials,Recycling demand,Utilities,70,active
Materials,Recycling demand,Construction,80,active
Materials,Recycling demand,Engineering Services,90,active
Materials,Recycling demand,Consumer Goods,100,active
Financial Services,Interest rates rising,Commercial Banking,10,active
Financial Services,Interest rates rising,Retail Banking,20,active
Financial Services,Interest rates rising,Life Insurance,30,active
Financial Services,Interest rates rising,Investment Management,40,active
Financial Services,Interest rates rising,Consumer Finance,50,active
Financial Services,Interest rates rising,Mortgage Services,60,active
Financial Services,Interest rates rising,Payment Networks,70,active
Financial Services,Interest rates rising,Investment Banking,80,active
Financial Services,Interest rates rising,Commercial Real Estate,90,active
Financial Services,Interest rates rising,Fintech,100,active
Financial Services,Interest rates falling,Mortgage Services,10,active
Financial Services,Interest rates falling,Consumer Finance,20,active
Financial Services,Interest rates falling,Commercial Banking,30,active
Financial Services,Interest rates falling,Investment Management,40,active
Financial Services,Interest rates falling,Real Estate,50,active
Financial Services,Interest rates falling,Homebuilding,60,active
Financial Services,Interest rates falling,Life Insurance,70,active
Financial Services,Interest rates falling,Payment Networks,80,active
Financial Services,Interest rates falling,Investment Banking,90,active
Financial Services,Interest rates falling,Fintech,100,active
Financial Services,Credit expansion,Commercial Banking,10,active
Financial Services,Credit expansion,Consumer Finance,20,active
Financial Services,Credit expansion,Vehicle Finance,30,active
Financial Services,Credit expansion,Homebuilding,40,active
Financial Services,Credit expansion,Retail,50,active
Financial Services,Credit expansion,Commercial Real Estate,60,active
Financial Services,Credit expansion,Industrial Equipment,70,active
Financial Services,Credit expansion,Payment Networks,80,active
Financial Services,Credit expansion,Investment Management,90,active
Financial Services,Credit expansion,Insurance,100,active
Financial Services,Credit tightening,Commercial Banking,10,active
Financial Services,Credit tightening,Retail Banking,20,active
Financial Services,Credit tightening,Commercial Real Estate,30,active
Financial Services,Credit tightening,Consumer Finance,40,active
Financial Services,Credit tightening,Retail,50,active
Financial Services,Credit tightening,Construction,60,active
Financial Services,Credit tightening,Investment Management,70,active
Financial Services,Credit tightening,Insurance,80,active
Financial Services,Credit tightening,Payment Networks,90,active
Financial Services,Credit tightening,Private Credit,100,active
Financial Services,Consumer lending growth,Consumer Finance,10,active
Financial Services,Consumer lending growth,Commercial Banking,20,active
Financial Services,Consumer lending growth,Payment Networks,30,active
Financial Services,Consumer lending growth,Retail,40,active
Financial Services,Consumer lending growth,Vehicle Finance,50,active
Financial Services,Consumer lending growth,Homebuilding,60,active
Financial Services,Consumer lending growth,Insurance,70,active
Financial Services,Consumer lending growth,Fintech,80,active
Financial Services,Consumer lending growth,Credit Analytics,90,active
Financial Services,Consumer lending growth,Investment Management,100,active
Financial Services,Commercial lending weakness,Commercial Banking,10,active
Financial Services,Commercial lending weakness,Retail Banking,20,active
Financial Services,Commercial lending weakness,Industrials,30,active
Financial Services,Commercial lending weakness,Commercial Real Estate,40,active
Financial Services,Commercial lending weakness,Construction,50,active
Financial Services,Commercial lending weakness,Investment Management,60,active
Financial Services,Commercial lending weakness,Insurance,70,active
Financial Services,Commercial lending weakness,Investment Banking,80,active
Financial Services,Commercial lending weakness,Business Services,90,active
Financial Services,Commercial lending weakness,Equipment Rental,100,active
Financial Services,Insurance pricing changes,Insurance,10,active
Financial Services,Insurance pricing changes,Reinsurance,20,active
Financial Services,Insurance pricing changes,Risk Management,30,active
Financial Services,Insurance pricing changes,Healthcare Services,40,active
Financial Services,Insurance pricing changes,Property Management,50,active
Financial Services,Insurance pricing changes,Automotive Services,60,active
Financial Services,Insurance pricing changes,Commercial Real Estate,70,active
Financial Services,Insurance pricing changes,Construction,80,active
Financial Services,Insurance pricing changes,Investment Management,90,active
Financial Services,Insurance pricing changes,Risk Analytics,100,active
Financial Services,Capital markets activity,Investment Banking,10,active
Financial Services,Capital markets activity,Exchange Operations,20,active
Financial Services,Capital markets activity,Investment Management,30,active
Financial Services,Capital markets activity,Digital Brokerage,40,active
Financial Services,Capital markets activity,Market Data,50,active
Financial Services,Capital markets activity,Fintech,60,active
Financial Services,Capital markets activity,Custody Services,70,active
Financial Services,Capital markets activity,Legal Information,80,active
Financial Services,Capital markets activity,Consulting,90,active
Financial Services,Capital markets activity,Financial Data,100,active
Financial Services,Digital banking adoption,Fintech,10,active
Financial Services,Digital banking adoption,Commercial Banking,20,active
Financial Services,Digital banking adoption,Cybersecurity,30,active
Financial Services,Digital banking adoption,Cloud Services,40,active
Financial Services,Digital banking adoption,Payment Networks,50,active
Financial Services,Digital banking adoption,Digital Identity,60,active
Financial Services,Digital banking adoption,Enterprise Software,70,active
Financial Services,Digital banking adoption,Data Analytics,80,active
Financial Services,Digital banking adoption,Consulting,90,active
Financial Services,Digital banking adoption,Risk Management,100,active
Financial Services,Payment network growth,Payment Networks,10,active
Financial Services,Payment network growth,Fintech,20,active
Financial Services,Payment network growth,Commercial Banking,30,active
Financial Services,Payment network growth,Retail,40,active
Financial Services,Payment network growth,Ecommerce,50,active
Financial Services,Payment network growth,Cybersecurity,60,active
Financial Services,Payment network growth,Cloud Services,70,active
Financial Services,Payment network growth,Digital Identity,80,active
Financial Services,Payment network growth,Data Analytics,90,active
Financial Services,Payment network growth,Consumer Finance,100,active
Real Estate,Commercial property demand,Office Property,10,active
Real Estate,Commercial property demand,Industrial Property,20,active
Real Estate,Commercial property demand,Retail Property,30,active
Real Estate,Commercial property demand,Real Estate Services,40,active
Real Estate,Commercial property demand,Property Management,50,active
Real Estate,Commercial property demand,Construction,60,active
Real Estate,Commercial property demand,Construction Materials,70,active
Real Estate,Commercial property demand,Commercial Banking,80,active
Real Estate,Commercial property demand,Insurance,90,active
Real Estate,Commercial property demand,Facilities Services,100,active
Real Estate,Residential housing demand,Homebuilding,10,active
Real Estate,Residential housing demand,Residential Real Estate,20,active
Real Estate,Residential housing demand,Mortgage Services,30,active
Real Estate,Residential housing demand,Construction Materials,40,active
Real Estate,Residential housing demand,Construction,50,active
Real Estate,Residential housing demand,Home Improvement Retail,60,active
Real Estate,Residential housing demand,Insurance,70,active
Real Estate,Residential housing demand,Utilities,80,active
Real Estate,Residential housing demand,Real Estate Services,90,active
Real Estate,Residential housing demand,Property Management,100,active
Real Estate,Interest rate sensitivity,Real Estate Services,10,active
Real Estate,Interest rate sensitivity,Commercial Banking,20,active
Real Estate,Interest rate sensitivity,Mortgage Services,30,active
Real Estate,Interest rate sensitivity,Homebuilding,40,active
Real Estate,Interest rate sensitivity,Insurance,50,active
Real Estate,Interest rate sensitivity,Construction,60,active
Real Estate,Interest rate sensitivity,Property Management,70,active
Real Estate,Interest rate sensitivity,Investment Management,80,active
Real Estate,Interest rate sensitivity,Residential Real Estate,90,active
Real Estate,Interest rate sensitivity,Commercial Real Estate,100,active
Real Estate,Industrial property expansion,Industrial Property,10,active
Real Estate,Industrial property expansion,Logistics Real Estate,20,active
Real Estate,Industrial property expansion,Warehousing,30,active
Real Estate,Industrial property expansion,Ecommerce,40,active
Real Estate,Industrial property expansion,Construction,50,active
Real Estate,Industrial property expansion,Property Management,60,active
Real Estate,Industrial property expansion,Industrial Automation,70,active
Real Estate,Industrial property expansion,Construction Materials,80,active
Real Estate,Industrial property expansion,Utilities,90,active
Real Estate,Industrial property expansion,Engineering Services,100,active
Real Estate,Data centre development,Data Centres,10,active
Real Estate,Data centre development,Industrial Property,20,active
Real Estate,Data centre development,Utilities,30,active
Real Estate,Data centre development,Power Infrastructure,40,active
Real Estate,Data centre development,Cooling,50,active
Real Estate,Data centre development,Construction,60,active
Real Estate,Data centre development,Engineering Services,70,active
Real Estate,Data centre development,Networking,80,active
Real Estate,Data centre development,Real Estate Services,90,active
Real Estate,Data centre development,Physical Security,100,active
Real Estate,Retail property recovery,Retail Property,10,active
Real Estate,Retail property recovery,Shopping Centres,20,active
Real Estate,Retail property recovery,Retail,30,active
Real Estate,Retail property recovery,Hospitality,40,active
Real Estate,Retail property recovery,Property Management,50,active
Real Estate,Retail property recovery,Construction,60,active
Real Estate,Retail property recovery,Physical Security,70,active
Real Estate,Retail property recovery,Facilities Services,80,active
Real Estate,Retail property recovery,Advertising,90,active
Real Estate,Retail property recovery,Parking Services,100,active
Real Estate,Office occupancy changes,Office Property,10,active
Real Estate,Office occupancy changes,Facilities Services,20,active
Real Estate,Office occupancy changes,Commercial Real Estate,30,active
Real Estate,Office occupancy changes,Construction,40,active
Real Estate,Office occupancy changes,Building Services,50,active
Real Estate,Office occupancy changes,Physical Security,60,active
Real Estate,Office occupancy changes,Hygiene Services,70,active
Real Estate,Office occupancy changes,Workplace Services,80,active
Real Estate,Office occupancy changes,Utilities,90,active
Real Estate,Office occupancy changes,Insurance,100,active
Real Estate,Construction pipeline,Construction,10,active
Real Estate,Construction pipeline,Engineering Services,20,active
Real Estate,Construction pipeline,Construction Materials,30,active
Real Estate,Construction pipeline,Real Estate Development,40,active
Real Estate,Construction pipeline,Commercial Banking,50,active
Real Estate,Construction pipeline,Insurance,60,active
Real Estate,Construction pipeline,Utilities,70,active
Real Estate,Construction pipeline,Property Management,80,active
Real Estate,Construction pipeline,Architecture Services,90,active
Real Estate,Construction pipeline,Industrial Equipment,100,active
Real Estate,Mortgage market activity,Mortgage Services,10,active
Real Estate,Mortgage market activity,Commercial Banking,20,active
Real Estate,Mortgage market activity,Insurance,30,active
Real Estate,Mortgage market activity,Homebuilding,40,active
Real Estate,Mortgage market activity,Residential Real Estate,50,active
Real Estate,Mortgage market activity,Credit Services,60,active
Real Estate,Mortgage market activity,Real Estate Services,70,active
Real Estate,Mortgage market activity,Construction,80,active
Real Estate,Mortgage market activity,Retail,90,active
Real Estate,Mortgage market activity,Investment Management,100,active
Real Estate,Property regulation,Real Estate Services,10,active
Real Estate,Property regulation,Property Management,20,active
Real Estate,Property regulation,Construction,30,active
Real Estate,Property regulation,Commercial Real Estate,40,active
Real Estate,Property regulation,Residential Real Estate,50,active
Real Estate,Property regulation,Legal Information,60,active
Real Estate,Property regulation,Risk Management,70,active
Real Estate,Property regulation,Insurance,80,active
Real Estate,Property regulation,Utilities,90,active
Real Estate,Property regulation,Government Services,100,active
Transportation,Passenger travel demand,Airlines,10,active
Transportation,Passenger travel demand,Passenger Transport,20,active
Transportation,Passenger travel demand,Hotels,30,active
Transportation,Passenger travel demand,Reservation Systems,40,active
Transportation,Passenger travel demand,Car Rental,50,active
Transportation,Passenger travel demand,Cruise Lines,60,active
Transportation,Passenger travel demand,Travel Services,70,active
Transportation,Passenger travel demand,Payments,80,active
Transportation,Passenger travel demand,Fuel Distribution,90,active
Transportation,Passenger travel demand,Hospitality,100,active
Transportation,Passenger travel weakness,Airlines,10,active
Transportation,Passenger travel weakness,Passenger Transport,20,active
Transportation,Passenger travel weakness,Hotels,30,active
Transportation,Passenger travel weakness,Cruise Lines,40,active
Transportation,Passenger travel weakness,Car Rental,50,active
Transportation,Passenger travel weakness,Reservation Systems,60,active
Transportation,Passenger travel weakness,Travel Services,70,active
Transportation,Passenger travel weakness,Fuel Distribution,80,active
Transportation,Passenger travel weakness,Hospitality,90,active
Transportation,Passenger travel weakness,Consumer Finance,100,active
Transportation,Freight demand increasing,Road Freight,10,active
Transportation,Freight demand increasing,Rail Logistics,20,active
Transportation,Freight demand increasing,Shipping,30,active
Transportation,Freight demand increasing,Ports,40,active
Transportation,Freight demand increasing,Warehousing,50,active
Transportation,Freight demand increasing,Logistics,60,active
Transportation,Freight demand increasing,Packaging,70,active
Transportation,Freight demand increasing,Fuel Distribution,80,active
Transportation,Freight demand increasing,Industrial Equipment,90,active
Transportation,Freight demand increasing,Wholesale Distribution,100,active
Transportation,Freight demand weakening,Road Freight,10,active
Transportation,Freight demand weakening,Rail Logistics,20,active
Transportation,Freight demand weakening,Shipping,30,active
Transportation,Freight demand weakening,Warehousing,40,active
Transportation,Freight demand weakening,Logistics,50,active
Transportation,Freight demand weakening,Packaging,60,active
Transportation,Freight demand weakening,Fuel Distribution,70,active
Transportation,Freight demand weakening,Industrial Equipment,80,active
Transportation,Freight demand weakening,Wholesale Distribution,90,active
Transportation,Freight demand weakening,Industrial Services,100,active
Transportation,Shipping disruption,Shipping,10,active
Transportation,Shipping disruption,Ports,20,active
Transportation,Shipping disruption,Logistics,30,active
Transportation,Shipping disruption,Rail Logistics,40,active
Transportation,Shipping disruption,Road Freight,50,active
Transportation,Shipping disruption,Warehousing,60,active
Transportation,Shipping disruption,Packaging,70,active
Transportation,Shipping disruption,Insurance,80,active
Transportation,Shipping disruption,Commodity Trading,90,active
Transportation,Shipping disruption,Wholesale,100,active
Transportation,Port congestion,Ports,10,active
Transportation,Port congestion,Shipping,20,active
Transportation,Port congestion,Logistics,30,active
Transportation,Port congestion,Road Freight,40,active
Transportation,Port congestion,Rail Logistics,50,active
Transportation,Port congestion,Warehousing,60,active
Transportation,Port congestion,Customs Services,70,active
Transportation,Port congestion,Packaging,80,active
Transportation,Port congestion,Wholesale Distribution,90,active
Transportation,Port congestion,Contract Manufacturing,100,active
Transportation,Air cargo demand,Cargo Transport,10,active
Transportation,Air cargo demand,Airlines,20,active
Transportation,Air cargo demand,Logistics,30,active
Transportation,Air cargo demand,Warehousing,40,active
Transportation,Air cargo demand,Ecommerce,50,active
Transportation,Air cargo demand,Packaging,60,active
Transportation,Air cargo demand,Fuel Distribution,70,active
Transportation,Air cargo demand,Airports,80,active
Transportation,Air cargo demand,Contract Manufacturing,90,active
Transportation,Air cargo demand,Cold Chain,100,active
Transportation,Rail infrastructure investment,Rail Transport,10,active
Transportation,Rail infrastructure investment,Rail Equipment,20,active
Transportation,Rail infrastructure investment,Engineering Services,30,active
Transportation,Rail infrastructure investment,Construction,40,active
Transportation,Rail infrastructure investment,Steel,50,active
Transportation,Rail infrastructure investment,Communications Equipment,60,active
Transportation,Rail infrastructure investment,Utilities,70,active
Transportation,Rail infrastructure investment,Logistics,80,active
Transportation,Rail infrastructure investment,Construction Materials,90,active
Transportation,Rail infrastructure investment,Maintenance Services,100,active
Transportation,Fleet electrification,Commercial Vehicles,10,active
Transportation,Fleet electrification,Battery Materials,20,active
Transportation,Fleet electrification,Electric Vehicles,30,active
Transportation,Fleet electrification,Utilities,40,active
Transportation,Fleet electrification,Industrial Equipment,50,active
Transportation,Fleet electrification,Logistics,60,active
Transportation,Fleet electrification,Engineering Services,70,active
Transportation,Fleet electrification,Power Electronics,80,active
Transportation,Fleet electrification,Fleet Services,90,active
Transportation,Fleet electrification,Software,100,active
Transportation,Transportation regulation,Airlines,10,active
Transportation,Transportation regulation,Rail Transport,20,active
Transportation,Transportation regulation,Shipping,30,active
Transportation,Transportation regulation,Road Freight,40,active
Transportation,Transportation regulation,Logistics,50,active
Transportation,Transportation regulation,Risk Management,60,active
Transportation,Transportation regulation,Insurance,70,active
Transportation,Transportation regulation,Technology Platforms,80,active
Transportation,Transportation regulation,Engineering Services,90,active
Transportation,Transportation regulation,Ports,100,active
Utilities,Electricity demand increasing,Utilities,10,active
Utilities,Electricity demand increasing,Power Generation,20,active
Utilities,Electricity demand increasing,Grid Infrastructure,30,active
Utilities,Electricity demand increasing,Electricity Transmission,40,active
Utilities,Electricity demand increasing,Energy Storage,50,active
Utilities,Electricity demand increasing,Natural Gas,60,active
Utilities,Electricity demand increasing,Renewable Energy,70,active
Utilities,Electricity demand increasing,Industrial Automation,80,active
Utilities,Electricity demand increasing,Data Centres,90,active
Utilities,Electricity demand increasing,Cooling,100,active
Utilities,Grid investment,Electricity Transmission,10,active
Utilities,Grid investment,Energy Distribution,20,active
Utilities,Grid investment,Power Equipment,30,active
Utilities,Grid investment,Engineering Services,40,active
Utilities,Grid investment,Construction,50,active
Utilities,Grid investment,Utilities,60,active
Utilities,Grid investment,Copper,70,active
Utilities,Grid investment,Power Systems,80,active
Utilities,Grid investment,Energy Storage,90,active
Utilities,Grid investment,Industrial Software,100,active
Utilities,Renewable integration,Utilities,10,active
Utilities,Renewable integration,Energy Storage,20,active
Utilities,Renewable integration,Grid Infrastructure,30,active
Utilities,Renewable integration,Power Electronics,40,active
Utilities,Renewable integration,Electricity Transmission,50,active
Utilities,Renewable integration,Renewable Energy,60,active
Utilities,Renewable integration,Solar Energy,70,active
Utilities,Renewable integration,Engineering Services,80,active
Utilities,Renewable integration,Industrial Software,90,active
Utilities,Renewable integration,Construction,100,active
Utilities,Power shortages,Utilities,10,active
Utilities,Power shortages,Power Generation,20,active
Utilities,Power shortages,Natural Gas,30,active
Utilities,Power shortages,Nuclear,40,active
Utilities,Power shortages,Energy Storage,50,active
Utilities,Power shortages,Industrial Consumers,60,active
Utilities,Power shortages,Data Centres,70,active
Utilities,Power shortages,Energy Management,80,active
Utilities,Power shortages,Electricity Transmission,90,active
Utilities,Power shortages,Engineering Services,100,active
Utilities,Water infrastructure investment,Water Utilities,10,active
Utilities,Water infrastructure investment,Fluid Management,20,active
Utilities,Water infrastructure investment,Engineering Services,30,active
Utilities,Water infrastructure investment,Construction,40,active
Utilities,Water infrastructure investment,Industrial Chemicals,50,active
Utilities,Water infrastructure investment,Water Infrastructure,60,active
Utilities,Water infrastructure investment,Industrial Equipment,70,active
Utilities,Water infrastructure investment,Smart Infrastructure,80,active
Utilities,Water infrastructure investment,Industrial Software,90,active
Utilities,Water infrastructure investment,Maintenance Services,100,active
Utilities,Nuclear investment,Nuclear Energy,10,active
Utilities,Nuclear investment,Engineering Services,20,active
Utilities,Nuclear investment,Construction,30,active
Utilities,Nuclear investment,Utilities,40,active
Utilities,Nuclear investment,Fuel Services,50,active
Utilities,Nuclear investment,Industrial Equipment,60,active
Utilities,Nuclear investment,Power Equipment,70,active
Utilities,Nuclear investment,High Performance Materials,80,active
Utilities,Nuclear investment,Safety Technology,90,active
Utilities,Nuclear investment,Grid Infrastructure,100,active
Utilities,Transmission upgrades,Electricity Transmission,10,active
Utilities,Transmission upgrades,Grid Infrastructure,20,active
Utilities,Transmission upgrades,Copper,30,active
Utilities,Transmission upgrades,Power Systems,40,active
Utilities,Transmission upgrades,Engineering Services,50,active
Utilities,Transmission upgrades,Construction,60,active
Utilities,Transmission upgrades,Utilities,70,active
Utilities,Transmission upgrades,Industrial Software,80,active
Utilities,Transmission upgrades,Energy Storage,90,active
Utilities,Transmission upgrades,Power Electronics,100,active
Utilities,Utility regulation changes,Utilities,10,active
Utilities,Utility regulation changes,Renewable Energy,20,active
Utilities,Utility regulation changes,Power Generation,30,active
Utilities,Utility regulation changes,Water Utilities,40,active
Utilities,Utility regulation changes,Risk Management,50,active
Utilities,Utility regulation changes,Engineering Services,60,active
Utilities,Utility regulation changes,Construction,70,active
Utilities,Utility regulation changes,Industrial Software,80,active
Utilities,Utility regulation changes,Grid Infrastructure,90,active
Utilities,Utility regulation changes,Consulting,100,active
Utilities,Climate resilience investment,Utilities,10,active
Utilities,Climate resilience investment,Water Infrastructure,20,active
Utilities,Climate resilience investment,Engineering Services,30,active
Utilities,Climate resilience investment,Construction,40,active
Utilities,Climate resilience investment,Grid Infrastructure,50,active
Utilities,Climate resilience investment,Environmental Services,60,active
Utilities,Climate resilience investment,Energy Storage,70,active
Utilities,Climate resilience investment,Insurance,80,active
Utilities,Climate resilience investment,Construction Materials,90,active
Utilities,Climate resilience investment,Maintenance Services,100,active
Utilities,Energy efficiency programmes,Climate Control,10,active
Utilities,Energy efficiency programmes,Industrial Automation,20,active
Utilities,Energy efficiency programmes,HVAC,30,active
Utilities,Energy efficiency programmes,Utilities,40,active
Utilities,Energy efficiency programmes,Smart Infrastructure,50,active
Utilities,Energy efficiency programmes,Industrial Software,60,active
Utilities,Energy efficiency programmes,Construction,70,active
Utilities,Energy efficiency programmes,Engineering Services,80,active
Utilities,Energy efficiency programmes,Energy Management,90,active
Utilities,Energy efficiency programmes,Power Electronics,100,active
Agriculture,Crop yield changes,Agriculture,10,active
Agriculture,Crop yield changes,Seeds,20,active
Agriculture,Crop yield changes,Industrial Chemicals,30,active
Agriculture,Crop yield changes,Farm Equipment,40,active
Agriculture,Crop yield changes,Water Infrastructure,50,active
Agriculture,Crop yield changes,Food Processing,60,active
Agriculture,Crop yield changes,Packaging,70,active
Agriculture,Crop yield changes,Logistics,80,active
Agriculture,Crop yield changes,Commodity Trading,90,active
Agriculture,Crop yield changes,Insurance,100,active
Agriculture,Fertiliser demand,Industrial Chemicals,10,active
Agriculture,Fertiliser demand,Agriculture,20,active
Agriculture,Fertiliser demand,Mining,30,active
Agriculture,Fertiliser demand,Logistics,40,active
Agriculture,Fertiliser demand,Energy Services,50,active
Agriculture,Fertiliser demand,Packaging,60,active
Agriculture,Fertiliser demand,Wholesale Distribution,70,active
Agriculture,Fertiliser demand,Food Production,80,active
Agriculture,Fertiliser demand,Water Infrastructure,90,active
Agriculture,Fertiliser demand,Commodity Trading,100,active
Agriculture,Food demand increasing,Agriculture,10,active
Agriculture,Food demand increasing,Food Processing,20,active
Agriculture,Food demand increasing,Food Distribution,30,active
Agriculture,Food demand increasing,Packaging,40,active
Agriculture,Food demand increasing,Logistics,50,active
Agriculture,Food demand increasing,Cold Chain,60,active
Agriculture,Food demand increasing,Restaurants,70,active
Agriculture,Food demand increasing,Consumer Food,80,active
Agriculture,Food demand increasing,Commodity Trading,90,active
Agriculture,Food demand increasing,Wholesale Distribution,100,active
Agriculture,Livestock production changes,Agriculture,10,active
Agriculture,Livestock production changes,Veterinary Health,20,active
Agriculture,Livestock production changes,Food Processing,30,active
Agriculture,Livestock production changes,Packaging,40,active
Agriculture,Livestock production changes,Logistics,50,active
Agriculture,Livestock production changes,Food Distribution,60,active
Agriculture,Livestock production changes,Cold Chain,70,active
Agriculture,Livestock production changes,Insurance,80,active
Agriculture,Livestock production changes,Industrial Chemicals,90,active
Agriculture,Livestock production changes,Wholesale Distribution,100,active
Agriculture,Water availability,Water Infrastructure,10,active
Agriculture,Water availability,Agriculture,20,active
Agriculture,Water availability,Water Utilities,30,active
Agriculture,Water availability,Engineering Services,40,active
Agriculture,Water availability,Farm Equipment,50,active
Agriculture,Water availability,Industrial Chemicals,60,active
Agriculture,Water availability,Food Production,70,active
Agriculture,Water availability,Insurance,80,active
Agriculture,Water availability,Construction,90,active
Agriculture,Water availability,Environmental Services,100,active
Agriculture,Agricultural technology adoption,Agriculture,10,active
Agriculture,Agricultural technology adoption,Industrial Automation,20,active
Agriculture,Agricultural technology adoption,Farm Equipment,30,active
Agriculture,Agricultural technology adoption,Industrial Software,40,active
Agriculture,Agricultural technology adoption,Sensors,50,active
Agriculture,Agricultural technology adoption,Satellites,60,active
Agriculture,Agricultural technology adoption,Water Technology,70,active
Agriculture,Agricultural technology adoption,Data Analytics,80,active
Agriculture,Agricultural technology adoption,Industrial Chemicals,90,active
Agriculture,Agricultural technology adoption,Engineering Services,100,active
Agriculture,Commodity price volatility,Commodity Trading,10,active
Agriculture,Commodity price volatility,Agriculture,20,active
Agriculture,Commodity price volatility,Food Processing,30,active
Agriculture,Commodity price volatility,Retail,40,active
Agriculture,Commodity price volatility,Logistics,50,active
Agriculture,Commodity price volatility,Packaging,60,active
Agriculture,Commodity price volatility,Insurance,70,active
Agriculture,Commodity price volatility,Commercial Banking,80,active
Agriculture,Commodity price volatility,Food Distribution,90,active
Agriculture,Commodity price volatility,Energy Services,100,active
Agriculture,Agricultural supply disruption,Logistics,10,active
Agriculture,Agricultural supply disruption,Packaging,20,active
Agriculture,Agricultural supply disruption,Cold Chain,30,active
Agriculture,Agricultural supply disruption,Food Processing,40,active
Agriculture,Agricultural supply disruption,Retail,50,active
Agriculture,Agricultural supply disruption,Ports,60,active
Agriculture,Agricultural supply disruption,Shipping,70,active
Agriculture,Agricultural supply disruption,Warehousing,80,active
Agriculture,Agricultural supply disruption,Insurance,90,active
Agriculture,Agricultural supply disruption,Agriculture,100,active
Agriculture,Export demand increasing,Commodity Trading,10,active
Agriculture,Export demand increasing,Ports,20,active
Agriculture,Export demand increasing,Shipping,30,active
Agriculture,Export demand increasing,Agriculture,40,active
Agriculture,Export demand increasing,Food Processing,50,active
Agriculture,Export demand increasing,Logistics,60,active
Agriculture,Export demand increasing,Packaging,70,active
Agriculture,Export demand increasing,Commercial Banking,80,active
Agriculture,Export demand increasing,Insurance,90,active
Agriculture,Export demand increasing,Warehousing,100,active
Agriculture,Climate resilience investment,Agriculture,10,active
Agriculture,Climate resilience investment,Water Infrastructure,20,active
Agriculture,Climate resilience investment,Water Technology,30,active
Agriculture,Climate resilience investment,Insurance,40,active
Agriculture,Climate resilience investment,Engineering Services,50,active
Agriculture,Climate resilience investment,Farm Equipment,60,active
Agriculture,Climate resilience investment,Industrial Chemicals,70,active
Agriculture,Climate resilience investment,Research Services,80,active
Agriculture,Climate resilience investment,Utilities,90,active
Agriculture,Climate resilience investment,Environmental Monitoring,100,active
Communications & Media,Advertising demand increasing,Digital Advertising,10,active
Communications & Media,Advertising demand increasing,Media Entertainment,20,active
Communications & Media,Advertising demand increasing,Social Platforms,30,active
Communications & Media,Advertising demand increasing,Streaming,40,active
Communications & Media,Advertising demand increasing,Retail,50,active
Communications & Media,Advertising demand increasing,Data Analytics,60,active
Communications & Media,Advertising demand increasing,Cloud Services,70,active
Communications & Media,Advertising demand increasing,Marketing,80,active
Communications & Media,Advertising demand increasing,Telecommunications,90,active
Communications & Media,Advertising demand increasing,Digital Content,100,active
Communications & Media,Advertising demand weakening,Digital Advertising,10,active
Communications & Media,Advertising demand weakening,Media Entertainment,20,active
Communications & Media,Advertising demand weakening,Social Platforms,30,active
Communications & Media,Advertising demand weakening,Streaming,40,active
Communications & Media,Advertising demand weakening,Publishing,50,active
Communications & Media,Advertising demand weakening,Marketing,60,active
Communications & Media,Advertising demand weakening,Retail,70,active
Communications & Media,Advertising demand weakening,Data Analytics,80,active
Communications & Media,Advertising demand weakening,Digital Content,90,active
Communications & Media,Advertising demand weakening,Broadcasting,100,active
Communications & Media,Streaming growth,Streaming,10,active
Communications & Media,Streaming growth,Digital Content,20,active
Communications & Media,Streaming growth,Cloud Infrastructure,30,active
Communications & Media,Streaming growth,Internet Infrastructure,40,active
Communications & Media,Streaming growth,Telecommunications,50,active
Communications & Media,Streaming growth,Digital Advertising,60,active
Communications & Media,Streaming growth,Media Entertainment,70,active
Communications & Media,Streaming growth,Data Analytics,80,active
Communications & Media,Streaming growth,Consumer Electronics,90,active
Communications & Media,Streaming growth,Payments,100,active
Communications & Media,Mobile data growth,Telecommunications,10,active
Communications & Media,Mobile data growth,Mobile Networks,20,active
Communications & Media,Mobile data growth,Networking Equipment,30,active
Communications & Media,Mobile data growth,Photonics,40,active
Communications & Media,Mobile data growth,Data Centres,50,active
Communications & Media,Mobile data growth,Cloud Services,60,active
Communications & Media,Mobile data growth,Semiconductors,70,active
Communications & Media,Mobile data growth,Utilities,80,active
Communications & Media,Mobile data growth,Engineering Services,90,active
Communications & Media,Mobile data growth,Cybersecurity,100,active
Communications & Media,Broadband expansion,Broadband,10,active
Communications & Media,Broadband expansion,Telecommunications,20,active
Communications & Media,Broadband expansion,Networking Equipment,30,active
Communications & Media,Broadband expansion,Construction,40,active
Communications & Media,Broadband expansion,Engineering Services,50,active
Communications & Media,Broadband expansion,Photonics,60,active
Communications & Media,Broadband expansion,Cloud Services,70,active
Communications & Media,Broadband expansion,Utilities,80,active
Communications & Media,Broadband expansion,Data Centres,90,active
Communications & Media,Broadband expansion,Industrial Software,100,active
Communications & Media,Digital content demand,Digital Content,10,active
Communications & Media,Digital content demand,Publishing,20,active
Communications & Media,Digital content demand,Streaming,30,active
Communications & Media,Digital content demand,Digital Advertising,40,active
Communications & Media,Digital content demand,Social Platforms,50,active
Communications & Media,Digital content demand,Cloud Services,60,active
Communications & Media,Digital content demand,Payments,70,active
Communications & Media,Digital content demand,Data Analytics,80,active
Communications & Media,Digital content demand,Media Entertainment,90,active
Communications & Media,Digital content demand,Consumer Electronics,100,active
Communications & Media,Social platform engagement,Social Platforms,10,active
Communications & Media,Social platform engagement,Digital Advertising,20,active
Communications & Media,Social platform engagement,Cloud Services,30,active
Communications & Media,Social platform engagement,Data Analytics,40,active
Communications & Media,Social platform engagement,Cybersecurity,50,active
Communications & Media,Social platform engagement,Digital Content,60,active
Communications & Media,Social platform engagement,Media Entertainment,70,active
Communications & Media,Social platform engagement,Payments,80,active
Communications & Media,Social platform engagement,Digital Identity,90,active
Communications & Media,Social platform engagement,Telecommunications,100,active
Communications & Media,Network investment,Telecommunications,10,active
Communications & Media,Network investment,Networking Equipment,20,active
Communications & Media,Network investment,Photonics,30,active
Communications & Media,Network investment,Engineering Services,40,active
Communications & Media,Network investment,Construction,50,active
Communications & Media,Network investment,Semiconductors,60,active
Communications & Media,Network investment,Power Equipment,70,active
Communications & Media,Network investment,Industrial Software,80,active
Communications & Media,Network investment,Cybersecurity,90,active
Communications & Media,Network investment,Utilities,100,active
Communications & Media,Satellite communications expansion,Satellite Communications,10,active
Communications & Media,Satellite communications expansion,Launch Services,20,active
Communications & Media,Satellite communications expansion,Satellites,30,active
Communications & Media,Satellite communications expansion,Telecommunications,40,active
Communications & Media,Satellite communications expansion,Defence Technology,50,active
Communications & Media,Satellite communications expansion,Engineering Services,60,active
Communications & Media,Satellite communications expansion,Semiconductors,70,active
Communications & Media,Satellite communications expansion,Networking,80,active
Communications & Media,Satellite communications expansion,Data Centres,90,active
Communications & Media,Satellite communications expansion,Industrial Software,100,active
Communications & Media,Media regulation,Media Entertainment,10,active
Communications & Media,Media regulation,Broadcasting,20,active
Communications & Media,Media regulation,Streaming,30,active
Communications & Media,Media regulation,Digital Advertising,40,active
Communications & Media,Media regulation,Legal Information,50,active
Communications & Media,Media regulation,Risk Management,60,active
Communications & Media,Media regulation,Publishing,70,active
Communications & Media,Media regulation,Telecommunications,80,active
Communications & Media,Media regulation,Digital Content,90,active
Communications & Media,Media regulation,Consulting,100,active
Economic Growth,Economic expansion,Industrial Equipment,10,active
Economic Growth,Economic expansion,Construction,20,active
Economic Growth,Economic expansion,Commercial Banking,30,active
Economic Growth,Economic expansion,Consumer Goods,40,active
Economic Growth,Economic expansion,Retail,50,active
Economic Growth,Economic expansion,Transportation,60,active
Economic Growth,Economic expansion,Business Services,70,active
Economic Growth,Economic expansion,Technology Services,80,active
Economic Growth,Economic expansion,Real Estate,90,active
Economic Growth,Economic expansion,Utilities,100,active
Economic Growth,Economic slowdown,Consumer Food,10,active
Economic Growth,Economic slowdown,Utilities,20,active
Economic Growth,Economic slowdown,Healthcare Services,30,active
Economic Growth,Economic slowdown,Insurance,40,active
Economic Growth,Economic slowdown,General Merchandise,50,active
Economic Growth,Economic slowdown,Telecommunications,60,active
Economic Growth,Economic slowdown,Commercial Banking,70,active
Economic Growth,Economic slowdown,Transportation,80,active
Economic Growth,Economic slowdown,Industrial Equipment,90,active
Economic Growth,Economic slowdown,Real Estate,100,active
Economic Growth,Consumer demand strengthening,Retail,10,active
Economic Growth,Consumer demand strengthening,Restaurants,20,active
Economic Growth,Consumer demand strengthening,Travel Services,30,active
Economic Growth,Consumer demand strengthening,Consumer Electronics,40,active
Economic Growth,Consumer demand strengthening,Automotive Services,50,active
Economic Growth,Consumer demand strengthening,Payment Networks,60,active
Economic Growth,Consumer demand strengthening,Logistics,70,active
Economic Growth,Consumer demand strengthening,Digital Advertising,80,active
Economic Growth,Consumer demand strengthening,Consumer Goods,90,active
Economic Growth,Consumer demand strengthening,Hotels,100,active
Economic Growth,Consumer demand weakening,General Merchandise,10,active
Economic Growth,Consumer demand weakening,Consumer Food,20,active
Economic Growth,Consumer demand weakening,Utilities,30,active
Economic Growth,Consumer demand weakening,Healthcare Services,40,active
Economic Growth,Consumer demand weakening,Insurance,50,active
Economic Growth,Consumer demand weakening,Telecommunications,60,active
Economic Growth,Consumer demand weakening,Restaurants,70,active
Economic Growth,Consumer demand weakening,Travel Services,80,active
Economic Growth,Consumer demand weakening,Digital Advertising,90,active
Economic Growth,Consumer demand weakening,Consumer Finance,100,active
Economic Growth,Business investment increasing,Industrial Equipment,10,active
Economic Growth,Business investment increasing,Engineering Services,20,active
Economic Growth,Business investment increasing,Construction,30,active
Economic Growth,Business investment increasing,Industrial Automation,40,active
Economic Growth,Business investment increasing,Enterprise Software,50,active
Economic Growth,Business investment increasing,Data Centres,60,active
Economic Growth,Business investment increasing,Energy Infrastructure,70,active
Economic Growth,Business investment increasing,Transportation Infrastructure,80,active
Economic Growth,Business investment increasing,Commercial Banking,90,active
Economic Growth,Business investment increasing,Business Services,100,active
Economic Growth,Business investment slowing,Industrial Equipment,10,active
Economic Growth,Business investment slowing,Engineering Services,20,active
Economic Growth,Business investment slowing,Construction,30,active
Economic Growth,Business investment slowing,Industrial Automation,40,active
Economic Growth,Business investment slowing,Enterprise Software,50,active
Economic Growth,Business investment slowing,Commercial Banking,60,active
Economic Growth,Business investment slowing,Transportation Infrastructure,70,active
Economic Growth,Business investment slowing,Business Services,80,active
Economic Growth,Business investment slowing,Real Estate Development,90,active
Economic Growth,Business investment slowing,Energy Services,100,active
Economic Growth,Manufacturing expansion,Industrial Equipment,10,active
Economic Growth,Manufacturing expansion,Industrial Automation,20,active
Economic Growth,Manufacturing expansion,Industrial Chemicals,30,active
Economic Growth,Manufacturing expansion,Metals,40,active
Economic Growth,Manufacturing expansion,Logistics,50,active
Economic Growth,Manufacturing expansion,Packaging,60,active
Economic Growth,Manufacturing expansion,Energy Services,70,active
Economic Growth,Manufacturing expansion,Transportation,80,active
Economic Growth,Manufacturing expansion,Engineering Services,90,active
Economic Growth,Manufacturing expansion,Contract Manufacturing,100,active
Economic Growth,Services expansion,Business Services,10,active
Economic Growth,Services expansion,Professional Services,20,active
Economic Growth,Services expansion,Financial Services,30,active
Economic Growth,Services expansion,Travel Services,40,active
Economic Growth,Services expansion,Hotels,50,active
Economic Growth,Services expansion,Restaurants,60,active
Economic Growth,Services expansion,Healthcare Services,70,active
Economic Growth,Services expansion,Telecommunications,80,active
Economic Growth,Services expansion,Cloud Services,90,active
Economic Growth,Services expansion,Payment Networks,100,active
Economic Growth,Productivity improving,Industrial Automation,10,active
Economic Growth,Productivity improving,Enterprise Software,20,active
Economic Growth,Productivity improving,Artificial Intelligence,30,active
Economic Growth,Productivity improving,Business Intelligence,40,active
Economic Growth,Productivity improving,Industrial Equipment,50,active
Economic Growth,Productivity improving,Cloud Services,60,active
Economic Growth,Productivity improving,Robotics,70,active
Economic Growth,Productivity improving,Semiconductors,80,active
Economic Growth,Productivity improving,Engineering Services,90,active
Economic Growth,Productivity improving,Workflow Automation,100,active
Economic Growth,Leading indicators improving,Commercial Banking,10,active
Economic Growth,Leading indicators improving,Industrial Equipment,20,active
Economic Growth,Leading indicators improving,Construction,30,active
Economic Growth,Leading indicators improving,Consumer Goods,40,active
Economic Growth,Leading indicators improving,Transportation,50,active
Economic Growth,Leading indicators improving,Retail,60,active
Economic Growth,Leading indicators improving,Business Services,70,active
Economic Growth,Leading indicators improving,Real Estate,80,active
Economic Growth,Leading indicators improving,Technology Services,90,active
Economic Growth,Leading indicators improving,Utilities,100,active
Inflation,Inflation accelerating,Energy Services,10,active
Inflation,Inflation accelerating,Industrial Chemicals,20,active
Inflation,Inflation accelerating,Transportation,30,active
Inflation,Inflation accelerating,Consumer Goods,40,active
Inflation,Inflation accelerating,Retail,50,active
Inflation,Inflation accelerating,Utilities,60,active
Inflation,Inflation accelerating,Commercial Banking,70,active
Inflation,Inflation accelerating,Insurance,80,active
Inflation,Inflation accelerating,Construction,90,active
Inflation,Inflation accelerating,Agriculture,100,active
Inflation,Inflation moderating,Retail,10,active
Inflation,Inflation moderating,Consumer Goods,20,active
Inflation,Inflation moderating,Airlines,30,active
Inflation,Inflation moderating,Transportation,40,active
Inflation,Inflation moderating,Construction,50,active
Inflation,Inflation moderating,Homebuilding,60,active
Inflation,Inflation moderating,Commercial Banking,70,active
Inflation,Inflation moderating,Consumer Finance,80,active
Inflation,Inflation moderating,Restaurants,90,active
Inflation,Inflation moderating,Industrial Equipment,100,active
Inflation,Producer prices rising,Industrial Chemicals,10,active
Inflation,Producer prices rising,Metals,20,active
Inflation,Producer prices rising,Packaging,30,active
Inflation,Producer prices rising,Transportation,40,active
Inflation,Producer prices rising,Construction Materials,50,active
Inflation,Producer prices rising,Industrial Equipment,60,active
Inflation,Producer prices rising,Agriculture,70,active
Inflation,Producer prices rising,Energy Services,80,active
Inflation,Producer prices rising,Food Production,90,active
Inflation,Producer prices rising,Logistics,100,active
Inflation,Producer prices falling,Industrial Equipment,10,active
Inflation,Producer prices falling,Construction,20,active
Inflation,Producer prices falling,Consumer Goods,30,active
Inflation,Producer prices falling,Retail,40,active
Inflation,Producer prices falling,Automotive Services,50,active
Inflation,Producer prices falling,Food Production,60,active
Inflation,Producer prices falling,Packaging,70,active
Inflation,Producer prices falling,Logistics,80,active
Inflation,Producer prices falling,Restaurants,90,active
Inflation,Producer prices falling,Homebuilding,100,active
Inflation,Consumer prices rising,Retail,10,active
Inflation,Consumer prices rising,Consumer Food,20,active
Inflation,Consumer prices rising,Utilities,30,active
Inflation,Consumer prices rising,Housing,40,active
Inflation,Consumer prices rising,Insurance,50,active
Inflation,Consumer prices rising,Healthcare Services,60,active
Inflation,Consumer prices rising,Restaurants,70,active
Inflation,Consumer prices rising,Travel Services,80,active
Inflation,Consumer prices rising,Telecommunications,90,active
Inflation,Consumer prices rising,Consumer Finance,100,active
Inflation,Consumer prices falling,Retail,10,active
Inflation,Consumer prices falling,Consumer Electronics,20,active
Inflation,Consumer prices falling,Restaurants,30,active
Inflation,Consumer prices falling,Travel Services,40,active
Inflation,Consumer prices falling,Homebuilding,50,active
Inflation,Consumer prices falling,Automotive Services,60,active
Inflation,Consumer prices falling,Consumer Goods,70,active
Inflation,Consumer prices falling,Payment Networks,80,active
Inflation,Consumer prices falling,Logistics,90,active
Inflation,Consumer prices falling,Hotels,100,active
Inflation,Input costs increasing,Industrial Chemicals,10,active
Inflation,Input costs increasing,Metals,20,active
Inflation,Input costs increasing,Energy Services,30,active
Inflation,Input costs increasing,Packaging,40,active
Inflation,Input costs increasing,Transportation,50,active
Inflation,Input costs increasing,Agriculture,60,active
Inflation,Input costs increasing,Construction Materials,70,active
Inflation,Input costs increasing,Contract Manufacturing,80,active
Inflation,Input costs increasing,Industrial Equipment,90,active
Inflation,Input costs increasing,Food Production,100,active
Inflation,Wage inflation accelerating,Restaurants,10,active
Inflation,Wage inflation accelerating,Retail,20,active
Inflation,Wage inflation accelerating,Healthcare Services,30,active
Inflation,Wage inflation accelerating,Hotels,40,active
Inflation,Wage inflation accelerating,Transportation,50,active
Inflation,Wage inflation accelerating,Business Services,60,active
Inflation,Wage inflation accelerating,Construction,70,active
Inflation,Wage inflation accelerating,Logistics,80,active
Inflation,Wage inflation accelerating,Industrial Services,90,active
Inflation,Wage inflation accelerating,Consumer Services,100,active
Inflation,Inflation expectations rising,Commercial Banking,10,active
Inflation,Inflation expectations rising,Insurance,20,active
Inflation,Inflation expectations rising,Investment Management,30,active
Inflation,Inflation expectations rising,Retail,40,active
Inflation,Inflation expectations rising,Consumer Finance,50,active
Inflation,Inflation expectations rising,Homebuilding,60,active
Inflation,Inflation expectations rising,Energy Services,70,active
Inflation,Inflation expectations rising,Utilities,80,active
Inflation,Inflation expectations rising,Real Estate,90,active
Inflation,Inflation expectations rising,Consumer Goods,100,active
Inflation,Disinflation emerging,Consumer Goods,10,active
Inflation,Disinflation emerging,Retail,20,active
Inflation,Disinflation emerging,Airlines,30,active
Inflation,Disinflation emerging,Homebuilding,40,active
Inflation,Disinflation emerging,Construction,50,active
Inflation,Disinflation emerging,Commercial Banking,60,active
Inflation,Disinflation emerging,Consumer Finance,70,active
Inflation,Disinflation emerging,Restaurants,80,active
Inflation,Disinflation emerging,Industrial Equipment,90,active
Inflation,Disinflation emerging,Real Estate,100,active
Interest Rates,Policy rates rising,Commercial Banking,10,active
Interest Rates,Policy rates rising,Retail Banking,20,active
Interest Rates,Policy rates rising,Mortgage Services,30,active
Interest Rates,Policy rates rising,Consumer Finance,40,active
Interest Rates,Policy rates rising,Life Insurance,50,active
Interest Rates,Policy rates rising,Investment Management,60,active
Interest Rates,Policy rates rising,Real Estate,70,active
Interest Rates,Policy rates rising,Homebuilding,80,active
Interest Rates,Policy rates rising,Construction,90,active
Interest Rates,Policy rates rising,Payment Networks,100,active
Interest Rates,Policy rates falling,Mortgage Services,10,active
Interest Rates,Policy rates falling,Consumer Finance,20,active
Interest Rates,Policy rates falling,Homebuilding,30,active
Interest Rates,Policy rates falling,Real Estate,40,active
Interest Rates,Policy rates falling,Construction,50,active
Interest Rates,Policy rates falling,Retail,60,active
Interest Rates,Policy rates falling,Investment Management,70,active
Interest Rates,Policy rates falling,Commercial Banking,80,active
Interest Rates,Policy rates falling,Automotive Services,90,active
Interest Rates,Policy rates falling,Payment Networks,100,active
Interest Rates,Bond yields rising,Commercial Banking,10,active
Interest Rates,Bond yields rising,Life Insurance,20,active
Interest Rates,Bond yields rising,Investment Management,30,active
Interest Rates,Bond yields rising,Real Estate,40,active
Interest Rates,Bond yields rising,Utilities,50,active
Interest Rates,Bond yields rising,Infrastructure Investment,60,active
Interest Rates,Bond yields rising,Homebuilding,70,active
Interest Rates,Bond yields rising,Consumer Finance,80,active
Interest Rates,Bond yields rising,Telecommunications,90,active
Interest Rates,Bond yields rising,Construction,100,active
Interest Rates,Bond yields falling,Real Estate,10,active
Interest Rates,Bond yields falling,Homebuilding,20,active
Interest Rates,Bond yields falling,Utilities,30,active
Interest Rates,Bond yields falling,Infrastructure Investment,40,active
Interest Rates,Bond yields falling,Telecommunications,50,active
Interest Rates,Bond yields falling,Consumer Finance,60,active
Interest Rates,Bond yields falling,Investment Management,70,active
Interest Rates,Bond yields falling,Commercial Banking,80,active
Interest Rates,Bond yields falling,Construction,90,active
Interest Rates,Bond yields falling,Renewable Energy,100,active
Interest Rates,Yield curve steepening,Commercial Banking,10,active
Interest Rates,Yield curve steepening,Life Insurance,20,active
Interest Rates,Yield curve steepening,Investment Management,30,active
Interest Rates,Yield curve steepening,Mortgage Services,40,active
Interest Rates,Yield curve steepening,Real Estate,50,active
Interest Rates,Yield curve steepening,Consumer Finance,60,active
Interest Rates,Yield curve steepening,Investment Banking,70,active
Interest Rates,Yield curve steepening,Capital Markets,80,active
Interest Rates,Yield curve steepening,Homebuilding,90,active
Interest Rates,Yield curve steepening,Insurance,100,active
Interest Rates,Yield curve flattening,Commercial Banking,10,active
Interest Rates,Yield curve flattening,Life Insurance,20,active
Interest Rates,Yield curve flattening,Investment Management,30,active
Interest Rates,Yield curve flattening,Mortgage Services,40,active
Interest Rates,Yield curve flattening,Real Estate,50,active
Interest Rates,Yield curve flattening,Consumer Finance,60,active
Interest Rates,Yield curve flattening,Investment Banking,70,active
Interest Rates,Yield curve flattening,Capital Markets,80,active
Interest Rates,Yield curve flattening,Homebuilding,90,active
Interest Rates,Yield curve flattening,Insurance,100,active
Interest Rates,Corporate borrowing increasing,Commercial Banking,10,active
Interest Rates,Corporate borrowing increasing,Investment Banking,20,active
Interest Rates,Corporate borrowing increasing,Private Credit,30,active
Interest Rates,Corporate borrowing increasing,Capital Markets,40,active
Interest Rates,Corporate borrowing increasing,Industrial Equipment,50,active
Interest Rates,Corporate borrowing increasing,Construction,60,active
Interest Rates,Corporate borrowing increasing,Real Estate Development,70,active
Interest Rates,Corporate borrowing increasing,Business Services,80,active
Interest Rates,Corporate borrowing increasing,Technology Services,90,active
Interest Rates,Corporate borrowing increasing,Energy Infrastructure,100,active
Interest Rates,Corporate borrowing weakening,Commercial Banking,10,active
Interest Rates,Corporate borrowing weakening,Investment Banking,20,active
Interest Rates,Corporate borrowing weakening,Private Credit,30,active
Interest Rates,Corporate borrowing weakening,Capital Markets,40,active
Interest Rates,Corporate borrowing weakening,Industrial Equipment,50,active
Interest Rates,Corporate borrowing weakening,Construction,60,active
Interest Rates,Corporate borrowing weakening,Real Estate Development,70,active
Interest Rates,Corporate borrowing weakening,Business Services,80,active
Interest Rates,Corporate borrowing weakening,Technology Services,90,active
Interest Rates,Corporate borrowing weakening,Energy Infrastructure,100,active
Interest Rates,Mortgage activity strengthening,Mortgage Services,10,active
Interest Rates,Mortgage activity strengthening,Commercial Banking,20,active
Interest Rates,Mortgage activity strengthening,Homebuilding,30,active
Interest Rates,Mortgage activity strengthening,Residential Real Estate,40,active
Interest Rates,Mortgage activity strengthening,Construction Materials,50,active
Interest Rates,Mortgage activity strengthening,Insurance,60,active
Interest Rates,Mortgage activity strengthening,Home Improvement,70,active
Interest Rates,Mortgage activity strengthening,Utilities,80,active
Interest Rates,Mortgage activity strengthening,Real Estate Services,90,active
Interest Rates,Mortgage activity strengthening,Consumer Finance,100,active
Interest Rates,Mortgage activity slowing,Mortgage Services,10,active
Interest Rates,Mortgage activity slowing,Commercial Banking,20,active
Interest Rates,Mortgage activity slowing,Homebuilding,30,active
Interest Rates,Mortgage activity slowing,Residential Real Estate,40,active
Interest Rates,Mortgage activity slowing,Construction Materials,50,active
Interest Rates,Mortgage activity slowing,Insurance,60,active
Interest Rates,Mortgage activity slowing,Home Improvement,70,active
Interest Rates,Mortgage activity slowing,Utilities,80,active
Interest Rates,Mortgage activity slowing,Real Estate Services,90,active
Interest Rates,Mortgage activity slowing,Consumer Finance,100,active
Labour Markets,Employment strengthening,Staffing Services,10,active
Labour Markets,Employment strengthening,Business Services,20,active
Labour Markets,Employment strengthening,Retail,30,active
Labour Markets,Employment strengthening,Restaurants,40,active
Labour Markets,Employment strengthening,Construction,50,active
Labour Markets,Employment strengthening,Healthcare Services,60,active
Labour Markets,Employment strengthening,Hotels,70,active
Labour Markets,Employment strengthening,Transportation,80,active
Labour Markets,Employment strengthening,Consumer Goods,90,active
Labour Markets,Employment strengthening,Commercial Banking,100,active
Labour Markets,Employment weakening,Staffing Services,10,active
Labour Markets,Employment weakening,Business Services,20,active
Labour Markets,Employment weakening,Retail,30,active
Labour Markets,Employment weakening,Restaurants,40,active
Labour Markets,Employment weakening,Construction,50,active
Labour Markets,Employment weakening,Hotels,60,active
Labour Markets,Employment weakening,Transportation,70,active
Labour Markets,Employment weakening,Consumer Finance,80,active
Labour Markets,Employment weakening,Commercial Banking,90,active
Labour Markets,Employment weakening,Real Estate,100,active
Labour Markets,Labour shortages,Industrial Automation,10,active
Labour Markets,Labour shortages,Robotics,20,active
Labour Markets,Labour shortages,Staffing Services,30,active
Labour Markets,Labour shortages,Hr Services,40,active
Labour Markets,Labour shortages,Workflow Automation,50,active
Labour Markets,Labour shortages,Restaurants,60,active
Labour Markets,Labour shortages,Construction,70,active
Labour Markets,Labour shortages,Healthcare Services,80,active
Labour Markets,Labour shortages,Logistics,90,active
Labour Markets,Labour shortages,Agriculture,100,active
Labour Markets,Labour market softening,Staffing Services,10,active
Labour Markets,Labour market softening,Hr Services,20,active
Labour Markets,Labour market softening,Business Services,30,active
Labour Markets,Labour market softening,Retail,40,active
Labour Markets,Labour market softening,Restaurants,50,active
Labour Markets,Labour market softening,Construction,60,active
Labour Markets,Labour market softening,Transportation,70,active
Labour Markets,Labour market softening,Consumer Finance,80,active
Labour Markets,Labour market softening,Commercial Banking,90,active
Labour Markets,Labour market softening,Real Estate,100,active
Labour Markets,Wage growth accelerating,Restaurants,10,active
Labour Markets,Wage growth accelerating,Retail,20,active
Labour Markets,Wage growth accelerating,Healthcare Services,30,active
Labour Markets,Wage growth accelerating,Hotels,40,active
Labour Markets,Wage growth accelerating,Transportation,50,active
Labour Markets,Wage growth accelerating,Construction,60,active
Labour Markets,Wage growth accelerating,Business Services,70,active
Labour Markets,Wage growth accelerating,Logistics,80,active
Labour Markets,Wage growth accelerating,Consumer Services,90,active
Labour Markets,Wage growth accelerating,Industrial Services,100,active
Labour Markets,Wage growth slowing,Restaurants,10,active
Labour Markets,Wage growth slowing,Retail,20,active
Labour Markets,Wage growth slowing,Healthcare Services,30,active
Labour Markets,Wage growth slowing,Hotels,40,active
Labour Markets,Wage growth slowing,Transportation,50,active
Labour Markets,Wage growth slowing,Construction,60,active
Labour Markets,Wage growth slowing,Business Services,70,active
Labour Markets,Wage growth slowing,Logistics,80,active
Labour Markets,Wage growth slowing,Consumer Services,90,active
Labour Markets,Wage growth slowing,Industrial Services,100,active
Labour Markets,Hiring demand increasing,Staffing Services,10,active
Labour Markets,Hiring demand increasing,Hr Services,20,active
Labour Markets,Hiring demand increasing,Payroll,30,active
Labour Markets,Hiring demand increasing,Business Services,40,active
Labour Markets,Hiring demand increasing,Professional Services,50,active
Labour Markets,Hiring demand increasing,Cloud Services,60,active
Labour Markets,Hiring demand increasing,Enterprise Software,70,active
Labour Markets,Hiring demand increasing,Commercial Real Estate,80,active
Labour Markets,Hiring demand increasing,Consumer Services,90,active
Labour Markets,Hiring demand increasing,Training Services,100,active
Labour Markets,Hiring demand weakening,Staffing Services,10,active
Labour Markets,Hiring demand weakening,Hr Services,20,active
Labour Markets,Hiring demand weakening,Payroll,30,active
Labour Markets,Hiring demand weakening,Business Services,40,active
Labour Markets,Hiring demand weakening,Professional Services,50,active
Labour Markets,Hiring demand weakening,Commercial Real Estate,60,active
Labour Markets,Hiring demand weakening,Consumer Services,70,active
Labour Markets,Hiring demand weakening,Training Services,80,active
Labour Markets,Hiring demand weakening,Retail,90,active
Labour Markets,Hiring demand weakening,Restaurants,100,active
Labour Markets,Participation improving,Staffing Services,10,active
Labour Markets,Participation improving,Hr Services,20,active
Labour Markets,Participation improving,Payroll,30,active
Labour Markets,Participation improving,Retail,40,active
Labour Markets,Participation improving,Restaurants,50,active
Labour Markets,Participation improving,Consumer Goods,60,active
Labour Markets,Participation improving,Transportation,70,active
Labour Markets,Participation improving,Construction,80,active
Labour Markets,Participation improving,Business Services,90,active
Labour Markets,Participation improving,Commercial Banking,100,active
Labour Markets,Layoffs increasing,Staffing Services,10,active
Labour Markets,Layoffs increasing,Hr Services,20,active
Labour Markets,Layoffs increasing,Business Services,30,active
Labour Markets,Layoffs increasing,Commercial Real Estate,40,active
Labour Markets,Layoffs increasing,Consumer Finance,50,active
Labour Markets,Layoffs increasing,Retail,60,active
Labour Markets,Layoffs increasing,Restaurants,70,active
Labour Markets,Layoffs increasing,Digital Advertising,80,active
Labour Markets,Layoffs increasing,Travel Services,90,active
Labour Markets,Layoffs increasing,Commercial Banking,100,active
Financial Conditions,Credit conditions easing,Commercial Banking,10,active
Financial Conditions,Credit conditions easing,Consumer Finance,20,active
Financial Conditions,Credit conditions easing,Mortgage Services,30,active
Financial Conditions,Credit conditions easing,Private Credit,40,active
Financial Conditions,Credit conditions easing,Homebuilding,50,active
Financial Conditions,Credit conditions easing,Real Estate,60,active
Financial Conditions,Credit conditions easing,Retail,70,active
Financial Conditions,Credit conditions easing,Industrial Equipment,80,active
Financial Conditions,Credit conditions easing,Construction,90,active
Financial Conditions,Credit conditions easing,Investment Management,100,active
Financial Conditions,Credit conditions tightening,Commercial Banking,10,active
Financial Conditions,Credit conditions tightening,Consumer Finance,20,active
Financial Conditions,Credit conditions tightening,Mortgage Services,30,active
Financial Conditions,Credit conditions tightening,Private Credit,40,active
Financial Conditions,Credit conditions tightening,Commercial Real Estate,50,active
Financial Conditions,Credit conditions tightening,Retail,60,active
Financial Conditions,Credit conditions tightening,Construction,70,active
Financial Conditions,Credit conditions tightening,Industrial Equipment,80,active
Financial Conditions,Credit conditions tightening,Investment Management,90,active
Financial Conditions,Credit conditions tightening,Insurance,100,active
Financial Conditions,Bank lending accelerating,Commercial Banking,10,active
Financial Conditions,Bank lending accelerating,Retail Banking,20,active
Financial Conditions,Bank lending accelerating,Consumer Finance,30,active
Financial Conditions,Bank lending accelerating,Mortgage Services,40,active
Financial Conditions,Bank lending accelerating,Homebuilding,50,active
Financial Conditions,Bank lending accelerating,Commercial Real Estate,60,active
Financial Conditions,Bank lending accelerating,Industrial Equipment,70,active
Financial Conditions,Bank lending accelerating,Retail,80,active
Financial Conditions,Bank lending accelerating,Payment Networks,90,active
Financial Conditions,Bank lending accelerating,Insurance,100,active
Financial Conditions,Bank lending slowing,Commercial Banking,10,active
Financial Conditions,Bank lending slowing,Retail Banking,20,active
Financial Conditions,Bank lending slowing,Consumer Finance,30,active
Financial Conditions,Bank lending slowing,Mortgage Services,40,active
Financial Conditions,Bank lending slowing,Homebuilding,50,active
Financial Conditions,Bank lending slowing,Commercial Real Estate,60,active
Financial Conditions,Bank lending slowing,Industrial Equipment,70,active
Financial Conditions,Bank lending slowing,Retail,80,active
Financial Conditions,Bank lending slowing,Payment Networks,90,active
Financial Conditions,Bank lending slowing,Insurance,100,active
Financial Conditions,Corporate spreads widening,Private Credit,10,active
Financial Conditions,Corporate spreads widening,Commercial Banking,20,active
Financial Conditions,Corporate spreads widening,Investment Management,30,active
Financial Conditions,Corporate spreads widening,Insurance,40,active
Financial Conditions,Corporate spreads widening,Capital Markets,50,active
Financial Conditions,Corporate spreads widening,Commercial Real Estate,60,active
Financial Conditions,Corporate spreads widening,Industrial Equipment,70,active
Financial Conditions,Corporate spreads widening,Energy Services,80,active
Financial Conditions,Corporate spreads widening,Retail,90,active
Financial Conditions,Corporate spreads widening,Transportation,100,active
Financial Conditions,Corporate spreads narrowing,Private Credit,10,active
Financial Conditions,Corporate spreads narrowing,Commercial Banking,20,active
Financial Conditions,Corporate spreads narrowing,Investment Management,30,active
Financial Conditions,Corporate spreads narrowing,Insurance,40,active
Financial Conditions,Corporate spreads narrowing,Capital Markets,50,active
Financial Conditions,Corporate spreads narrowing,Commercial Real Estate,60,active
Financial Conditions,Corporate spreads narrowing,Industrial Equipment,70,active
Financial Conditions,Corporate spreads narrowing,Energy Services,80,active
Financial Conditions,Corporate spreads narrowing,Retail,90,active
Financial Conditions,Corporate spreads narrowing,Transportation,100,active
Financial Conditions,Liquidity improving,Commercial Banking,10,active
Financial Conditions,Liquidity improving,Investment Banking,20,active
Financial Conditions,Liquidity improving,Exchange Operations,30,active
Financial Conditions,Liquidity improving,Investment Management,40,active
Financial Conditions,Liquidity improving,Brokerage,50,active
Financial Conditions,Liquidity improving,Market Data,60,active
Financial Conditions,Liquidity improving,Payment Networks,70,active
Financial Conditions,Liquidity improving,Fintech,80,active
Financial Conditions,Liquidity improving,Real Estate,90,active
Financial Conditions,Liquidity improving,Capital Markets,100,active
Financial Conditions,Liquidity deteriorating,Commercial Banking,10,active
Financial Conditions,Liquidity deteriorating,Investment Banking,20,active
Financial Conditions,Liquidity deteriorating,Exchange Operations,30,active
Financial Conditions,Liquidity deteriorating,Investment Management,40,active
Financial Conditions,Liquidity deteriorating,Brokerage,50,active
Financial Conditions,Liquidity deteriorating,Market Data,60,active
Financial Conditions,Liquidity deteriorating,Payment Networks,70,active
Financial Conditions,Liquidity deteriorating,Fintech,80,active
Financial Conditions,Liquidity deteriorating,Real Estate,90,active
Financial Conditions,Liquidity deteriorating,Capital Markets,100,active
Financial Conditions,Financial stress increasing,Commercial Banking,10,active
Financial Conditions,Financial stress increasing,Insurance,20,active
Financial Conditions,Financial stress increasing,Investment Management,30,active
Financial Conditions,Financial stress increasing,Private Credit,40,active
Financial Conditions,Financial stress increasing,Commercial Real Estate,50,active
Financial Conditions,Financial stress increasing,Consumer Finance,60,active
Financial Conditions,Financial stress increasing,Payment Networks,70,active
Financial Conditions,Financial stress increasing,Fintech,80,active
Financial Conditions,Financial stress increasing,Capital Markets,90,active
Financial Conditions,Financial stress increasing,Market Data,100,active
Financial Conditions,Financial stress easing,Commercial Banking,10,active
Financial Conditions,Financial stress easing,Insurance,20,active
Financial Conditions,Financial stress easing,Investment Management,30,active
Financial Conditions,Financial stress easing,Private Credit,40,active
Financial Conditions,Financial stress easing,Commercial Real Estate,50,active
Financial Conditions,Financial stress easing,Consumer Finance,60,active
Financial Conditions,Financial stress easing,Payment Networks,70,active
Financial Conditions,Financial stress easing,Fintech,80,active
Financial Conditions,Financial stress easing,Capital Markets,90,active
Financial Conditions,Financial stress easing,Market Data,100,active
Currencies,Domestic currency strengthening,Distribution,10,active
Currencies,Domestic currency strengthening,Retail,20,active
Currencies,Domestic currency strengthening,Airlines,30,active
Currencies,Domestic currency strengthening,Travel Services,40,active
Currencies,Domestic currency strengthening,Industrial Equipment,50,active
Currencies,Domestic currency strengthening,Consumer Electronics,60,active
Currencies,Domestic currency strengthening,Automotive Parts,70,active
Currencies,Domestic currency strengthening,Commercial Banking,80,active
Currencies,Domestic currency strengthening,Food Distribution,90,active
Currencies,Domestic currency strengthening,Technology Distribution,100,active
Currencies,Domestic currency weakening,Industrial Manufacturing,10,active
Currencies,Domestic currency weakening,Mining,20,active
Currencies,Domestic currency weakening,Agriculture,30,active
Currencies,Domestic currency weakening,Hotels,40,active
Currencies,Domestic currency weakening,Travel Services,50,active
Currencies,Domestic currency weakening,Industrial Equipment,60,active
Currencies,Domestic currency weakening,Consumer Goods,70,active
Currencies,Domestic currency weakening,Energy Services,80,active
Currencies,Domestic currency weakening,Commercial Banking,90,active
Currencies,Domestic currency weakening,Technology Services,100,active
Currencies,Dollar strengthening,Global Equities,10,active
Currencies,Dollar strengthening,Commodity Trading,20,active
Currencies,Dollar strengthening,Mining,30,active
Currencies,Dollar strengthening,Energy Services,40,active
Currencies,Dollar strengthening,Emerging Markets,50,active
Currencies,Dollar strengthening,Technology Services,60,active
Currencies,Dollar strengthening,Industrial Manufacturing,70,active
Currencies,Dollar strengthening,Travel Services,80,active
Currencies,Dollar strengthening,Commercial Banking,90,active
Currencies,Dollar strengthening,Consumer Goods,100,active
Currencies,Dollar weakening,Global Equities,10,active
Currencies,Dollar weakening,Commodity Trading,20,active
Currencies,Dollar weakening,Mining,30,active
Currencies,Dollar weakening,Energy Services,40,active
Currencies,Dollar weakening,Emerging Markets,50,active
Currencies,Dollar weakening,Technology Services,60,active
Currencies,Dollar weakening,Industrial Manufacturing,70,active
Currencies,Dollar weakening,Travel Services,80,active
Currencies,Dollar weakening,Commercial Banking,90,active
Currencies,Dollar weakening,Consumer Goods,100,active
Currencies,Currency volatility increasing,Commercial Banking,10,active
Currencies,Currency volatility increasing,Investment Banking,20,active
Currencies,Currency volatility increasing,Payment Networks,30,active
Currencies,Currency volatility increasing,Travel Services,40,active
Currencies,Currency volatility increasing,Airlines,50,active
Currencies,Currency volatility increasing,Commodity Trading,60,active
Currencies,Currency volatility increasing,Global Equities,70,active
Currencies,Currency volatility increasing,Insurance,80,active
Currencies,Currency volatility increasing,Fintech,90,active
Currencies,Currency volatility increasing,Market Data,100,active
Currencies,Currency volatility declining,Commercial Banking,10,active
Currencies,Currency volatility declining,Investment Banking,20,active
Currencies,Currency volatility declining,Payment Networks,30,active
Currencies,Currency volatility declining,Travel Services,40,active
Currencies,Currency volatility declining,Airlines,50,active
Currencies,Currency volatility declining,Commodity Trading,60,active
Currencies,Currency volatility declining,Global Equities,70,active
Currencies,Currency volatility declining,Insurance,80,active
Currencies,Currency volatility declining,Fintech,90,active
Currencies,Currency volatility declining,Market Data,100,active
Currencies,Export competitiveness improving,Industrial Manufacturing,10,active
Currencies,Export competitiveness improving,Agriculture,20,active
Currencies,Export competitiveness improving,Mining,30,active
Currencies,Export competitiveness improving,Technology Services,40,active
Currencies,Export competitiveness improving,Consumer Goods,50,active
Currencies,Export competitiveness improving,Automotive Parts,60,active
Currencies,Export competitiveness improving,Aerospace,70,active
Currencies,Export competitiveness improving,Food Production,80,active
Currencies,Export competitiveness improving,Shipping,90,active
Currencies,Export competitiveness improving,Logistics,100,active
Currencies,Import costs increasing,Retail,10,active
Currencies,Import costs increasing,Consumer Electronics,20,active
Currencies,Import costs increasing,Automotive Parts,30,active
Currencies,Import costs increasing,Industrial Equipment,40,active
Currencies,Import costs increasing,Food Distribution,50,active
Currencies,Import costs increasing,Industrial Chemicals,60,active
Currencies,Import costs increasing,Technology Distribution,70,active
Currencies,Import costs increasing,Airlines,80,active
Currencies,Import costs increasing,Construction Materials,90,active
Currencies,Import costs increasing,Consumer Goods,100,active
Currencies,Import costs falling,Retail,10,active
Currencies,Import costs falling,Consumer Electronics,20,active
Currencies,Import costs falling,Automotive Parts,30,active
Currencies,Import costs falling,Industrial Equipment,40,active
Currencies,Import costs falling,Food Distribution,50,active
Currencies,Import costs falling,Industrial Chemicals,60,active
Currencies,Import costs falling,Technology Distribution,70,active
Currencies,Import costs falling,Airlines,80,active
Currencies,Import costs falling,Construction Materials,90,active
Currencies,Import costs falling,Consumer Goods,100,active
Currencies,Cross-border earnings translation changing,Global Equities,10,active
Currencies,Cross-border earnings translation changing,Technology Services,20,active
Currencies,Cross-border earnings translation changing,Consumer Goods,30,active
Currencies,Cross-border earnings translation changing,Pharmaceuticals,40,active
Currencies,Cross-border earnings translation changing,Industrial Manufacturing,50,active
Currencies,Cross-border earnings translation changing,Media Entertainment,60,active
Currencies,Cross-border earnings translation changing,Commercial Banking,70,active
Currencies,Cross-border earnings translation changing,Luxury Goods,80,active
Currencies,Cross-border earnings translation changing,Travel Services,90,active
Currencies,Cross-border earnings translation changing,Automotive Parts,100,active
Commodity Markets,Energy prices rising,Airlines,10,active
Commodity Markets,Energy prices rising,Road Freight,20,active
Commodity Markets,Energy prices rising,Shipping,30,active
Commodity Markets,Energy prices rising,Industrial Chemicals,40,active
Commodity Markets,Energy prices rising,Mining,50,active
Commodity Markets,Energy prices rising,Agriculture,60,active
Commodity Markets,Energy prices rising,Utilities,70,active
Commodity Markets,Energy prices rising,Consumer Goods,80,active
Commodity Markets,Energy prices rising,Construction Materials,90,active
Commodity Markets,Energy prices rising,Logistics,100,active
Commodity Markets,Energy prices falling,Airlines,10,active
Commodity Markets,Energy prices falling,Road Freight,20,active
Commodity Markets,Energy prices falling,Shipping,30,active
Commodity Markets,Energy prices falling,Retail,40,active
Commodity Markets,Energy prices falling,Travel Services,50,active
Commodity Markets,Energy prices falling,Industrial Chemicals,60,active
Commodity Markets,Energy prices falling,Construction,70,active
Commodity Markets,Energy prices falling,Agriculture,80,active
Commodity Markets,Energy prices falling,Consumer Goods,90,active
Commodity Markets,Energy prices falling,Logistics,100,active
Commodity Markets,Industrial metals prices rising,Construction,10,active
Commodity Markets,Industrial metals prices rising,Industrial Equipment,20,active
Commodity Markets,Industrial metals prices rising,Automotive Parts,30,active
Commodity Markets,Industrial metals prices rising,Electrical Equipment,40,active
Commodity Markets,Industrial metals prices rising,Utilities,50,active
Commodity Markets,Industrial metals prices rising,Renewable Energy,60,active
Commodity Markets,Industrial metals prices rising,Consumer Electronics,70,active
Commodity Markets,Industrial metals prices rising,Aerospace,80,active
Commodity Markets,Industrial metals prices rising,Packaging,90,active
Commodity Markets,Industrial metals prices rising,Engineering Services,100,active
Commodity Markets,Industrial metals prices falling,Construction,10,active
Commodity Markets,Industrial metals prices falling,Industrial Equipment,20,active
Commodity Markets,Industrial metals prices falling,Automotive Parts,30,active
Commodity Markets,Industrial metals prices falling,Electrical Equipment,40,active
Commodity Markets,Industrial metals prices falling,Utilities,50,active
Commodity Markets,Industrial metals prices falling,Renewable Energy,60,active
Commodity Markets,Industrial metals prices falling,Consumer Electronics,70,active
Commodity Markets,Industrial metals prices falling,Aerospace,80,active
Commodity Markets,Industrial metals prices falling,Packaging,90,active
Commodity Markets,Industrial metals prices falling,Engineering Services,100,active
Commodity Markets,Agricultural commodity prices rising,Food Production,10,active
Commodity Markets,Agricultural commodity prices rising,Restaurants,20,active
Commodity Markets,Agricultural commodity prices rising,Retail,30,active
Commodity Markets,Agricultural commodity prices rising,Consumer Food,40,active
Commodity Markets,Agricultural commodity prices rising,Packaging,50,active
Commodity Markets,Agricultural commodity prices rising,Logistics,60,active
Commodity Markets,Agricultural commodity prices rising,Agriculture,70,active
Commodity Markets,Agricultural commodity prices rising,Commodity Trading,80,active
Commodity Markets,Agricultural commodity prices rising,Veterinary Health,90,active
Commodity Markets,Agricultural commodity prices rising,Food Distribution,100,active
Commodity Markets,Agricultural commodity prices falling,Food Production,10,active
Commodity Markets,Agricultural commodity prices falling,Restaurants,20,active
Commodity Markets,Agricultural commodity prices falling,Retail,30,active
Commodity Markets,Agricultural commodity prices falling,Consumer Food,40,active
Commodity Markets,Agricultural commodity prices falling,Packaging,50,active
Commodity Markets,Agricultural commodity prices falling,Logistics,60,active
Commodity Markets,Agricultural commodity prices falling,Agriculture,70,active
Commodity Markets,Agricultural commodity prices falling,Commodity Trading,80,active
Commodity Markets,Agricultural commodity prices falling,Veterinary Health,90,active
Commodity Markets,Agricultural commodity prices falling,Food Distribution,100,active
Commodity Markets,Precious metals demand increasing,Gold Mining,10,active
Commodity Markets,Precious metals demand increasing,Silver Mining,20,active
Commodity Markets,Precious metals demand increasing,Precious Metals,30,active
Commodity Markets,Precious metals demand increasing,Jewellery,40,active
Commodity Markets,Precious metals demand increasing,Investment Management,50,active
Commodity Markets,Precious metals demand increasing,Commodity Trading,60,active
Commodity Markets,Precious metals demand increasing,Electronics Materials,70,active
Commodity Markets,Precious metals demand increasing,Mining Equipment,80,active
Commodity Markets,Precious metals demand increasing,Insurance,90,active
Commodity Markets,Precious metals demand increasing,Financial Services,100,active
Commodity Markets,Critical minerals demand increasing,Critical Minerals,10,active
Commodity Markets,Critical minerals demand increasing,Battery Materials,20,active
Commodity Markets,Critical minerals demand increasing,Copper,30,active
Commodity Markets,Critical minerals demand increasing,Mining,40,active
Commodity Markets,Critical minerals demand increasing,Energy Storage,50,active
Commodity Markets,Critical minerals demand increasing,Electric Vehicles,60,active
Commodity Markets,Critical minerals demand increasing,Renewable Energy,70,active
Commodity Markets,Critical minerals demand increasing,Semiconductors,80,active
Commodity Markets,Critical minerals demand increasing,Industrial Equipment,90,active
Commodity Markets,Critical minerals demand increasing,Defence Technology,100,active
Commodity Markets,Commodity volatility increasing,Commodity Trading,10,active
Commodity Markets,Commodity volatility increasing,Mining,20,active
Commodity Markets,Commodity volatility increasing,Agriculture,30,active
Commodity Markets,Commodity volatility increasing,Energy Services,40,active
Commodity Markets,Commodity volatility increasing,Industrial Chemicals,50,active
Commodity Markets,Commodity volatility increasing,Food Production,60,active
Commodity Markets,Commodity volatility increasing,Insurance,70,active
Commodity Markets,Commodity volatility increasing,Commercial Banking,80,active
Commodity Markets,Commodity volatility increasing,Shipping,90,active
Commodity Markets,Commodity volatility increasing,Logistics,100,active
Commodity Markets,Commodity supply disruption,Mining,10,active
Commodity Markets,Commodity supply disruption,Agriculture,20,active
Commodity Markets,Commodity supply disruption,Energy Services,30,active
Commodity Markets,Commodity supply disruption,Shipping,40,active
Commodity Markets,Commodity supply disruption,Ports,50,active
Commodity Markets,Commodity supply disruption,Logistics,60,active
Commodity Markets,Commodity supply disruption,Industrial Chemicals,70,active
Commodity Markets,Commodity supply disruption,Food Production,80,active
Commodity Markets,Commodity supply disruption,Construction Materials,90,active
Commodity Markets,Commodity supply disruption,Commodity Trading,100,active
Global Trade,Export demand strengthening,Industrial Manufacturing,10,active
Global Trade,Export demand strengthening,Agriculture,20,active
Global Trade,Export demand strengthening,Technology Services,30,active
Global Trade,Export demand strengthening,Consumer Goods,40,active
Global Trade,Export demand strengthening,Aerospace,50,active
Global Trade,Export demand strengthening,Mining,60,active
Global Trade,Export demand strengthening,Shipping,70,active
Global Trade,Export demand strengthening,Ports,80,active
Global Trade,Export demand strengthening,Logistics,90,active
Global Trade,Export demand strengthening,Commercial Banking,100,active
Global Trade,Export demand weakening,Industrial Manufacturing,10,active
Global Trade,Export demand weakening,Agriculture,20,active
Global Trade,Export demand weakening,Technology Services,30,active
Global Trade,Export demand weakening,Consumer Goods,40,active
Global Trade,Export demand weakening,Aerospace,50,active
Global Trade,Export demand weakening,Mining,60,active
Global Trade,Export demand weakening,Shipping,70,active
Global Trade,Export demand weakening,Ports,80,active
Global Trade,Export demand weakening,Logistics,90,active
Global Trade,Export demand weakening,Commercial Banking,100,active
Global Trade,Import demand strengthening,Retail,10,active
Global Trade,Import demand strengthening,Wholesale Distribution,20,active
Global Trade,Import demand strengthening,Technology Distribution,30,active
Global Trade,Import demand strengthening,Automotive Parts,40,active
Global Trade,Import demand strengthening,Industrial Equipment,50,active
Global Trade,Import demand strengthening,Food Distribution,60,active
Global Trade,Import demand strengthening,Shipping,70,active
Global Trade,Import demand strengthening,Ports,80,active
Global Trade,Import demand strengthening,Logistics,90,active
Global Trade,Import demand strengthening,Commercial Banking,100,active
Global Trade,Import demand weakening,Retail,10,active
Global Trade,Import demand weakening,Wholesale Distribution,20,active
Global Trade,Import demand weakening,Technology Distribution,30,active
Global Trade,Import demand weakening,Automotive Parts,40,active
Global Trade,Import demand weakening,Industrial Equipment,50,active
Global Trade,Import demand weakening,Food Distribution,60,active
Global Trade,Import demand weakening,Shipping,70,active
Global Trade,Import demand weakening,Ports,80,active
Global Trade,Import demand weakening,Logistics,90,active
Global Trade,Import demand weakening,Commercial Banking,100,active
Global Trade,Tariffs increasing,Industrial Manufacturing,10,active
Global Trade,Tariffs increasing,Automotive Parts,20,active
Global Trade,Tariffs increasing,Consumer Electronics,30,active
Global Trade,Tariffs increasing,Retail,40,active
Global Trade,Tariffs increasing,Agriculture,50,active
Global Trade,Tariffs increasing,Industrial Equipment,60,active
Global Trade,Tariffs increasing,Technology Distribution,70,active
Global Trade,Tariffs increasing,Shipping,80,active
Global Trade,Tariffs increasing,Logistics,90,active
Global Trade,Tariffs increasing,Commercial Banking,100,active
Global Trade,Tariffs decreasing,Industrial Manufacturing,10,active
Global Trade,Tariffs decreasing,Automotive Parts,20,active
Global Trade,Tariffs decreasing,Consumer Electronics,30,active
Global Trade,Tariffs decreasing,Retail,40,active
Global Trade,Tariffs decreasing,Agriculture,50,active
Global Trade,Tariffs decreasing,Industrial Equipment,60,active
Global Trade,Tariffs decreasing,Technology Distribution,70,active
Global Trade,Tariffs decreasing,Shipping,80,active
Global Trade,Tariffs decreasing,Logistics,90,active
Global Trade,Tariffs decreasing,Commercial Banking,100,active
Global Trade,Trade restrictions expanding,Semiconductors,10,active
Global Trade,Trade restrictions expanding,Defence Technology,20,active
Global Trade,Trade restrictions expanding,Industrial Equipment,30,active
Global Trade,Trade restrictions expanding,Mining,40,active
Global Trade,Trade restrictions expanding,Agriculture,50,active
Global Trade,Trade restrictions expanding,Commercial Banking,60,active
Global Trade,Trade restrictions expanding,Shipping,70,active
Global Trade,Trade restrictions expanding,Logistics,80,active
Global Trade,Trade restrictions expanding,Technology Distribution,90,active
Global Trade,Trade restrictions expanding,Commodity Trading,100,active
Global Trade,Trade restrictions easing,Semiconductors,10,active
Global Trade,Trade restrictions easing,Defence Technology,20,active
Global Trade,Trade restrictions easing,Industrial Equipment,30,active
Global Trade,Trade restrictions easing,Mining,40,active
Global Trade,Trade restrictions easing,Agriculture,50,active
Global Trade,Trade restrictions easing,Commercial Banking,60,active
Global Trade,Trade restrictions easing,Shipping,70,active
Global Trade,Trade restrictions easing,Logistics,80,active
Global Trade,Trade restrictions easing,Technology Distribution,90,active
Global Trade,Trade restrictions easing,Commodity Trading,100,active
Global Trade,Cross-border investment increasing,Investment Banking,10,active
Global Trade,Cross-border investment increasing,Commercial Banking,20,active
Global Trade,Cross-border investment increasing,Real Estate Development,30,active
Global Trade,Cross-border investment increasing,Industrial Manufacturing,40,active
Global Trade,Cross-border investment increasing,Data Centres,50,active
Global Trade,Cross-border investment increasing,Energy Infrastructure,60,active
Global Trade,Cross-border investment increasing,Technology Services,70,active
Global Trade,Cross-border investment increasing,Construction,80,active
Global Trade,Cross-border investment increasing,Insurance,90,active
Global Trade,Cross-border investment increasing,Investment Management,100,active
Global Trade,Trade balances shifting,Currencies,10,active
Global Trade,Trade balances shifting,Commercial Banking,20,active
Global Trade,Trade balances shifting,Industrial Manufacturing,30,active
Global Trade,Trade balances shifting,Agriculture,40,active
Global Trade,Trade balances shifting,Mining,50,active
Global Trade,Trade balances shifting,Shipping,60,active
Global Trade,Trade balances shifting,Ports,70,active
Global Trade,Trade balances shifting,Logistics,80,active
Global Trade,Trade balances shifting,Consumer Goods,90,active
Global Trade,Trade balances shifting,Technology Services,100,active
Supply Chains,Supply chain disruption increasing,Logistics,10,active
Supply Chains,Supply chain disruption increasing,Shipping,20,active
Supply Chains,Supply chain disruption increasing,Ports,30,active
Supply Chains,Supply chain disruption increasing,Road Freight,40,active
Supply Chains,Supply chain disruption increasing,Rail Logistics,50,active
Supply Chains,Supply chain disruption increasing,Warehousing,60,active
Supply Chains,Supply chain disruption increasing,Packaging,70,active
Supply Chains,Supply chain disruption increasing,Contract Manufacturing,80,active
Supply Chains,Supply chain disruption increasing,Retail,90,active
Supply Chains,Supply chain disruption increasing,Industrial Manufacturing,100,active
Supply Chains,Supply chain disruption easing,Logistics,10,active
Supply Chains,Supply chain disruption easing,Shipping,20,active
Supply Chains,Supply chain disruption easing,Ports,30,active
Supply Chains,Supply chain disruption easing,Road Freight,40,active
Supply Chains,Supply chain disruption easing,Rail Logistics,50,active
Supply Chains,Supply chain disruption easing,Warehousing,60,active
Supply Chains,Supply chain disruption easing,Packaging,70,active
Supply Chains,Supply chain disruption easing,Contract Manufacturing,80,active
Supply Chains,Supply chain disruption easing,Retail,90,active
Supply Chains,Supply chain disruption easing,Industrial Manufacturing,100,active
Supply Chains,Lead times lengthening,Contract Manufacturing,10,active
Supply Chains,Lead times lengthening,Industrial Equipment,20,active
Supply Chains,Lead times lengthening,Semiconductors,30,active
Supply Chains,Lead times lengthening,Automotive Parts,40,active
Supply Chains,Lead times lengthening,Retail,50,active
Supply Chains,Lead times lengthening,Logistics,60,active
Supply Chains,Lead times lengthening,Warehousing,70,active
Supply Chains,Lead times lengthening,Shipping,80,active
Supply Chains,Lead times lengthening,Packaging,90,active
Supply Chains,Lead times lengthening,Industrial Chemicals,100,active
Supply Chains,Lead times shortening,Contract Manufacturing,10,active
Supply Chains,Lead times shortening,Industrial Equipment,20,active
Supply Chains,Lead times shortening,Semiconductors,30,active
Supply Chains,Lead times shortening,Automotive Parts,40,active
Supply Chains,Lead times shortening,Retail,50,active
Supply Chains,Lead times shortening,Logistics,60,active
Supply Chains,Lead times shortening,Warehousing,70,active
Supply Chains,Lead times shortening,Shipping,80,active
Supply Chains,Lead times shortening,Packaging,90,active
Supply Chains,Lead times shortening,Industrial Chemicals,100,active
Supply Chains,Inventory accumulation,Warehousing,10,active
Supply Chains,Inventory accumulation,Logistics,20,active
Supply Chains,Inventory accumulation,Retail,30,active
Supply Chains,Inventory accumulation,Wholesale Distribution,40,active
Supply Chains,Inventory accumulation,Contract Manufacturing,50,active
Supply Chains,Inventory accumulation,Packaging,60,active
Supply Chains,Inventory accumulation,Commercial Banking,70,active
Supply Chains,Inventory accumulation,Industrial Equipment,80,active
Supply Chains,Inventory accumulation,Consumer Goods,90,active
Supply Chains,Inventory accumulation,Transportation,100,active
Supply Chains,Inventory destocking,Warehousing,10,active
Supply Chains,Inventory destocking,Logistics,20,active
Supply Chains,Inventory destocking,Retail,30,active
Supply Chains,Inventory destocking,Wholesale Distribution,40,active
Supply Chains,Inventory destocking,Contract Manufacturing,50,active
Supply Chains,Inventory destocking,Packaging,60,active
Supply Chains,Inventory destocking,Commercial Banking,70,active
Supply Chains,Inventory destocking,Industrial Equipment,80,active
Supply Chains,Inventory destocking,Consumer Goods,90,active
Supply Chains,Inventory destocking,Transportation,100,active
Supply Chains,Freight costs rising,Road Freight,10,active
Supply Chains,Freight costs rising,Shipping,20,active
Supply Chains,Freight costs rising,Rail Logistics,30,active
Supply Chains,Freight costs rising,Cargo Transport,40,active
Supply Chains,Freight costs rising,Retail,50,active
Supply Chains,Freight costs rising,Industrial Manufacturing,60,active
Supply Chains,Freight costs rising,Agriculture,70,active
Supply Chains,Freight costs rising,Food Distribution,80,active
Supply Chains,Freight costs rising,Packaging,90,active
Supply Chains,Freight costs rising,Consumer Goods,100,active
Supply Chains,Freight costs falling,Road Freight,10,active
Supply Chains,Freight costs falling,Shipping,20,active
Supply Chains,Freight costs falling,Rail Logistics,30,active
Supply Chains,Freight costs falling,Cargo Transport,40,active
Supply Chains,Freight costs falling,Retail,50,active
Supply Chains,Freight costs falling,Industrial Manufacturing,60,active
Supply Chains,Freight costs falling,Agriculture,70,active
Supply Chains,Freight costs falling,Food Distribution,80,active
Supply Chains,Freight costs falling,Packaging,90,active
Supply Chains,Freight costs falling,Consumer Goods,100,active
Supply Chains,Reshoring increasing,Construction,10,active
Supply Chains,Reshoring increasing,Industrial Equipment,20,active
Supply Chains,Reshoring increasing,Industrial Automation,30,active
Supply Chains,Reshoring increasing,Engineering Services,40,active
Supply Chains,Reshoring increasing,Logistics,50,active
Supply Chains,Reshoring increasing,Energy Infrastructure,60,active
Supply Chains,Reshoring increasing,Semiconductors,70,active
Supply Chains,Reshoring increasing,Construction Materials,80,active
Supply Chains,Reshoring increasing,Industrial Chemicals,90,active
Supply Chains,Reshoring increasing,Contract Manufacturing,100,active
Supply Chains,Supplier concentration risk increasing,Semiconductors,10,active
Supply Chains,Supplier concentration risk increasing,Critical Minerals,20,active
Supply Chains,Supplier concentration risk increasing,Industrial Chemicals,30,active
Supply Chains,Supplier concentration risk increasing,Automotive Parts,40,active
Supply Chains,Supplier concentration risk increasing,Pharmaceuticals,50,active
Supply Chains,Supplier concentration risk increasing,Contract Manufacturing,60,active
Supply Chains,Supplier concentration risk increasing,Technology Distribution,70,active
Supply Chains,Supplier concentration risk increasing,Aerospace,80,active
Supply Chains,Supplier concentration risk increasing,Food Production,90,active
Supply Chains,Supplier concentration risk increasing,Energy Infrastructure,100,active
Market Sentiment & Volatility,Market volatility increasing,Investment Management,10,active
Market Sentiment & Volatility,Market volatility increasing,Commercial Banking,20,active
Market Sentiment & Volatility,Market volatility increasing,Insurance,30,active
Market Sentiment & Volatility,Market volatility increasing,Exchange Operations,40,active
Market Sentiment & Volatility,Market volatility increasing,Market Data,50,active
Market Sentiment & Volatility,Market volatility increasing,Brokerage,60,active
Market Sentiment & Volatility,Market volatility increasing,Fintech,70,active
Market Sentiment & Volatility,Market volatility increasing,Commercial Real Estate,80,active
Market Sentiment & Volatility,Market volatility increasing,Consumer Finance,90,active
Market Sentiment & Volatility,Market volatility increasing,Capital Markets,100,active
Market Sentiment & Volatility,Market volatility declining,Investment Management,10,active
Market Sentiment & Volatility,Market volatility declining,Commercial Banking,20,active
Market Sentiment & Volatility,Market volatility declining,Insurance,30,active
Market Sentiment & Volatility,Market volatility declining,Exchange Operations,40,active
Market Sentiment & Volatility,Market volatility declining,Market Data,50,active
Market Sentiment & Volatility,Market volatility declining,Brokerage,60,active
Market Sentiment & Volatility,Market volatility declining,Fintech,70,active
Market Sentiment & Volatility,Market volatility declining,Commercial Real Estate,80,active
Market Sentiment & Volatility,Market volatility declining,Consumer Finance,90,active
Market Sentiment & Volatility,Market volatility declining,Capital Markets,100,active
Market Sentiment & Volatility,Risk appetite strengthening,Investment Management,10,active
Market Sentiment & Volatility,Risk appetite strengthening,Investment Banking,20,active
Market Sentiment & Volatility,Risk appetite strengthening,Exchange Operations,30,active
Market Sentiment & Volatility,Risk appetite strengthening,Fintech,40,active
Market Sentiment & Volatility,Risk appetite strengthening,Commercial Real Estate,50,active
Market Sentiment & Volatility,Risk appetite strengthening,Technology Services,60,active
Market Sentiment & Volatility,Risk appetite strengthening,Consumer Finance,70,active
Market Sentiment & Volatility,Risk appetite strengthening,Travel Services,80,active
Market Sentiment & Volatility,Risk appetite strengthening,Industrial Equipment,90,active
Market Sentiment & Volatility,Risk appetite strengthening,Global Equities,100,active
Market Sentiment & Volatility,Risk appetite weakening,Investment Management,10,active
Market Sentiment & Volatility,Risk appetite weakening,Commercial Banking,20,active
Market Sentiment & Volatility,Risk appetite weakening,Insurance,30,active
Market Sentiment & Volatility,Risk appetite weakening,Utilities,40,active
Market Sentiment & Volatility,Risk appetite weakening,Consumer Food,50,active
Market Sentiment & Volatility,Risk appetite weakening,Healthcare Services,60,active
Market Sentiment & Volatility,Risk appetite weakening,Gold Mining,70,active
Market Sentiment & Volatility,Risk appetite weakening,Government Bonds,80,active
Market Sentiment & Volatility,Risk appetite weakening,Market Data,90,active
Market Sentiment & Volatility,Risk appetite weakening,Capital Markets,100,active
Market Sentiment & Volatility,Equity market breadth improving,Global Equities,10,active
Market Sentiment & Volatility,Equity market breadth improving,Investment Management,20,active
Market Sentiment & Volatility,Equity market breadth improving,Exchange Operations,30,active
Market Sentiment & Volatility,Equity market breadth improving,Market Data,40,active
Market Sentiment & Volatility,Equity market breadth improving,Brokerage,50,active
Market Sentiment & Volatility,Equity market breadth improving,Commercial Banking,60,active
Market Sentiment & Volatility,Equity market breadth improving,Industrial Equipment,70,active
Market Sentiment & Volatility,Equity market breadth improving,Retail,80,active
Market Sentiment & Volatility,Equity market breadth improving,Technology Services,90,active
Market Sentiment & Volatility,Equity market breadth improving,Consumer Goods,100,active
Market Sentiment & Volatility,Equity market breadth weakening,Global Equities,10,active
Market Sentiment & Volatility,Equity market breadth weakening,Investment Management,20,active
Market Sentiment & Volatility,Equity market breadth weakening,Exchange Operations,30,active
Market Sentiment & Volatility,Equity market breadth weakening,Market Data,40,active
Market Sentiment & Volatility,Equity market breadth weakening,Brokerage,50,active
Market Sentiment & Volatility,Equity market breadth weakening,Commercial Banking,60,active
Market Sentiment & Volatility,Equity market breadth weakening,Industrial Equipment,70,active
Market Sentiment & Volatility,Equity market breadth weakening,Retail,80,active
Market Sentiment & Volatility,Equity market breadth weakening,Technology Services,90,active
Market Sentiment & Volatility,Equity market breadth weakening,Consumer Goods,100,active
Market Sentiment & Volatility,Credit market stress increasing,Commercial Banking,10,active
Market Sentiment & Volatility,Credit market stress increasing,Private Credit,20,active
Market Sentiment & Volatility,Credit market stress increasing,Insurance,30,active
Market Sentiment & Volatility,Credit market stress increasing,Investment Management,40,active
Market Sentiment & Volatility,Credit market stress increasing,Commercial Real Estate,50,active
Market Sentiment & Volatility,Credit market stress increasing,Consumer Finance,60,active
Market Sentiment & Volatility,Credit market stress increasing,Investment Banking,70,active
Market Sentiment & Volatility,Credit market stress increasing,Capital Markets,80,active
Market Sentiment & Volatility,Credit market stress increasing,Market Data,90,active
Market Sentiment & Volatility,Credit market stress increasing,Fintech,100,active
Market Sentiment & Volatility,Credit market stress easing,Commercial Banking,10,active
Market Sentiment & Volatility,Credit market stress easing,Private Credit,20,active
Market Sentiment & Volatility,Credit market stress easing,Insurance,30,active
Market Sentiment & Volatility,Credit market stress easing,Investment Management,40,active
Market Sentiment & Volatility,Credit market stress easing,Commercial Real Estate,50,active
Market Sentiment & Volatility,Credit market stress easing,Consumer Finance,60,active
Market Sentiment & Volatility,Credit market stress easing,Investment Banking,70,active
Market Sentiment & Volatility,Credit market stress easing,Capital Markets,80,active
Market Sentiment & Volatility,Credit market stress easing,Market Data,90,active
Market Sentiment & Volatility,Credit market stress easing,Fintech,100,active
Market Sentiment & Volatility,Safe-haven demand increasing,Gold Mining,10,active
Market Sentiment & Volatility,Safe-haven demand increasing,Precious Metals,20,active
Market Sentiment & Volatility,Safe-haven demand increasing,Commercial Banking,30,active
Market Sentiment & Volatility,Safe-haven demand increasing,Insurance,40,active
Market Sentiment & Volatility,Safe-haven demand increasing,Utilities,50,active
Market Sentiment & Volatility,Safe-haven demand increasing,Consumer Food,60,active
Market Sentiment & Volatility,Safe-haven demand increasing,Healthcare Services,70,active
Market Sentiment & Volatility,Safe-haven demand increasing,Telecommunications,80,active
Market Sentiment & Volatility,Safe-haven demand increasing,Investment Management,90,active
Market Sentiment & Volatility,Safe-haven demand increasing,Market Data,100,active
Market Sentiment & Volatility,Market liquidity deteriorating,Exchange Operations,10,active
Market Sentiment & Volatility,Market liquidity deteriorating,Investment Banking,20,active
Market Sentiment & Volatility,Market liquidity deteriorating,Investment Management,30,active
Market Sentiment & Volatility,Market liquidity deteriorating,Commercial Banking,40,active
Market Sentiment & Volatility,Market liquidity deteriorating,Market Data,50,active
Market Sentiment & Volatility,Market liquidity deteriorating,Brokerage,60,active
Market Sentiment & Volatility,Market liquidity deteriorating,Fintech,70,active
Market Sentiment & Volatility,Market liquidity deteriorating,Capital Markets,80,active
Market Sentiment & Volatility,Market liquidity deteriorating,Insurance,90,active
Market Sentiment & Volatility,Market liquidity deteriorating,Payment Networks,100,active
Artificial Intelligence,AI infrastructure investment,Artificial Intelligence,10,active
Artificial Intelligence,AI infrastructure investment,Semiconductors,20,active
Artificial Intelligence,AI infrastructure investment,Data Centres,30,active
Artificial Intelligence,AI infrastructure investment,Networking,40,active
Artificial Intelligence,AI infrastructure investment,Photonics,50,active
Artificial Intelligence,AI infrastructure investment,Power Systems,60,active
Artificial Intelligence,AI infrastructure investment,Thermal Management,70,active
Artificial Intelligence,AI infrastructure investment,Cloud Infrastructure,80,active
Artificial Intelligence,AI infrastructure investment,Engineering Software,90,active
Artificial Intelligence,AI infrastructure investment,Industrial Automation,100,active
Artificial Intelligence,AI model development accelerating,Artificial Intelligence,10,active
Artificial Intelligence,AI model development accelerating,Cloud Computing,20,active
Artificial Intelligence,AI model development accelerating,Data Infrastructure,30,active
Artificial Intelligence,AI model development accelerating,Semiconductors,40,active
Artificial Intelligence,AI model development accelerating,Enterprise Software,50,active
Artificial Intelligence,AI model development accelerating,Business Intelligence,60,active
Artificial Intelligence,AI model development accelerating,Databases,70,active
Artificial Intelligence,AI model development accelerating,Engineering Software,80,active
Artificial Intelligence,AI model development accelerating,Managed Services,90,active
Artificial Intelligence,AI model development accelerating,Cybersecurity,100,active
Artificial Intelligence,Enterprise AI adoption increasing,Artificial Intelligence,10,active
Artificial Intelligence,Enterprise AI adoption increasing,Enterprise Software,20,active
Artificial Intelligence,Enterprise AI adoption increasing,Business Software,30,active
Artificial Intelligence,Enterprise AI adoption increasing,Business Intelligence,40,active
Artificial Intelligence,Enterprise AI adoption increasing,Analytics Platforms,50,active
Artificial Intelligence,Enterprise AI adoption increasing,Workflow Automation,60,active
Artificial Intelligence,Enterprise AI adoption increasing,Cloud Services,70,active
Artificial Intelligence,Enterprise AI adoption increasing,IT Services,80,active
Artificial Intelligence,Enterprise AI adoption increasing,Cybersecurity,90,active
Artificial Intelligence,Enterprise AI adoption increasing,Consulting,100,active
Artificial Intelligence,AI inference moving to the edge,Artificial Intelligence,10,active
Artificial Intelligence,AI inference moving to the edge,Semiconductors,20,active
Artificial Intelligence,AI inference moving to the edge,Mobile Chipsets,30,active
Artificial Intelligence,AI inference moving to the edge,Embedded Systems,40,active
Artificial Intelligence,AI inference moving to the edge,IoT,50,active
Artificial Intelligence,AI inference moving to the edge,Networking,60,active
Artificial Intelligence,AI inference moving to the edge,Consumer Electronics,70,active
Artificial Intelligence,AI inference moving to the edge,Automotive Electronics,80,active
Artificial Intelligence,AI inference moving to the edge,Sensors,90,active
Artificial Intelligence,AI inference moving to the edge,Power Semiconductors,100,active
Artificial Intelligence,AI data demand increasing,Data Infrastructure,10,active
Artificial Intelligence,AI data demand increasing,Data Storage,20,active
Artificial Intelligence,AI data demand increasing,Databases,30,active
Artificial Intelligence,AI data demand increasing,Data Analytics,40,active
Artificial Intelligence,AI data demand increasing,Analytics Platforms,50,active
Artificial Intelligence,AI data demand increasing,Cloud Infrastructure,60,active
Artificial Intelligence,AI data demand increasing,Data Centres,70,active
Artificial Intelligence,AI data demand increasing,Information Management,80,active
Artificial Intelligence,AI data demand increasing,Cybersecurity,90,active
Artificial Intelligence,AI data demand increasing,Artificial Intelligence,100,active
Artificial Intelligence,AI power demand increasing,Data Centres,10,active
Artificial Intelligence,AI power demand increasing,Utilities,20,active
Artificial Intelligence,AI power demand increasing,Power Generation,30,active
Artificial Intelligence,AI power demand increasing,Grid Infrastructure,40,active
Artificial Intelligence,AI power demand increasing,Electricity Transmission,50,active
Artificial Intelligence,AI power demand increasing,Power Systems,60,active
Artificial Intelligence,AI power demand increasing,Thermal Management,70,active
Artificial Intelligence,AI power demand increasing,Energy Storage,80,active
Artificial Intelligence,AI power demand increasing,Natural Gas,90,active
Artificial Intelligence,AI power demand increasing,Renewable Energy,100,active
Artificial Intelligence,AI automation expanding,Artificial Intelligence,10,active
Artificial Intelligence,AI automation expanding,Workflow Automation,20,active
Artificial Intelligence,AI automation expanding,Industrial Automation,30,active
Artificial Intelligence,AI automation expanding,Robotics,40,active
Artificial Intelligence,AI automation expanding,Business Software,50,active
Artificial Intelligence,AI automation expanding,Enterprise Software,60,active
Artificial Intelligence,AI automation expanding,Hr Services,70,active
Artificial Intelligence,AI automation expanding,Business Process Outsourcing,80,active
Artificial Intelligence,AI automation expanding,Customer Experience,90,active
Artificial Intelligence,AI automation expanding,Consulting,100,active
Artificial Intelligence,AI regulation increasing,Artificial Intelligence,10,active
Artificial Intelligence,AI regulation increasing,Risk Management,20,active
Artificial Intelligence,AI regulation increasing,Testing Certification,30,active
Artificial Intelligence,AI regulation increasing,Legal Information,40,active
Artificial Intelligence,AI regulation increasing,Consulting,50,active
Artificial Intelligence,AI regulation increasing,Cybersecurity,60,active
Artificial Intelligence,AI regulation increasing,Digital Identity,70,active
Artificial Intelligence,AI regulation increasing,Government Technology,80,active
Artificial Intelligence,AI regulation increasing,Enterprise Software,90,active
Artificial Intelligence,AI regulation increasing,Data Infrastructure,100,active
Artificial Intelligence,AI security requirements increasing,Cybersecurity,10,active
Artificial Intelligence,AI security requirements increasing,Cloud Security,20,active
Artificial Intelligence,AI security requirements increasing,Identity Security,30,active
Artificial Intelligence,AI security requirements increasing,Identity Protection,40,active
Artificial Intelligence,AI security requirements increasing,Data Infrastructure,50,active
Artificial Intelligence,AI security requirements increasing,Cloud Infrastructure,60,active
Artificial Intelligence,AI security requirements increasing,Networking,70,active
Artificial Intelligence,AI security requirements increasing,Artificial Intelligence,80,active
Artificial Intelligence,AI security requirements increasing,Managed Services,90,active
Artificial Intelligence,AI security requirements increasing,Risk Management,100,active
Artificial Intelligence,AI adoption broadening across industries,Artificial Intelligence,10,active
Artificial Intelligence,AI adoption broadening across industries,Vertical Software,20,active
Artificial Intelligence,AI adoption broadening across industries,Healthcare Technology,30,active
Artificial Intelligence,AI adoption broadening across industries,Financial Services,40,active
Artificial Intelligence,AI adoption broadening across industries,Industrial Automation,50,active
Artificial Intelligence,AI adoption broadening across industries,Digital Advertising,60,active
Artificial Intelligence,AI adoption broadening across industries,Automotive Electronics,70,active
Artificial Intelligence,AI adoption broadening across industries,Government Technology,80,active
Artificial Intelligence,AI adoption broadening across industries,Agriculture,90,active
Artificial Intelligence,AI adoption broadening across industries,Research Services,100,active
Digital Transformation,Cloud migration accelerating,Cloud Computing,10,active
Digital Transformation,Cloud migration accelerating,Cloud Platforms,20,active
Digital Transformation,Cloud migration accelerating,Cloud Infrastructure,30,active
Digital Transformation,Cloud migration accelerating,Data Centres,40,active
Digital Transformation,Cloud migration accelerating,Networking,50,active
Digital Transformation,Cloud migration accelerating,Cybersecurity,60,active
Digital Transformation,Cloud migration accelerating,Managed Services,70,active
Digital Transformation,Cloud migration accelerating,Enterprise Software,80,active
Digital Transformation,Cloud migration accelerating,Data Storage,90,active
Digital Transformation,Cloud migration accelerating,IT Services,100,active
Digital Transformation,Enterprise software modernisation,Enterprise Software,10,active
Digital Transformation,Enterprise software modernisation,Business Software,20,active
Digital Transformation,Enterprise software modernisation,Vertical Software,30,active
Digital Transformation,Enterprise software modernisation,Workflow Automation,40,active
Digital Transformation,Enterprise software modernisation,Cloud Services,50,active
Digital Transformation,Enterprise software modernisation,IT Consulting,60,active
Digital Transformation,Enterprise software modernisation,Managed Services,70,active
Digital Transformation,Enterprise software modernisation,Data Analytics,80,active
Digital Transformation,Enterprise software modernisation,Cybersecurity,90,active
Digital Transformation,Enterprise software modernisation,Digital Transformation,100,active
Digital Transformation,Data-driven decision making expanding,Business Intelligence,10,active
Digital Transformation,Data-driven decision making expanding,Data Analytics,20,active
Digital Transformation,Data-driven decision making expanding,Analytics Platforms,30,active
Digital Transformation,Data-driven decision making expanding,Databases,40,active
Digital Transformation,Data-driven decision making expanding,Data Infrastructure,50,active
Digital Transformation,Data-driven decision making expanding,Cloud Services,60,active
Digital Transformation,Data-driven decision making expanding,Enterprise Software,70,active
Digital Transformation,Data-driven decision making expanding,Artificial Intelligence,80,active
Digital Transformation,Data-driven decision making expanding,Information Management,90,active
Digital Transformation,Data-driven decision making expanding,Consulting,100,active
Digital Transformation,Digital payments adoption increasing,Payment Networks,10,active
Digital Transformation,Digital payments adoption increasing,Digital Wallets,20,active
Digital Transformation,Digital payments adoption increasing,Mobile Payments,30,active
Digital Transformation,Digital payments adoption increasing,Merchant Services,40,active
Digital Transformation,Digital payments adoption increasing,Fintech,50,active
Digital Transformation,Digital payments adoption increasing,Commercial Banking,60,active
Digital Transformation,Digital payments adoption increasing,Ecommerce Platforms,70,active
Digital Transformation,Digital payments adoption increasing,Digital Identity,80,active
Digital Transformation,Digital payments adoption increasing,Cybersecurity,90,active
Digital Transformation,Digital payments adoption increasing,Cloud Services,100,active
Digital Transformation,Ecommerce infrastructure expanding,Ecommerce Platforms,10,active
Digital Transformation,Ecommerce infrastructure expanding,Digital Marketplaces,20,active
Digital Transformation,Ecommerce infrastructure expanding,Payment Networks,30,active
Digital Transformation,Ecommerce infrastructure expanding,Cloud Services,40,active
Digital Transformation,Ecommerce infrastructure expanding,Logistics,50,active
Digital Transformation,Ecommerce infrastructure expanding,Logistics Real Estate,60,active
Digital Transformation,Ecommerce infrastructure expanding,Parcel Delivery,70,active
Digital Transformation,Ecommerce infrastructure expanding,Digital Advertising,80,active
Digital Transformation,Ecommerce infrastructure expanding,Cybersecurity,90,active
Digital Transformation,Ecommerce infrastructure expanding,Technology Distribution,100,active
Digital Transformation,Customer experience digitising,Customer Experience,10,active
Digital Transformation,Customer experience digitising,Business Software,20,active
Digital Transformation,Customer experience digitising,Cloud Services,30,active
Digital Transformation,Customer experience digitising,Digital Advertising,40,active
Digital Transformation,Customer experience digitising,Digital Content,50,active
Digital Transformation,Customer experience digitising,Payment Networks,60,active
Digital Transformation,Customer experience digitising,Artificial Intelligence,70,active
Digital Transformation,Customer experience digitising,Managed Services,80,active
Digital Transformation,Customer experience digitising,Data Analytics,90,active
Digital Transformation,Customer experience digitising,Telecommunications,100,active
Digital Transformation,Digital identity adoption increasing,Digital Identity,10,active
Digital Transformation,Digital identity adoption increasing,Digital Identification,20,active
Digital Transformation,Digital identity adoption increasing,Identity Security,30,active
Digital Transformation,Digital identity adoption increasing,Identity Protection,40,active
Digital Transformation,Digital identity adoption increasing,Cybersecurity,50,active
Digital Transformation,Digital identity adoption increasing,Fintech,60,active
Digital Transformation,Digital identity adoption increasing,Commercial Banking,70,active
Digital Transformation,Digital identity adoption increasing,Government Technology,80,active
Digital Transformation,Digital identity adoption increasing,Cloud Services,90,active
Digital Transformation,Digital identity adoption increasing,Telecommunications,100,active
Digital Transformation,Legacy infrastructure replacement,Enterprise Infrastructure,10,active
Digital Transformation,Legacy infrastructure replacement,Networking,20,active
Digital Transformation,Legacy infrastructure replacement,Server Hardware,30,active
Digital Transformation,Legacy infrastructure replacement,Data Storage,40,active
Digital Transformation,Legacy infrastructure replacement,Cloud Infrastructure,50,active
Digital Transformation,Legacy infrastructure replacement,Managed Services,60,active
Digital Transformation,Legacy infrastructure replacement,IT Services,70,active
Digital Transformation,Legacy infrastructure replacement,Cybersecurity,80,active
Digital Transformation,Legacy infrastructure replacement,Communications Infrastructure,90,active
Digital Transformation,Legacy infrastructure replacement,Power Systems,100,active
Digital Transformation,Connected devices adoption increasing,IoT,10,active
Digital Transformation,Connected devices adoption increasing,Sensors,20,active
Digital Transformation,Connected devices adoption increasing,Embedded Systems,30,active
Digital Transformation,Connected devices adoption increasing,Networking,40,active
Digital Transformation,Connected devices adoption increasing,Wireless Networks,50,active
Digital Transformation,Connected devices adoption increasing,Semiconductors,60,active
Digital Transformation,Connected devices adoption increasing,Cloud Services,70,active
Digital Transformation,Connected devices adoption increasing,Cybersecurity,80,active
Digital Transformation,Connected devices adoption increasing,Industrial Automation,90,active
Digital Transformation,Connected devices adoption increasing,Asset Tracking,100,active
Digital Transformation,Digital transformation spending slowing,Digital Transformation,10,active
Digital Transformation,Digital transformation spending slowing,Enterprise Software,20,active
Digital Transformation,Digital transformation spending slowing,Cloud Services,30,active
Digital Transformation,Digital transformation spending slowing,IT Consulting,40,active
Digital Transformation,Digital transformation spending slowing,Managed Services,50,active
Digital Transformation,Digital transformation spending slowing,Data Centres,60,active
Digital Transformation,Digital transformation spending slowing,Networking,70,active
Digital Transformation,Digital transformation spending slowing,Business Software,80,active
Digital Transformation,Digital transformation spending slowing,Technology Reseller,90,active
Digital Transformation,Digital transformation spending slowing,Technology Distribution,100,active
Automation & Robotics,Factory automation investment increasing,Industrial Automation,10,active
Automation & Robotics,Factory automation investment increasing,Robotics,20,active
Automation & Robotics,Factory automation investment increasing,Motion Control,30,active
Automation & Robotics,Factory automation investment increasing,Sensors,40,active
Automation & Robotics,Factory automation investment increasing,Industrial Software,50,active
Automation & Robotics,Factory automation investment increasing,Industrial Equipment,60,active
Automation & Robotics,Factory automation investment increasing,Semiconductors,70,active
Automation & Robotics,Factory automation investment increasing,Power Management,80,active
Automation & Robotics,Factory automation investment increasing,Engineering Services,90,active
Automation & Robotics,Factory automation investment increasing,Contract Manufacturing,100,active
Automation & Robotics,Robotics adoption increasing,Robotics,10,active
Automation & Robotics,Robotics adoption increasing,Industrial Automation,20,active
Automation & Robotics,Robotics adoption increasing,Sensors,30,active
Automation & Robotics,Robotics adoption increasing,Motion Control,40,active
Automation & Robotics,Robotics adoption increasing,Industrial Software,50,active
Automation & Robotics,Robotics adoption increasing,Semiconductors,60,active
Automation & Robotics,Robotics adoption increasing,Industrial Equipment,70,active
Automation & Robotics,Robotics adoption increasing,Engineering Services,80,active
Automation & Robotics,Robotics adoption increasing,Artificial Intelligence,90,active
Automation & Robotics,Robotics adoption increasing,Power Management,100,active
Automation & Robotics,Warehouse automation expanding,Industrial Automation,10,active
Automation & Robotics,Warehouse automation expanding,Robotics,20,active
Automation & Robotics,Warehouse automation expanding,Logistics,30,active
Automation & Robotics,Warehouse automation expanding,Logistics Real Estate,40,active
Automation & Robotics,Warehouse automation expanding,Supply Chain Services,50,active
Automation & Robotics,Warehouse automation expanding,Sensors,60,active
Automation & Robotics,Warehouse automation expanding,Industrial Software,70,active
Automation & Robotics,Warehouse automation expanding,Ecommerce Platforms,80,active
Automation & Robotics,Warehouse automation expanding,Parcel Delivery,90,active
Automation & Robotics,Warehouse automation expanding,Industrial Equipment,100,active
Automation & Robotics,Labour shortages accelerating automation,Industrial Automation,10,active
Automation & Robotics,Labour shortages accelerating automation,Robotics,20,active
Automation & Robotics,Labour shortages accelerating automation,Workflow Automation,30,active
Automation & Robotics,Labour shortages accelerating automation,Hr Services,40,active
Automation & Robotics,Labour shortages accelerating automation,Human Capital Services,50,active
Automation & Robotics,Labour shortages accelerating automation,Industrial Equipment,60,active
Automation & Robotics,Labour shortages accelerating automation,Business Software,70,active
Automation & Robotics,Labour shortages accelerating automation,Restaurants,80,active
Automation & Robotics,Labour shortages accelerating automation,Logistics,90,active
Automation & Robotics,Labour shortages accelerating automation,Agriculture,100,active
Automation & Robotics,Autonomous mobility investment increasing,Mobility,10,active
Automation & Robotics,Autonomous mobility investment increasing,Automotive Electronics,20,active
Automation & Robotics,Autonomous mobility investment increasing,Sensors,30,active
Automation & Robotics,Autonomous mobility investment increasing,Semiconductors,40,active
Automation & Robotics,Autonomous mobility investment increasing,Navigation,50,active
Automation & Robotics,Autonomous mobility investment increasing,Artificial Intelligence,60,active
Automation & Robotics,Autonomous mobility investment increasing,Wireless Networks,70,active
Automation & Robotics,Autonomous mobility investment increasing,Industrial Software,80,active
Automation & Robotics,Autonomous mobility investment increasing,Transportation,90,active
Automation & Robotics,Autonomous mobility investment increasing,Digital Infrastructure,100,active
Automation & Robotics,Industrial software integration increasing,Industrial Software,10,active
Automation & Robotics,Industrial software integration increasing,Industrial Automation,20,active
Automation & Robotics,Industrial software integration increasing,IoT,30,active
Automation & Robotics,Industrial software integration increasing,Sensors,40,active
Automation & Robotics,Industrial software integration increasing,Business Intelligence,50,active
Automation & Robotics,Industrial software integration increasing,Data Analytics,60,active
Automation & Robotics,Industrial software integration increasing,Engineering Software,70,active
Automation & Robotics,Industrial software integration increasing,Cybersecurity,80,active
Automation & Robotics,Industrial software integration increasing,Industrial Systems,90,active
Automation & Robotics,Industrial software integration increasing,Managed Services,100,active
Automation & Robotics,Machine vision adoption increasing,Sensors,10,active
Automation & Robotics,Machine vision adoption increasing,Semiconductors,20,active
Automation & Robotics,Machine vision adoption increasing,Artificial Intelligence,30,active
Automation & Robotics,Machine vision adoption increasing,Industrial Automation,40,active
Automation & Robotics,Machine vision adoption increasing,Robotics,50,active
Automation & Robotics,Machine vision adoption increasing,Electronic Components,60,active
Automation & Robotics,Machine vision adoption increasing,Precision Instruments,70,active
Automation & Robotics,Machine vision adoption increasing,Industrial Instrumentation,80,active
Automation & Robotics,Machine vision adoption increasing,Engineering Software,90,active
Automation & Robotics,Machine vision adoption increasing,Contract Manufacturing,100,active
Automation & Robotics,Automation reaching service industries,Workflow Automation,10,active
Automation & Robotics,Automation reaching service industries,Business Process Outsourcing,20,active
Automation & Robotics,Automation reaching service industries,Business Software,30,active
Automation & Robotics,Automation reaching service industries,Artificial Intelligence,40,active
Automation & Robotics,Automation reaching service industries,Customer Experience,50,active
Automation & Robotics,Automation reaching service industries,Hr Services,60,active
Automation & Robotics,Automation reaching service industries,Financial Services,70,active
Automation & Robotics,Automation reaching service industries,Healthcare Services,80,active
Automation & Robotics,Automation reaching service industries,Retail,90,active
Automation & Robotics,Automation reaching service industries,Hospitality,100,active
Automation & Robotics,Robotic healthcare adoption increasing,Robotic Surgery,10,active
Automation & Robotics,Robotic healthcare adoption increasing,Medical Devices,20,active
Automation & Robotics,Robotic healthcare adoption increasing,Surgical Equipment,30,active
Automation & Robotics,Robotic healthcare adoption increasing,Healthcare Technology,40,active
Automation & Robotics,Robotic healthcare adoption increasing,Hospitals,50,active
Automation & Robotics,Robotic healthcare adoption increasing,Sensors,60,active
Automation & Robotics,Robotic healthcare adoption increasing,Precision Instruments,70,active
Automation & Robotics,Robotic healthcare adoption increasing,Artificial Intelligence,80,active
Automation & Robotics,Robotic healthcare adoption increasing,Diagnostics,90,active
Automation & Robotics,Robotic healthcare adoption increasing,Engineering Software,100,active
Automation & Robotics,Automation capital spending slowing,Industrial Automation,10,active
Automation & Robotics,Automation capital spending slowing,Robotics,20,active
Automation & Robotics,Automation capital spending slowing,Industrial Equipment,30,active
Automation & Robotics,Automation capital spending slowing,Motion Control,40,active
Automation & Robotics,Automation capital spending slowing,Sensors,50,active
Automation & Robotics,Automation capital spending slowing,Industrial Software,60,active
Automation & Robotics,Automation capital spending slowing,Semiconductors,70,active
Automation & Robotics,Automation capital spending slowing,Engineering Services,80,active
Automation & Robotics,Automation capital spending slowing,Contract Manufacturing,90,active
Automation & Robotics,Automation capital spending slowing,Power Management,100,active
Cybersecurity,Cybersecurity spending increasing,Cybersecurity,10,active
Cybersecurity,Cybersecurity spending increasing,Cloud Security,20,active
Cybersecurity,Cybersecurity spending increasing,Identity Security,30,active
Cybersecurity,Cybersecurity spending increasing,Identity Protection,40,active
Cybersecurity,Cybersecurity spending increasing,Managed Services,50,active
Cybersecurity,Cybersecurity spending increasing,Networking,60,active
Cybersecurity,Cybersecurity spending increasing,Cloud Services,70,active
Cybersecurity,Cybersecurity spending increasing,Government Technology,80,active
Cybersecurity,Cybersecurity spending increasing,Risk Management,90,active
Cybersecurity,Cybersecurity spending increasing,Cyber Insurance,100,active
Cybersecurity,Cloud security demand increasing,Cloud Security,10,active
Cybersecurity,Cloud security demand increasing,Cybersecurity,20,active
Cybersecurity,Cloud security demand increasing,Cloud Computing,30,active
Cybersecurity,Cloud security demand increasing,Cloud Infrastructure,40,active
Cybersecurity,Cloud security demand increasing,Identity Security,50,active
Cybersecurity,Cloud security demand increasing,Networking,60,active
Cybersecurity,Cloud security demand increasing,Managed Services,70,active
Cybersecurity,Cloud security demand increasing,Data Infrastructure,80,active
Cybersecurity,Cloud security demand increasing,Enterprise Software,90,active
Cybersecurity,Cloud security demand increasing,Risk Management,100,active
Cybersecurity,Identity security becoming more important,Identity Security,10,active
Cybersecurity,Identity security becoming more important,Identity Protection,20,active
Cybersecurity,Identity security becoming more important,Digital Identity,30,active
Cybersecurity,Identity security becoming more important,Digital Identification,40,active
Cybersecurity,Identity security becoming more important,Cybersecurity,50,active
Cybersecurity,Identity security becoming more important,Cloud Security,60,active
Cybersecurity,Identity security becoming more important,Enterprise Software,70,active
Cybersecurity,Identity security becoming more important,Commercial Banking,80,active
Cybersecurity,Identity security becoming more important,Government Technology,90,active
Cybersecurity,Identity security becoming more important,Telecommunications,100,active
Cybersecurity,Ransomware activity increasing,Cybersecurity,10,active
Cybersecurity,Ransomware activity increasing,Managed Services,20,active
Cybersecurity,Ransomware activity increasing,Data Storage,30,active
Cybersecurity,Ransomware activity increasing,Cloud Security,40,active
Cybersecurity,Ransomware activity increasing,Identity Security,50,active
Cybersecurity,Ransomware activity increasing,Cyber Insurance,60,active
Cybersecurity,Ransomware activity increasing,Risk Management,70,active
Cybersecurity,Ransomware activity increasing,Business Services,80,active
Cybersecurity,Ransomware activity increasing,Government Technology,90,active
Cybersecurity,Ransomware activity increasing,Networking,100,active
Cybersecurity,Critical infrastructure protection increasing,Cybersecurity,10,active
Cybersecurity,Critical infrastructure protection increasing,Government Technology,20,active
Cybersecurity,Critical infrastructure protection increasing,Utilities,30,active
Cybersecurity,Critical infrastructure protection increasing,Grid Infrastructure,40,active
Cybersecurity,Critical infrastructure protection increasing,Telecommunications Infrastructure,50,active
Cybersecurity,Critical infrastructure protection increasing,Data Centres,60,active
Cybersecurity,Critical infrastructure protection increasing,Defence Technology,70,active
Cybersecurity,Critical infrastructure protection increasing,Industrial Automation,80,active
Cybersecurity,Critical infrastructure protection increasing,Water Infrastructure,90,active
Cybersecurity,Critical infrastructure protection increasing,Risk Management,100,active
Cybersecurity,Cyber regulation tightening,Cybersecurity,10,active
Cybersecurity,Cyber regulation tightening,Risk Management,20,active
Cybersecurity,Cyber regulation tightening,Testing Certification,30,active
Cybersecurity,Cyber regulation tightening,Legal Information,40,active
Cybersecurity,Cyber regulation tightening,Consulting,50,active
Cybersecurity,Cyber regulation tightening,Commercial Banking,60,active
Cybersecurity,Cyber regulation tightening,Insurance,70,active
Cybersecurity,Cyber regulation tightening,Healthcare Technology,80,active
Cybersecurity,Cyber regulation tightening,Government Technology,90,active
Cybersecurity,Cyber regulation tightening,Managed Services,100,active
Cybersecurity,Fraud prevention demand increasing,Fraud Detection,10,active
Cybersecurity,Fraud prevention demand increasing,Fintech,20,active
Cybersecurity,Fraud prevention demand increasing,Payment Networks,30,active
Cybersecurity,Fraud prevention demand increasing,Commercial Banking,40,active
Cybersecurity,Fraud prevention demand increasing,Digital Identity,50,active
Cybersecurity,Fraud prevention demand increasing,Identity Security,60,active
Cybersecurity,Fraud prevention demand increasing,Ecommerce Platforms,70,active
Cybersecurity,Fraud prevention demand increasing,Risk Analytics,80,active
Cybersecurity,Fraud prevention demand increasing,Cybersecurity,90,active
Cybersecurity,Fraud prevention demand increasing,Merchant Services,100,active
Cybersecurity,Security monitoring expanding,Cybersecurity,10,active
Cybersecurity,Security monitoring expanding,Video Security,20,active
Cybersecurity,Security monitoring expanding,Networking,30,active
Cybersecurity,Security monitoring expanding,Managed Services,40,active
Cybersecurity,Security monitoring expanding,Data Analytics,50,active
Cybersecurity,Security monitoring expanding,Sensors,60,active
Cybersecurity,Security monitoring expanding,Cloud Security,70,active
Cybersecurity,Security monitoring expanding,Government Technology,80,active
Cybersecurity,Security monitoring expanding,Physical Security,90,active
Cybersecurity,Security monitoring expanding,Risk Management,100,active
Cybersecurity,Supply-chain cyber risk increasing,Cybersecurity,10,active
Cybersecurity,Supply-chain cyber risk increasing,Supply Chain,20,active
Cybersecurity,Supply-chain cyber risk increasing,Managed Services,30,active
Cybersecurity,Supply-chain cyber risk increasing,Cloud Services,40,active
Cybersecurity,Supply-chain cyber risk increasing,Business Software,50,active
Cybersecurity,Supply-chain cyber risk increasing,Industrial Automation,60,active
Cybersecurity,Supply-chain cyber risk increasing,Technology Distribution,70,active
Cybersecurity,Supply-chain cyber risk increasing,Logistics,80,active
Cybersecurity,Supply-chain cyber risk increasing,Risk Management,90,active
Cybersecurity,Supply-chain cyber risk increasing,Testing Certification,100,active
Cybersecurity,Cyber insurance demand increasing,Cyber Insurance,10,active
Cybersecurity,Cyber insurance demand increasing,Insurance,20,active
Cybersecurity,Cyber insurance demand increasing,Risk Management,30,active
Cybersecurity,Cyber insurance demand increasing,Cybersecurity,40,active
Cybersecurity,Cyber insurance demand increasing,Insurance Brokerage,50,active
Cybersecurity,Cyber insurance demand increasing,Risk Analytics,60,active
Cybersecurity,Cyber insurance demand increasing,Commercial Banking,70,active
Cybersecurity,Cyber insurance demand increasing,Managed Services,80,active
Cybersecurity,Cyber insurance demand increasing,Legal Information,90,active
Cybersecurity,Cyber insurance demand increasing,Consulting,100,active
Sustainability,Renewable energy investment increasing,Renewable Energy,10,active
Sustainability,Renewable energy investment increasing,Solar Energy,20,active
Sustainability,Renewable energy investment increasing,Grid Infrastructure,30,active
Sustainability,Renewable energy investment increasing,Energy Storage,40,active
Sustainability,Renewable energy investment increasing,Utilities,50,active
Sustainability,Renewable energy investment increasing,Power Systems,60,active
Sustainability,Renewable energy investment increasing,Electricity Transmission,70,active
Sustainability,Renewable energy investment increasing,Engineering Services,80,active
Sustainability,Renewable energy investment increasing,Construction Materials,90,active
Sustainability,Renewable energy investment increasing,Copper,100,active
Sustainability,Energy efficiency investment increasing,Energy Management,10,active
Sustainability,Energy efficiency investment increasing,Building Automation,20,active
Sustainability,Energy efficiency investment increasing,HVAC,30,active
Sustainability,Energy efficiency investment increasing,Climate Control,40,active
Sustainability,Energy efficiency investment increasing,Industrial Automation,50,active
Sustainability,Energy efficiency investment increasing,Smart Infrastructure,60,active
Sustainability,Energy efficiency investment increasing,Utilities,70,active
Sustainability,Energy efficiency investment increasing,Power Management,80,active
Sustainability,Energy efficiency investment increasing,Engineering Services,90,active
Sustainability,Energy efficiency investment increasing,Building Systems,100,active
Sustainability,Electrification accelerating,Electric Vehicles,10,active
Sustainability,Electrification accelerating,Battery Storage,20,active
Sustainability,Electrification accelerating,Power Semiconductors,30,active
Sustainability,Electrification accelerating,Grid Infrastructure,40,active
Sustainability,Electrification accelerating,Utilities,50,active
Sustainability,Electrification accelerating,Power Systems,60,active
Sustainability,Electrification accelerating,Copper,70,active
Sustainability,Electrification accelerating,Renewable Energy,80,active
Sustainability,Electrification accelerating,Industrial Equipment,90,active
Sustainability,Electrification accelerating,Energy Storage,100,active
Sustainability,Circular economy investment increasing,Recycling,10,active
Sustainability,Circular economy investment increasing,Waste Management,20,active
Sustainability,Circular economy investment increasing,Packaging,30,active
Sustainability,Circular economy investment increasing,Metals,40,active
Sustainability,Circular economy investment increasing,Industrial Chemicals,50,active
Sustainability,Circular economy investment increasing,Industrial Equipment,60,active
Sustainability,Circular economy investment increasing,Consumer Goods,70,active
Sustainability,Circular economy investment increasing,Construction Materials,80,active
Sustainability,Circular economy investment increasing,Engineering Services,90,active
Sustainability,Circular economy investment increasing,Environmental Services,100,active
Sustainability,Water infrastructure investment increasing,Water Infrastructure,10,active
Sustainability,Water infrastructure investment increasing,Water Treatment,20,active
Sustainability,Water infrastructure investment increasing,Water Utilities,30,active
Sustainability,Water infrastructure investment increasing,Water Technology,40,active
Sustainability,Water infrastructure investment increasing,Fluid Management,50,active
Sustainability,Water infrastructure investment increasing,Engineering Services,60,active
Sustainability,Water infrastructure investment increasing,Infrastructure Engineering,70,active
Sustainability,Water infrastructure investment increasing,Industrial Chemicals,80,active
Sustainability,Water infrastructure investment increasing,Smart Infrastructure,90,active
Sustainability,Water infrastructure investment increasing,Environmental Monitoring,100,active
Sustainability,Climate resilience spending increasing,Climate Technology,10,active
Sustainability,Climate resilience spending increasing,Smart Infrastructure,20,active
Sustainability,Climate resilience spending increasing,Engineering Services,30,active
Sustainability,Climate resilience spending increasing,Construction Materials,40,active
Sustainability,Climate resilience spending increasing,Utilities,50,active
Sustainability,Climate resilience spending increasing,Water Infrastructure,60,active
Sustainability,Climate resilience spending increasing,Insurance,70,active
Sustainability,Climate resilience spending increasing,Environmental Monitoring,80,active
Sustainability,Climate resilience spending increasing,Building Infrastructure,90,active
Sustainability,Climate resilience spending increasing,Energy Storage,100,active
Sustainability,Sustainable materials demand increasing,Advanced Materials,10,active
Sustainability,Sustainable materials demand increasing,Recycling,20,active
Sustainability,Sustainable materials demand increasing,Packaging,30,active
Sustainability,Sustainable materials demand increasing,Paper Products,40,active
Sustainability,Sustainable materials demand increasing,Aluminium,50,active
Sustainability,Sustainable materials demand increasing,Steel,60,active
Sustainability,Sustainable materials demand increasing,Industrial Chemicals,70,active
Sustainability,Sustainable materials demand increasing,Construction Materials,80,active
Sustainability,Sustainable materials demand increasing,Consumer Goods,90,active
Sustainability,Sustainable materials demand increasing,Forest Products,100,active
Sustainability,Environmental monitoring increasing,Environmental Monitoring,10,active
Sustainability,Environmental monitoring increasing,Sensors,20,active
Sustainability,Environmental monitoring increasing,Analytical Testing,30,active
Sustainability,Environmental monitoring increasing,Testing Certification,40,active
Sustainability,Environmental monitoring increasing,Data Analytics,50,active
Sustainability,Environmental monitoring increasing,Industrial Instrumentation,60,active
Sustainability,Environmental monitoring increasing,Environmental Services,70,active
Sustainability,Environmental monitoring increasing,Utilities,80,active
Sustainability,Environmental monitoring increasing,Agriculture,90,active
Sustainability,Environmental monitoring increasing,Government Technology,100,active
Sustainability,Sustainability regulation increasing,ESG,10,active
Sustainability,Sustainability regulation increasing,Risk Management,20,active
Sustainability,Sustainability regulation increasing,Consulting,30,active
Sustainability,Sustainability regulation increasing,Testing Certification,40,active
Sustainability,Sustainability regulation increasing,Environmental Services,50,active
Sustainability,Sustainability regulation increasing,Financial Services,60,active
Sustainability,Sustainability regulation increasing,Insurance,70,active
Sustainability,Sustainability regulation increasing,Industrial Chemicals,80,active
Sustainability,Sustainability regulation increasing,Utilities,90,active
Sustainability,Sustainability regulation increasing,Government Technology,100,active
Sustainability,Clean energy investment slowing,Renewable Energy,10,active
Sustainability,Clean energy investment slowing,Solar Energy,20,active
Sustainability,Clean energy investment slowing,Energy Storage,30,active
Sustainability,Clean energy investment slowing,Grid Infrastructure,40,active
Sustainability,Clean energy investment slowing,Power Systems,50,active
Sustainability,Clean energy investment slowing,Engineering Services,60,active
Sustainability,Clean energy investment slowing,Construction Materials,70,active
Sustainability,Clean energy investment slowing,Copper,80,active
Sustainability,Clean energy investment slowing,Utilities,90,active
Sustainability,Clean energy investment slowing,Climate Technology,100,active
Demographic Change,Population ageing,Healthcare Services,10,active
Demographic Change,Population ageing,Senior Housing,20,active
Demographic Change,Population ageing,Medical Devices,30,active
Demographic Change,Population ageing,Pharmaceuticals,40,active
Demographic Change,Population ageing,Health Insurance,50,active
Demographic Change,Population ageing,Retirement Services,60,active
Demographic Change,Population ageing,Pensions,70,active
Demographic Change,Population ageing,Life Insurance,80,active
Demographic Change,Population ageing,Consumer Health,90,active
Demographic Change,Population ageing,Digital Health,100,active
Demographic Change,Birth rates declining,Education Services,10,active
Demographic Change,Birth rates declining,Consumer Goods,20,active
Demographic Change,Birth rates declining,Residential Real Estate,30,active
Demographic Change,Birth rates declining,Homebuilding,40,active
Demographic Change,Birth rates declining,Healthcare Services,50,active
Demographic Change,Birth rates declining,Financial Services,60,active
Demographic Change,Birth rates declining,Retail,70,active
Demographic Change,Birth rates declining,Digital Learning,80,active
Demographic Change,Birth rates declining,Insurance,90,active
Demographic Change,Birth rates declining,Urban Development,100,active
Demographic Change,Longevity increasing,Healthcare Services,10,active
Demographic Change,Longevity increasing,Retirement Services,20,active
Demographic Change,Longevity increasing,Pensions,30,active
Demographic Change,Longevity increasing,Life Insurance,40,active
Demographic Change,Longevity increasing,Wealth Management,50,active
Demographic Change,Longevity increasing,Senior Housing,60,active
Demographic Change,Longevity increasing,Medical Devices,70,active
Demographic Change,Longevity increasing,Consumer Health,80,active
Demographic Change,Longevity increasing,Health Insurance,90,active
Demographic Change,Longevity increasing,Wellness,100,active
Demographic Change,Urban populations increasing,Urban Development,10,active
Demographic Change,Urban populations increasing,Smart Infrastructure,20,active
Demographic Change,Urban populations increasing,Transportation Infrastructure,30,active
Demographic Change,Urban populations increasing,Residential Real Estate,40,active
Demographic Change,Urban populations increasing,Utilities,50,active
Demographic Change,Urban populations increasing,Telecommunications Infrastructure,60,active
Demographic Change,Urban populations increasing,Water Infrastructure,70,active
Demographic Change,Urban populations increasing,Infrastructure Engineering,80,active
Demographic Change,Urban populations increasing,Public Safety,90,active
Demographic Change,Urban populations increasing,Retail,100,active
Demographic Change,Migration increasing,Human Capital Services,10,active
Demographic Change,Migration increasing,Residential Real Estate,20,active
Demographic Change,Migration increasing,Infrastructure Engineering,30,active
Demographic Change,Migration increasing,Transportation,40,active
Demographic Change,Migration increasing,Commercial Banking,50,active
Demographic Change,Migration increasing,Telecommunications,60,active
Demographic Change,Migration increasing,Retail,70,active
Demographic Change,Migration increasing,Healthcare Services,80,active
Demographic Change,Migration increasing,Education Services,90,active
Demographic Change,Migration increasing,Public Safety,100,active
Demographic Change,Household formation changing,Residential Real Estate,10,active
Demographic Change,Household formation changing,Homebuilding,20,active
Demographic Change,Household formation changing,Home Furnishings,30,active
Demographic Change,Household formation changing,Consumer Goods,40,active
Demographic Change,Household formation changing,Utilities,50,active
Demographic Change,Household formation changing,Mortgage Services,60,active
Demographic Change,Household formation changing,Insurance,70,active
Demographic Change,Household formation changing,Retail,80,active
Demographic Change,Household formation changing,Telecommunications,90,active
Demographic Change,Household formation changing,Financial Services,100,active
Demographic Change,Middle-class consumption increasing,Consumer Goods,10,active
Demographic Change,Middle-class consumption increasing,Retail,20,active
Demographic Change,Middle-class consumption increasing,Travel Services,30,active
Demographic Change,Middle-class consumption increasing,Automotive Services,40,active
Demographic Change,Middle-class consumption increasing,Commercial Banking,50,active
Demographic Change,Middle-class consumption increasing,Payment Networks,60,active
Demographic Change,Middle-class consumption increasing,Telecommunications,70,active
Demographic Change,Middle-class consumption increasing,Healthcare Services,80,active
Demographic Change,Middle-class consumption increasing,Insurance,90,active
Demographic Change,Middle-class consumption increasing,Consumer Electronics,100,active
Demographic Change,Healthcare demand increasing,Healthcare Services,10,active
Demographic Change,Healthcare demand increasing,Hospitals,20,active
Demographic Change,Healthcare demand increasing,Medical Devices,30,active
Demographic Change,Healthcare demand increasing,Diagnostics,40,active
Demographic Change,Healthcare demand increasing,Pharmaceuticals,50,active
Demographic Change,Healthcare demand increasing,Health Insurance,60,active
Demographic Change,Healthcare demand increasing,Digital Health,70,active
Demographic Change,Healthcare demand increasing,Senior Housing,80,active
Demographic Change,Healthcare demand increasing,Consumer Health,90,active
Demographic Change,Healthcare demand increasing,Healthcare Distribution,100,active
Demographic Change,Retirement assets increasing,Pensions,10,active
Demographic Change,Retirement assets increasing,Retirement Services,20,active
Demographic Change,Retirement assets increasing,Investment Management,30,active
Demographic Change,Retirement assets increasing,Wealth Management,40,active
Demographic Change,Retirement assets increasing,Life Insurance,50,active
Demographic Change,Retirement assets increasing,Asset Management,60,active
Demographic Change,Retirement assets increasing,Financial Advice,70,active
Demographic Change,Retirement assets increasing,Investment Advisory,80,active
Demographic Change,Retirement assets increasing,Commercial Banking,90,active
Demographic Change,Retirement assets increasing,Financial Services,100,active
Demographic Change,Workforce participation changing,Human Capital Services,10,active
Demographic Change,Workforce participation changing,Hr Services,20,active
Demographic Change,Workforce participation changing,Payroll,30,active
Demographic Change,Workforce participation changing,Industrial Automation,40,active
Demographic Change,Workforce participation changing,Robotics,50,active
Demographic Change,Workforce participation changing,Business Services,60,active
Demographic Change,Workforce participation changing,Healthcare Services,70,active
Demographic Change,Workforce participation changing,Retail,80,active
Demographic Change,Workforce participation changing,Infrastructure Engineering,90,active
Demographic Change,Workforce participation changing,Logistics,100,active
Urbanisation,Urban population growth,Urban Development,10,active
Urbanisation,Urban population growth,Residential Real Estate,20,active
Urbanisation,Urban population growth,Infrastructure Engineering,30,active
Urbanisation,Urban population growth,Utilities,40,active
Urbanisation,Urban population growth,Transportation Infrastructure,50,active
Urbanisation,Urban population growth,Water Infrastructure,60,active
Urbanisation,Urban population growth,Telecommunications Infrastructure,70,active
Urbanisation,Urban population growth,Retail,80,active
Urbanisation,Urban population growth,Public Safety,90,active
Urbanisation,Urban population growth,Commercial Banking,100,active
Urbanisation,Smart city investment increasing,Smart Infrastructure,10,active
Urbanisation,Smart city investment increasing,IoT,20,active
Urbanisation,Smart city investment increasing,Sensors,30,active
Urbanisation,Smart city investment increasing,Government Technology,40,active
Urbanisation,Smart city investment increasing,Telecommunications Infrastructure,50,active
Urbanisation,Smart city investment increasing,Utilities,60,active
Urbanisation,Smart city investment increasing,Transportation Infrastructure,70,active
Urbanisation,Smart city investment increasing,Video Security,80,active
Urbanisation,Smart city investment increasing,Data Analytics,90,active
Urbanisation,Smart city investment increasing,Engineering Services,100,active
Urbanisation,Public transport investment increasing,Passenger Transport,10,active
Urbanisation,Public transport investment increasing,Rail Transport,20,active
Urbanisation,Public transport investment increasing,Buses,30,active
Urbanisation,Public transport investment increasing,Transportation Infrastructure,40,active
Urbanisation,Public transport investment increasing,Engineering Services,50,active
Urbanisation,Public transport investment increasing,Infrastructure Engineering,60,active
Urbanisation,Public transport investment increasing,Rail Equipment,70,active
Urbanisation,Public transport investment increasing,Smart Infrastructure,80,active
Urbanisation,Public transport investment increasing,Utilities,90,active
Urbanisation,Public transport investment increasing,Mobility,100,active
Urbanisation,Urban housing demand increasing,Residential Real Estate,10,active
Urbanisation,Urban housing demand increasing,Homebuilding,20,active
Urbanisation,Urban housing demand increasing,Residential Construction,30,active
Urbanisation,Urban housing demand increasing,Property Management,40,active
Urbanisation,Urban housing demand increasing,Mortgage Services,50,active
Urbanisation,Urban housing demand increasing,Construction Materials,60,active
Urbanisation,Urban housing demand increasing,Utilities,70,active
Urbanisation,Urban housing demand increasing,Retail,80,active
Urbanisation,Urban housing demand increasing,Insurance,90,active
Urbanisation,Urban housing demand increasing,Urban Development,100,active
Urbanisation,Commercial property demand changing,Commercial Real Estate,10,active
Urbanisation,Commercial property demand changing,Office Property,20,active
Urbanisation,Commercial property demand changing,Retail Property,30,active
Urbanisation,Commercial property demand changing,Mixed Use Property,40,active
Urbanisation,Commercial property demand changing,Property Management,50,active
Urbanisation,Commercial property demand changing,Real Estate Development,60,active
Urbanisation,Commercial property demand changing,Facilities Services,70,active
Urbanisation,Commercial property demand changing,Infrastructure Engineering,80,active
Urbanisation,Commercial property demand changing,Utilities,90,active
Urbanisation,Commercial property demand changing,Insurance,100,active
Urbanisation,Urban logistics demand increasing,Logistics,10,active
Urbanisation,Urban logistics demand increasing,Parcel Delivery,20,active
Urbanisation,Urban logistics demand increasing,Express Delivery,30,active
Urbanisation,Urban logistics demand increasing,Freight Forwarding,40,active
Urbanisation,Urban logistics demand increasing,Road Freight,50,active
Urbanisation,Urban logistics demand increasing,Ecommerce Platforms,60,active
Urbanisation,Urban logistics demand increasing,Retail,70,active
Urbanisation,Urban logistics demand increasing,Logistics Real Estate,80,active
Urbanisation,Urban logistics demand increasing,Mobility,90,active
Urbanisation,Urban logistics demand increasing,Supply Chain Services,100,active
Urbanisation,Water demand increasing,Water Utilities,10,active
Urbanisation,Water demand increasing,Water Infrastructure,20,active
Urbanisation,Water demand increasing,Water Treatment,30,active
Urbanisation,Water demand increasing,Water Technology,40,active
Urbanisation,Water demand increasing,Fluid Management,50,active
Urbanisation,Water demand increasing,Infrastructure Engineering,60,active
Urbanisation,Water demand increasing,Engineering Services,70,active
Urbanisation,Water demand increasing,Smart Infrastructure,80,active
Urbanisation,Water demand increasing,Environmental Monitoring,90,active
Urbanisation,Water demand increasing,Utilities,100,active
Urbanisation,Urban energy demand increasing,Utilities,10,active
Urbanisation,Urban energy demand increasing,Electricity Generation,20,active
Urbanisation,Urban energy demand increasing,Grid Infrastructure,30,active
Urbanisation,Urban energy demand increasing,Electricity Transmission,40,active
Urbanisation,Urban energy demand increasing,Energy Storage,50,active
Urbanisation,Urban energy demand increasing,Building Automation,60,active
Urbanisation,Urban energy demand increasing,HVAC,70,active
Urbanisation,Urban energy demand increasing,Data Centres,80,active
Urbanisation,Urban energy demand increasing,Power Systems,90,active
Urbanisation,Urban energy demand increasing,Renewable Energy,100,active
Urbanisation,Urban resilience investment increasing,Smart Infrastructure,10,active
Urbanisation,Urban resilience investment increasing,Public Safety,20,active
Urbanisation,Urban resilience investment increasing,Video Security,30,active
Urbanisation,Urban resilience investment increasing,Water Infrastructure,40,active
Urbanisation,Urban resilience investment increasing,Utilities,50,active
Urbanisation,Urban resilience investment increasing,Engineering Services,60,active
Urbanisation,Urban resilience investment increasing,Infrastructure Engineering,70,active
Urbanisation,Urban resilience investment increasing,Environmental Monitoring,80,active
Urbanisation,Urban resilience investment increasing,Government Technology,90,active
Urbanisation,Urban resilience investment increasing,Insurance,100,active
Urbanisation,Urban digital connectivity expanding,Broadband,10,active
Urbanisation,Urban digital connectivity expanding,Wireless Networks,20,active
Urbanisation,Urban digital connectivity expanding,Mobile Networks,30,active
Urbanisation,Urban digital connectivity expanding,Telecommunications Infrastructure,40,active
Urbanisation,Urban digital connectivity expanding,Digital Infrastructure,50,active
Urbanisation,Urban digital connectivity expanding,Data Centres,60,active
Urbanisation,Urban digital connectivity expanding,Networking,70,active
Urbanisation,Urban digital connectivity expanding,Towers,80,active
Urbanisation,Urban digital connectivity expanding,Smart Infrastructure,90,active
Urbanisation,Urban digital connectivity expanding,Government Technology,100,active
Government & Regulation,Infrastructure spending increasing,Infrastructure,10,active
Government & Regulation,Infrastructure spending increasing,Infrastructure Engineering,20,active
Government & Regulation,Infrastructure spending increasing,Engineering Services,30,active
Government & Regulation,Infrastructure spending increasing,Construction Materials,40,active
Government & Regulation,Infrastructure spending increasing,Industrial Equipment,50,active
Government & Regulation,Infrastructure spending increasing,Transportation Infrastructure,60,active
Government & Regulation,Infrastructure spending increasing,Utilities,70,active
Government & Regulation,Infrastructure spending increasing,Water Infrastructure,80,active
Government & Regulation,Infrastructure spending increasing,Grid Infrastructure,90,active
Government & Regulation,Infrastructure spending increasing,Commercial Banking,100,active
Government & Regulation,Defence spending increasing,Aerospace Defence,10,active
Government & Regulation,Defence spending increasing,Defence Systems,20,active
Government & Regulation,Defence spending increasing,Defence Technology,30,active
Government & Regulation,Defence spending increasing,Defence Electronics,40,active
Government & Regulation,Defence spending increasing,Weapons Systems,50,active
Government & Regulation,Defence spending increasing,Military Systems,60,active
Government & Regulation,Defence spending increasing,Naval Vessels,70,active
Government & Regulation,Defence spending increasing,Satellites,80,active
Government & Regulation,Defence spending increasing,Cybersecurity,90,active
Government & Regulation,Defence spending increasing,Engineering Services,100,active
Government & Regulation,Industrial policy expanding,Industrial Equipment,10,active
Government & Regulation,Industrial policy expanding,Semiconductors,20,active
Government & Regulation,Industrial policy expanding,Energy Infrastructure,30,active
Government & Regulation,Industrial policy expanding,Infrastructure Engineering,40,active
Government & Regulation,Industrial policy expanding,Critical Minerals,50,active
Government & Regulation,Industrial policy expanding,Commercial Banking,60,active
Government & Regulation,Industrial policy expanding,Industrial Automation,70,active
Government & Regulation,Industrial policy expanding,Aerospace Defence,80,active
Government & Regulation,Industrial policy expanding,Research Services,90,active
Government & Regulation,Industrial policy expanding,Government Technology,100,active
Government & Regulation,Financial regulation tightening,Commercial Banking,10,active
Government & Regulation,Financial regulation tightening,Investment Banking,20,active
Government & Regulation,Financial regulation tightening,Insurance,30,active
Government & Regulation,Financial regulation tightening,Investment Management,40,active
Government & Regulation,Financial regulation tightening,Fintech,50,active
Government & Regulation,Financial regulation tightening,Risk Management,60,active
Government & Regulation,Financial regulation tightening,Market Data,70,active
Government & Regulation,Financial regulation tightening,Credit Services,80,active
Government & Regulation,Financial regulation tightening,Digital Identity,90,active
Government & Regulation,Financial regulation tightening,Cybersecurity,100,active
Government & Regulation,Technology regulation tightening,Artificial Intelligence,10,active
Government & Regulation,Technology regulation tightening,Digital Advertising,20,active
Government & Regulation,Technology regulation tightening,Cloud Services,30,active
Government & Regulation,Technology regulation tightening,Cybersecurity,40,active
Government & Regulation,Technology regulation tightening,Digital Identity,50,active
Government & Regulation,Technology regulation tightening,Telecommunications,60,active
Government & Regulation,Technology regulation tightening,Semiconductors,70,active
Government & Regulation,Technology regulation tightening,Enterprise Software,80,active
Government & Regulation,Technology regulation tightening,Risk Management,90,active
Government & Regulation,Technology regulation tightening,Government Technology,100,active
Government & Regulation,Environmental regulation tightening,Industrial Chemicals,10,active
Government & Regulation,Environmental regulation tightening,Utilities,20,active
Government & Regulation,Environmental regulation tightening,Energy Services,30,active
Government & Regulation,Environmental regulation tightening,Mining,40,active
Government & Regulation,Environmental regulation tightening,Construction Materials,50,active
Government & Regulation,Environmental regulation tightening,Agriculture,60,active
Government & Regulation,Environmental regulation tightening,Environmental Services,70,active
Government & Regulation,Environmental regulation tightening,Recycling,80,active
Government & Regulation,Environmental regulation tightening,Risk Management,90,active
Government & Regulation,Environmental regulation tightening,Testing Certification,100,active
Government & Regulation,Healthcare policy changing,Health Insurance,10,active
Government & Regulation,Healthcare policy changing,Hospitals,20,active
Government & Regulation,Healthcare policy changing,Pharmaceuticals,30,active
Government & Regulation,Healthcare policy changing,Medical Devices,40,active
Government & Regulation,Healthcare policy changing,Healthcare Services,50,active
Government & Regulation,Healthcare policy changing,Digital Health,60,active
Government & Regulation,Healthcare policy changing,Diagnostics,70,active
Government & Regulation,Healthcare policy changing,Biotechnology,80,active
Government & Regulation,Healthcare policy changing,Healthcare Distribution,90,active
Government & Regulation,Healthcare policy changing,Risk Management,100,active
Government & Regulation,Trade policy becoming more restrictive,Industrial Processing,10,active
Government & Regulation,Trade policy becoming more restrictive,Semiconductors,20,active
Government & Regulation,Trade policy becoming more restrictive,Technology Distribution,30,active
Government & Regulation,Trade policy becoming more restrictive,Agriculture,40,active
Government & Regulation,Trade policy becoming more restrictive,Mining,50,active
Government & Regulation,Trade policy becoming more restrictive,Freight Transport,60,active
Government & Regulation,Trade policy becoming more restrictive,Logistics,70,active
Government & Regulation,Trade policy becoming more restrictive,Commercial Banking,80,active
Government & Regulation,Trade policy becoming more restrictive,Consumer Electronics,90,active
Government & Regulation,Trade policy becoming more restrictive,Automotive Parts,100,active
Government & Regulation,Public digital services expanding,Government Technology,10,active
Government & Regulation,Public digital services expanding,Digital Identity,20,active
Government & Regulation,Public digital services expanding,Cloud Services,30,active
Government & Regulation,Public digital services expanding,Cybersecurity,40,active
Government & Regulation,Public digital services expanding,Data Analytics,50,active
Government & Regulation,Public digital services expanding,Telecommunications,60,active
Government & Regulation,Public digital services expanding,Digital Learning,70,active
Government & Regulation,Public digital services expanding,Public Safety,80,active
Government & Regulation,Public digital services expanding,Business Software,90,active
Government & Regulation,Public digital services expanding,Managed Services,100,active
Government & Regulation,Tax policy changing,Commercial Banking,10,active
Government & Regulation,Tax policy changing,Investment Management,20,active
Government & Regulation,Tax policy changing,Consumer Finance,30,active
Government & Regulation,Tax policy changing,Real Estate Services,40,active
Government & Regulation,Tax policy changing,Retail,50,active
Government & Regulation,Tax policy changing,Industrial Equipment,60,active
Government & Regulation,Tax policy changing,Business Services,70,active
Government & Regulation,Tax policy changing,Insurance,80,active
Government & Regulation,Tax policy changing,Homebuilding,90,active
Government & Regulation,Tax policy changing,Financial Services,100,active
Geopolitics,Military tensions increasing,Aerospace Defence,10,active
Geopolitics,Military tensions increasing,Defence Systems,20,active
Geopolitics,Military tensions increasing,Weapons Systems,30,active
Geopolitics,Military tensions increasing,Cybersecurity,40,active
Geopolitics,Military tensions increasing,Satellite Communications,50,active
Geopolitics,Military tensions increasing,Oil Gas,60,active
Geopolitics,Military tensions increasing,Freight Transport,70,active
Geopolitics,Military tensions increasing,Critical Minerals,80,active
Geopolitics,Military tensions increasing,Commercial Banking,90,active
Geopolitics,Military tensions increasing,Insurance,100,active
Geopolitics,Sanctions expanding,Commercial Banking,10,active
Geopolitics,Sanctions expanding,Freight Transport,20,active
Geopolitics,Sanctions expanding,Commodity Trading,30,active
Geopolitics,Sanctions expanding,Oil Gas,40,active
Geopolitics,Sanctions expanding,Mining,50,active
Geopolitics,Sanctions expanding,Technology Distribution,60,active
Geopolitics,Sanctions expanding,Aerospace Defence,70,active
Geopolitics,Sanctions expanding,Logistics,80,active
Geopolitics,Sanctions expanding,Risk Management,90,active
Geopolitics,Sanctions expanding,Financial Services,100,active
Geopolitics,Trade blocs fragmenting,Supply Chain,10,active
Geopolitics,Trade blocs fragmenting,Logistics,20,active
Geopolitics,Trade blocs fragmenting,Industrial Processing,30,active
Geopolitics,Trade blocs fragmenting,Semiconductors,40,active
Geopolitics,Trade blocs fragmenting,Freight Transport,50,active
Geopolitics,Trade blocs fragmenting,Transportation Infrastructure,60,active
Geopolitics,Trade blocs fragmenting,Commercial Banking,70,active
Geopolitics,Trade blocs fragmenting,Technology Distribution,80,active
Geopolitics,Trade blocs fragmenting,Critical Minerals,90,active
Geopolitics,Trade blocs fragmenting,Agriculture,100,active
Geopolitics,Strategic reshoring increasing,Industrial Processing,10,active
Geopolitics,Strategic reshoring increasing,Infrastructure Engineering,20,active
Geopolitics,Strategic reshoring increasing,Industrial Automation,30,active
Geopolitics,Strategic reshoring increasing,Semiconductors,40,active
Geopolitics,Strategic reshoring increasing,Energy Infrastructure,50,active
Geopolitics,Strategic reshoring increasing,Critical Minerals,60,active
Geopolitics,Strategic reshoring increasing,Logistics,70,active
Geopolitics,Strategic reshoring increasing,Engineering Services,80,active
Geopolitics,Strategic reshoring increasing,Industrial Equipment,90,active
Geopolitics,Strategic reshoring increasing,Commercial Banking,100,active
Geopolitics,Energy security concerns increasing,Oil Gas,10,active
Geopolitics,Energy security concerns increasing,Natural Gas,20,active
Geopolitics,Energy security concerns increasing,LNG,30,active
Geopolitics,Energy security concerns increasing,Renewable Energy,40,active
Geopolitics,Energy security concerns increasing,Power Generation,50,active
Geopolitics,Energy security concerns increasing,Energy Storage,60,active
Geopolitics,Energy security concerns increasing,Grid Infrastructure,70,active
Geopolitics,Energy security concerns increasing,Utilities,80,active
Geopolitics,Energy security concerns increasing,Pipeline Infrastructure,90,active
Geopolitics,Energy security concerns increasing,Energy Trading,100,active
Geopolitics,Critical mineral security increasing,Critical Minerals,10,active
Geopolitics,Critical mineral security increasing,Mining,20,active
Geopolitics,Critical mineral security increasing,Copper,30,active
Geopolitics,Critical mineral security increasing,Battery Materials,40,active
Geopolitics,Critical mineral security increasing,Semiconductors,50,active
Geopolitics,Critical mineral security increasing,Defence Technology,60,active
Geopolitics,Critical mineral security increasing,Energy Storage,70,active
Geopolitics,Critical mineral security increasing,Industrial Equipment,80,active
Geopolitics,Critical mineral security increasing,Commodity Trading,90,active
Geopolitics,Critical mineral security increasing,Recycling,100,active
Geopolitics,Shipping route disruption increasing,Freight Transport,10,active
Geopolitics,Shipping route disruption increasing,Transportation Infrastructure,20,active
Geopolitics,Shipping route disruption increasing,Freight Forwarding,30,active
Geopolitics,Shipping route disruption increasing,Logistics,40,active
Geopolitics,Shipping route disruption increasing,Insurance,50,active
Geopolitics,Shipping route disruption increasing,Commodity Trading,60,active
Geopolitics,Shipping route disruption increasing,Oil Gas,70,active
Geopolitics,Shipping route disruption increasing,Retail,80,active
Geopolitics,Shipping route disruption increasing,Industrial Processing,90,active
Geopolitics,Shipping route disruption increasing,Agriculture,100,active
Geopolitics,Cyber conflict increasing,Cybersecurity,10,active
Geopolitics,Cyber conflict increasing,Government Technology,20,active
Geopolitics,Cyber conflict increasing,Defence Technology,30,active
Geopolitics,Cyber conflict increasing,Telecommunications Infrastructure,40,active
Geopolitics,Cyber conflict increasing,Utilities,50,active
Geopolitics,Cyber conflict increasing,Commercial Banking,60,active
Geopolitics,Cyber conflict increasing,Data Centres,70,active
Geopolitics,Cyber conflict increasing,Satellite Communications,80,active
Geopolitics,Cyber conflict increasing,Risk Management,90,active
Geopolitics,Cyber conflict increasing,Managed Services,100,active
Geopolitics,Defence alliances strengthening,Aerospace Defence,10,active
Geopolitics,Defence alliances strengthening,Defence Systems,20,active
Geopolitics,Defence alliances strengthening,Defence Electronics,30,active
Geopolitics,Defence alliances strengthening,Weapons Systems,40,active
Geopolitics,Defence alliances strengthening,Military Systems,50,active
Geopolitics,Defence alliances strengthening,Naval Vessels,60,active
Geopolitics,Defence alliances strengthening,Satellites,70,active
Geopolitics,Defence alliances strengthening,Cybersecurity,80,active
Geopolitics,Defence alliances strengthening,Engineering Services,90,active
Geopolitics,Defence alliances strengthening,Industrial Processing,100,active
Geopolitics,Cross-border capital restrictions increasing,Commercial Banking,10,active
Geopolitics,Cross-border capital restrictions increasing,Investment Banking,20,active
Geopolitics,Cross-border capital restrictions increasing,Investment Management,30,active
Geopolitics,Cross-border capital restrictions increasing,Private Equity,40,active
Geopolitics,Cross-border capital restrictions increasing,Real Estate Services,50,active
Geopolitics,Cross-border capital restrictions increasing,Technology Investing,60,active
Geopolitics,Cross-border capital restrictions increasing,Financial Services,70,active
Geopolitics,Cross-border capital restrictions increasing,Risk Management,80,active
Geopolitics,Cross-border capital restrictions increasing,Market Data,90,active
Geopolitics,Cross-border capital restrictions increasing,Global Equities,100,active
Healthcare Innovation,Drug discovery accelerating,Drug Discovery,10,active
Healthcare Innovation,Drug discovery accelerating,Biotechnology,20,active
Healthcare Innovation,Drug discovery accelerating,Pharmaceuticals,30,active
Healthcare Innovation,Drug discovery accelerating,Bioinformatics,40,active
Healthcare Innovation,Drug discovery accelerating,Clinical Research,50,active
Healthcare Innovation,Drug discovery accelerating,Laboratory Equipment,60,active
Healthcare Innovation,Drug discovery accelerating,Life Sciences,70,active
Healthcare Innovation,Drug discovery accelerating,Artificial Intelligence,80,active
Healthcare Innovation,Drug discovery accelerating,Drug Development,90,active
Healthcare Innovation,Drug discovery accelerating,Research Services,100,active
Healthcare Innovation,Precision medicine expanding,Biotechnology,10,active
Healthcare Innovation,Precision medicine expanding,Diagnostics,20,active
Healthcare Innovation,Precision medicine expanding,Molecular Diagnostics,30,active
Healthcare Innovation,Precision medicine expanding,Bioinformatics,40,active
Healthcare Innovation,Precision medicine expanding,Pharmaceuticals,50,active
Healthcare Innovation,Precision medicine expanding,Drug Development,60,active
Healthcare Innovation,Precision medicine expanding,Rare Diseases,70,active
Healthcare Innovation,Precision medicine expanding,Clinical Research,80,active
Healthcare Innovation,Precision medicine expanding,Healthcare Analytics,90,active
Healthcare Innovation,Precision medicine expanding,Laboratory Testing,100,active
Healthcare Innovation,Digital health adoption increasing,Digital Health,10,active
Healthcare Innovation,Digital health adoption increasing,Healthcare Technology,20,active
Healthcare Innovation,Digital health adoption increasing,Healthcare Analytics,30,active
Healthcare Innovation,Digital health adoption increasing,Cloud Services,40,active
Healthcare Innovation,Digital health adoption increasing,Cybersecurity,50,active
Healthcare Innovation,Digital health adoption increasing,Medical Devices,60,active
Healthcare Innovation,Digital health adoption increasing,Hospitals,70,active
Healthcare Innovation,Digital health adoption increasing,Telecommunications,80,active
Healthcare Innovation,Digital health adoption increasing,Artificial Intelligence,90,active
Healthcare Innovation,Digital health adoption increasing,Health Insurance,100,active
Healthcare Innovation,Robotic surgery adoption increasing,Robotic Surgery,10,active
Healthcare Innovation,Robotic surgery adoption increasing,Medical Devices,20,active
Healthcare Innovation,Robotic surgery adoption increasing,Surgical Equipment,30,active
Healthcare Innovation,Robotic surgery adoption increasing,Hospitals,40,active
Healthcare Innovation,Robotic surgery adoption increasing,Precision Instruments,50,active
Healthcare Innovation,Robotic surgery adoption increasing,Sensors,60,active
Healthcare Innovation,Robotic surgery adoption increasing,Engineering Software,70,active
Healthcare Innovation,Robotic surgery adoption increasing,Healthcare Technology,80,active
Healthcare Innovation,Robotic surgery adoption increasing,Sterilisation,90,active
Healthcare Innovation,Robotic surgery adoption increasing,Clinical Research,100,active
Healthcare Innovation,Medical diagnostics improving,Diagnostics,10,active
Healthcare Innovation,Medical diagnostics improving,Molecular Diagnostics,20,active
Healthcare Innovation,Medical diagnostics improving,Medical Imaging,30,active
Healthcare Innovation,Medical diagnostics improving,Laboratory Equipment,40,active
Healthcare Innovation,Medical diagnostics improving,Laboratory Testing,50,active
Healthcare Innovation,Medical diagnostics improving,Bioinformatics,60,active
Healthcare Innovation,Medical diagnostics improving,Medical Devices,70,active
Healthcare Innovation,Medical diagnostics improving,Healthcare Analytics,80,active
Healthcare Innovation,Medical diagnostics improving,Clinical Research,90,active
Healthcare Innovation,Medical diagnostics improving,Hospitals,100,active
Healthcare Innovation,Biotechnology investment increasing,Biotechnology,10,active
Healthcare Innovation,Biotechnology investment increasing,Drug Discovery,20,active
Healthcare Innovation,Biotechnology investment increasing,Drug Development,30,active
Healthcare Innovation,Biotechnology investment increasing,Clinical Research,40,active
Healthcare Innovation,Biotechnology investment increasing,Laboratory Equipment,50,active
Healthcare Innovation,Biotechnology investment increasing,Bioinformatics,60,active
Healthcare Innovation,Biotechnology investment increasing,Pharmaceuticals,70,active
Healthcare Innovation,Biotechnology investment increasing,Life Sciences,80,active
Healthcare Innovation,Biotechnology investment increasing,Rare Diseases,90,active
Healthcare Innovation,Biotechnology investment increasing,Research Services,100,active
Healthcare Innovation,Vaccine technology advancing,Vaccines,10,active
Healthcare Innovation,Vaccine technology advancing,Biotechnology,20,active
Healthcare Innovation,Vaccine technology advancing,Pharmaceuticals,30,active
Healthcare Innovation,Vaccine technology advancing,Drug Delivery,40,active
Healthcare Innovation,Vaccine technology advancing,Clinical Research,50,active
Healthcare Innovation,Vaccine technology advancing,Contract Manufacturing,60,active
Healthcare Innovation,Vaccine technology advancing,Laboratory Testing,70,active
Healthcare Innovation,Vaccine technology advancing,Healthcare Distribution,80,active
Healthcare Innovation,Vaccine technology advancing,Medical Devices,90,active
Healthcare Innovation,Vaccine technology advancing,Research Services,100,active
Healthcare Innovation,Chronic disease treatment expanding,Diabetes Care,10,active
Healthcare Innovation,Chronic disease treatment expanding,Cardiovascular Devices,20,active
Healthcare Innovation,Chronic disease treatment expanding,Renal Care,30,active
Healthcare Innovation,Chronic disease treatment expanding,Pharmaceuticals,40,active
Healthcare Innovation,Chronic disease treatment expanding,Medical Devices,50,active
Healthcare Innovation,Chronic disease treatment expanding,Digital Health,60,active
Healthcare Innovation,Chronic disease treatment expanding,Diagnostics,70,active
Healthcare Innovation,Chronic disease treatment expanding,Healthcare Services,80,active
Healthcare Innovation,Chronic disease treatment expanding,Consumer Health,90,active
Healthcare Innovation,Chronic disease treatment expanding,Health Insurance,100,active
Healthcare Innovation,Healthcare data use increasing,Healthcare Analytics,10,active
Healthcare Innovation,Healthcare data use increasing,Bioinformatics,20,active
Healthcare Innovation,Healthcare data use increasing,Digital Health,30,active
Healthcare Innovation,Healthcare data use increasing,Data Analytics,40,active
Healthcare Innovation,Healthcare data use increasing,Cloud Services,50,active
Healthcare Innovation,Healthcare data use increasing,Cybersecurity,60,active
Healthcare Innovation,Healthcare data use increasing,Healthcare Technology,70,active
Healthcare Innovation,Healthcare data use increasing,Hospitals,80,active
Healthcare Innovation,Healthcare data use increasing,Clinical Research,90,active
Healthcare Innovation,Healthcare data use increasing,Artificial Intelligence,100,active
Healthcare Innovation,Healthcare innovation regulation evolving,Pharmaceuticals,10,active
Healthcare Innovation,Healthcare innovation regulation evolving,Medical Devices,20,active
Healthcare Innovation,Healthcare innovation regulation evolving,Digital Health,30,active
Healthcare Innovation,Healthcare innovation regulation evolving,Biotechnology,40,active
Healthcare Innovation,Healthcare innovation regulation evolving,Testing Certification,50,active
Healthcare Innovation,Healthcare innovation regulation evolving,Clinical Research,60,active
Healthcare Innovation,Healthcare innovation regulation evolving,Risk Management,70,active
Healthcare Innovation,Healthcare innovation regulation evolving,Healthcare Technology,80,active
Healthcare Innovation,Healthcare innovation regulation evolving,Diagnostics,90,active
Healthcare Innovation,Healthcare innovation regulation evolving,Government Technology,100,active