Index,Regions,Sub-Regions,Country,Company Name,Refinitiv,FIT Industry,CUSIP,ISIN,SEDOL,FIGI,CIK,Ticker,MIC Code,Exchange,Market Currency
1,Americas,Latin America,Argentina,Adecoagro Sa,Food & Tobacco,Food & Beverage,,,B65BNQ6,,,AGRO,XNYS,New York Stock Exchange,USD
2,Americas,Latin America,Argentina,Arcos Dorados Holdings Inc.,Hotels & Entertainment Services,"Leisure, Hospitality & Travel",,,B529PQ0,,,ARCO,XNYS,New York Stock Exchange,USD
3,Americas,Latin America,Argentina,Banco Bbva Argentina Sa,Banking Services,Banking,,,BKT4TC7,,,BBAR,XNYS,New York Stock Exchange,USD
4,Americas,Latin America,Argentina,Bioceres Crop Solutions Corp.,Chemicals,Chemicals,,,BJT1RX8,,,BIOX,XNAS,Nasdaq Stock Market,USD
5,Americas,Latin America,Argentina,Banco Macro Sa,Banking Services,Banking,,,B0Y62M9,,,BMA,XNYS,New York Stock Exchange,USD
6,Americas,Latin America,Argentina,Corporacion America Airports Sa,Transport Infrastructure,Transportation Infrastructure,,,BD45SN0,,,CAAP,XNYS,New York Stock Exchange,USD
7,Americas,Latin America,Argentina,Central Puerto Sa,Electrical Utilities & IPPs,Utilities,,,BDVP1Y5,,,CEPU,XNYS,New York Stock Exchange,USD
8,Americas,Latin America,Argentina,Cresud Inc.,Food & Tobacco,Food & Beverage,,,2226893,,,CRESY,XNAS,Nasdaq Stock Market,USD
9,Americas,Latin America,Argentina,"Despegar.Com, Corp.",Hotels & Entertainment Services,"Leisure, Hospitality & Travel",,,BDFS4G3,,,DESP,XNYS,New York Stock Exchange,USD
10,Americas,Latin America,Argentina,Empresa Distribuidora Y Comercializadora Norte Sa,Electrical Utilities & IPPs,Utilities,,,B1W9D79,,,EDN,XNYS,New York Stock Exchange,USD
11,Americas,Latin America,Argentina,Grupo Financiero Galicia Sa,Banking Services,Banking,,,2613570,,,GGAL,XNAS,Nasdaq Stock Market,USD
12,Americas,Latin America,Argentina,Irsa Investments And Representations Inc.,Real Estate Operations,Real Estate,,,2473020,,,IRS,XNYS,New York Stock Exchange,USD
13,Americas,Latin America,Argentina,Lithium Americas Corp.,Metals & Mining,Mining,,,BF4X225,,,LAC,XNYS,New York Stock Exchange,USD
14,Americas,Latin America,Argentina,Loma Negra Compania Industrial Argentina Sa,Construction Materials,Construction Materials,,,BYP6YP3,,,LOMA,XNYS,New York Stock Exchange,USD
15,Americas,Latin America,Argentina,"Mercadolibre, Inc.",Software & IT Services,Software & Digital Services,,,B23X1H3,,,MELI,XNAS,Nasdaq Stock Market,USD
16,Americas,Latin America,Argentina,Pampa Energia Sa,Electrical Utilities & IPPs,Utilities,,,B41HK52,,,PAM,XNYS,New York Stock Exchange,USD
17,Americas,Latin America,Argentina,Ssr Mining Inc.,Metals & Mining,Mining,,,BF7MPL9,,,SSRM,XNAS,Nasdaq Stock Market,USD
18,Americas,Latin America,Argentina,Grupo Supervielle Sa,Banking Services,Banking,,,BYZJRN1,,,SUPV,XNYS,New York Stock Exchange,USD
19,Americas,Latin America,Argentina,Telecom Argentina Sa,Telecommunications Services,Telecommunications,,,2878829,,,TEO,XNYS,New York Stock Exchange,USD
20,Americas,Latin America,Argentina,Transportadora De Gas Del Sur Sa,Oil & Gas,Oil & Gas,,,2902944,,,TGS,XNYS,New York Stock Exchange,USD
21,Americas,Latin America,Argentina,"United Breweries Company, Inc",Oil & Gas Related Equipment and Services,Energy Equipment & Services,,,2196189,,,TGS,XNYS,New York Stock Exchange,USD
22,Americas,Latin America,Argentina,Ypf Sa,Oil & Gas,Oil & Gas,,,2985945,,,YPF,XNYS,New York Stock Exchange,USD
23,Americas,Latin America,Brazil,Allianca Saude E Participacoes Sa,Healthcare Providers & Services,Healthcare Providers & Services,,BRAALRACNOR6,BYX8VJ4,,,AALR3,BVMF,B3 - Brazil Stock Exchange,BRL
24,Americas,Latin America,Brazil,Banco Abc Brasil Sa,Banking Services,Banking,,BRABCBACNPR4,B23DMP8,,,ABCB4,BVMF,B3 - Brazil Stock Exchange,BRL
25,Americas,Latin America,Brazil,Ambev Sa,Beverages,Food & Beverage,,BRABEVACNOR1,BG7ZWY7,,,ABEV3,BVMF,B3 - Brazil Stock Exchange,BRL
26,Americas,Latin America,Brazil,Aes Brasil Energia Sa,Utilities,Utilities,,BRAESBACNOR7,BMYVVL0,,,AESB3,BVMF,B3 - Brazil Stock Exchange,BRL
27,Americas,Latin America,Brazil,Brasilagro - Brazilian Agricultural Real Estate Company,Food & Tobacco,Food & Beverage,,BRAGROACNOR7,B1428Z9,,,AGRO3,BVMF,B3 - Brazil Stock Exchange,BRL
28,Americas,Latin America,Brazil,Alpargatas Sa,Textiles & Apparel,Textiles & Apparel,,BRALPAACNPR7,B07C796,,,ALPA4,BVMF,B3 - Brazil Stock Exchange,BRL
29,Americas,Latin America,Brazil,Aliansce Sonae Shopping Centers Sa,"Machinery, Equipment & Components",Machinery,,BRALSOACNOR5,BJVHGR1,,,ALSO3,BVMF,B3 - Brazil Stock Exchange,BRL
30,Americas,Latin America,Brazil,Ambipar Participacoes E Empreendimentos Sa,Professional & Commercial Services,Professional Services,,BRAMBPACNOR6,BN2R805,,,AMBP3,BVMF,B3 - Brazil Stock Exchange,BRL
31,Americas,Latin America,Brazil,Armac Locacao Logistica E Servicos Sa,Professional & Commercial Services,Professional Services,,BRARMLACNOR1,BN94NV5,,,ARML3,BVMF,B3 - Brazil Stock Exchange,BRL
32,Americas,Latin America,Brazil,Arezzo Industria E Comercio Sa,Textiles & Apparel,Textiles & Apparel,,BRARZZACNOR3,B3NS1W0,,,ARZZ3,BVMF,B3 - Brazil Stock Exchange,BRL
33,Americas,Latin America,Brazil,Sendas Distribuidora Sa,Food & Drug Retailing,Food Retail,,BRASAIACNOR0,BMZ9R04,,,ASAI3,BVMF,B3 - Brazil Stock Exchange,BRL
34,Americas,Latin America,Brazil,Auren Energia Sa,Electrical Utilities & IPPs,Utilities,,BRAUREACNOR9,BMXHJ82,,,AURE3,BVMF,B3 - Brazil Stock Exchange,BRL
35,Americas,Latin America,Brazil,Azul Sa,Passenger Transportation Services,Transportation,,BRAZULACNPR4,BD97PR4,,,AZUL4,BVMF,B3 - Brazil Stock Exchange,BRL
36,Americas,Latin America,Brazil,B3 Sa Brasil Bolsa Balcao,Investment Banking & Investment Services,Investment Services,,BRB3SAACNOR6,BG36ZK1,,,B3SA3,BVMF,B3 - Brazil Stock Exchange,BRL
37,Americas,Latin America,Brazil,Banco Do Brasil Sa,Banking Services,Banking,S23285950,BRBBASACNOR3,2328595,,,BBAS3,BVMF,B3 - Brazil Stock Exchange,BRL
38,Americas,Latin America,Brazil,Banco Bradesco Sa,Banking Services,Banking,,BRBBDCACNOR1,B00FM86,,,BBDC3,BVMF,B3 - Brazil Stock Exchange,BRL
39,Americas,Latin America,Brazil,Banco Bradesco Sa,Banking Services,Banking,,BRBBDCACNPR8,B00FM53,,,BBDC4,BVMF,B3 - Brazil Stock Exchange,BRL
40,Americas,Latin America,Brazil,Bb Seguridade Holding Corp,Insurance,Insurance,,BRBBSEACNOR5,B9N3SQ0,,,BBSE3,BVMF,B3 - Brazil Stock Exchange,BRL
41,Americas,Latin America,Brazil,Minerva Sa,Food & Tobacco,Food & Beverage,,BRBEEFACNOR6,B23GH52,,,BEEF3,BVMF,B3 - Brazil Stock Exchange,BRL
42,Americas,Latin America,Brazil,Blau Farmaceutica Sa,Pharmaceuticals,Pharmaceuticals,,BRBLAUACNOR8,BZ1KK03,,,BLAU3,BVMF,B3 - Brazil Stock Exchange,BRL
43,Americas,Latin America,Brazil,Banco Pan Sa,Banking Services,Banking,,BRBPANACNPR1,BPY3V40,,,BPAN4,BVMF,B3 - Brazil Stock Exchange,BRL
44,Americas,Latin America,Brazil,Bradespar Sa,Metals & Mining,Mining,,BRBRAPACNOR5,B01SCT5,,,BRAP3,BVMF,B3 - Brazil Stock Exchange,BRL
45,Americas,Latin America,Brazil,Bradespar Sa,Metals & Mining,Mining,,BRBRAPACNPR2,B01SCS4,,,BRAP4,BVMF,B3 - Brazil Stock Exchange,BRL
46,Americas,Latin America,Brazil,Brf Sa,Food & Beverage,Food & Beverage,S20369955,BRBRFSACNOR8,2036995,,,BRFS3,BVMF,B3 - Brazil Stock Exchange,BRL
47,Americas,Latin America,Brazil,Banco Do Estado Do Rio Grande Do Sul Sa,Banking Services,Banking,,BRBRSRACNPB4,B23F8S9,,,BRSR6,BVMF,B3 - Brazil Stock Exchange,BRL
48,Americas,Latin America,Brazil,Camil Alimentos Sa,Food & Tobacco,Food & Beverage,,BRCAMLACNOR3,BZ4F3Q2,,,CAML3,BVMF,B3 - Brazil Stock Exchange,BRL
49,Americas,Latin America,Brazil,Companhia Brasileira De Aluminio,Metals & Mining,Mining,,BRCBAVACNOR5,BL73BJ4,,,CBAV3,BVMF,B3 - Brazil Stock Exchange,BRL
50,Americas,Latin America,Brazil,Ccr Sa,Transportation Infrastructure,Transportation Infrastructure,S28409704,BRCCROACNOR2,2840970,,,CCRO3,BVMF,B3 - Brazil Stock Exchange,BRL
51,Americas,Latin America,Brazil,Cielo Sa Instituicao De Pagamento,FinTech,FinTech,,BRCIELACNOR3,B614LY3,,,CIEL3,BVMF,B3 - Brazil Stock Exchange,BRL
52,Americas,Latin America,Brazil,Energy Co Of Minas Gerais,Electrical Utilities & IPPs,Utilities,,BRCMIGACNPR3,B1YBRG0,,,CMIG4,BVMF,B3 - Brazil Stock Exchange,BRL
53,Americas,Latin America,Brazil,Companhia Energetica Do Ceara,Electrical Utilities & IPPs,Utilities,,BRCOCEACNPA3,B1YCJ34,,,COCE5,BVMF,B3 - Brazil Stock Exchange,BRL
54,Americas,Latin America,Brazil,Cogna Educacao Sa,"School, College & University",#N/A,,BRCOGNACNOR2,BHNWPB7,,,COGN3,BVMF,B3 - Brazil Stock Exchange,BRL
55,Americas,Latin America,Brazil,Cpfl Energy Inc,Electrical Utilities & IPPs,Utilities,,BRCPFEACNOR0,B031NN3,,,CPFE3,BVMF,B3 - Brazil Stock Exchange,BRL
56,Americas,Latin America,Brazil,Atacadao Sa,Food Retail,Food Retail,,BRCRFBACNOR2,BF7LBH4,,,CRFB3,BVMF,B3 - Brazil Stock Exchange,BRL
57,Americas,Latin America,Brazil,Cosan Sa,Consumer Goods Conglomerates,Diversified Consumer Goods,,BRCSANACNOR6,B0P72G5,,,CSAN3,BVMF,B3 - Brazil Stock Exchange,BRL
58,Americas,Latin America,Brazil,Companhia De Saneamento De Minas Gerais Copasa Mg,Water Utilities,Water Utilities,,BRCSMGACNOR5,B0YBZJ2,,,CSMG3,BVMF,B3 - Brazil Stock Exchange,BRL
59,Americas,Latin America,Brazil,National Steel Company,Metals & Mining,Mining,,BRCSNAACNOR6,B019KX8,,,CSNA3,BVMF,B3 - Brazil Stock Exchange,BRL
60,Americas,Latin America,Brazil,Cury Construtora E Incorporadora Sa,Real Estate Operations,Real Estate,,BRCURYACNOR3,BK93J35,,,CURY3,BVMF,B3 - Brazil Stock Exchange,BRL
61,Americas,Latin America,Brazil,Cyrela Brazil Realty Sa Empreendimentos E Participacoes,Real Estate Operations,Real Estate,S21898556,BRCYREACNOR7,2189855,,,CYRE3,BVMF,B3 - Brazil Stock Exchange,BRL
62,Americas,Latin America,Brazil,Direcional Engenharia Sa,Real Estate Operations,Real Estate,,BRDIRRACNOR0,B59VLC7,,,DIRR3,BVMF,B3 - Brazil Stock Exchange,BRL
63,Americas,Latin America,Brazil,Dexco Sa,Paper & Forest Products,Paper & Forest Products,,BRDXCOACNOR8,BN7F4X9,,,DXCO3,BVMF,B3 - Brazil Stock Exchange,BRL
64,Americas,Latin America,Brazil,Ecorodovias Infraestrutura E Logistica Sa,Transport Infrastructure,Transportation Infrastructure,,BRECORACNOR8,B5720R0,,,ECOR3,BVMF,B3 - Brazil Stock Exchange,BRL
65,Americas,Latin America,Brazil,Engie Brasil Energia Sa,Electrical Utilities & IPPs,Utilities,,BREGIEACNOR9,BD1WX84,,,EGIE3,BVMF,B3 - Brazil Stock Exchange,BRL
66,Americas,Latin America,Brazil,Brazilian Electric Power Company,Utilities,Utilities,S23111206,BRELETACNOR6,2311120,,,ELET3,BVMF,B3 - Brazil Stock Exchange,BRL
67,Americas,Latin America,Brazil,Brazilian Electric Power Company,Utilities,Utilities,S23084452,BRELETACNPB7,2308445,,,ELET6,BVMF,B3 - Brazil Stock Exchange,BRL
68,Americas,Latin America,Brazil,Embraer Sa,Professional & Commercial Services,Professional Services,,BREMBRACNOR4,B16FPG6,,,EMBR3,BVMF,B3 - Brazil Stock Exchange,BRL
69,Americas,Latin America,Brazil,Enauta Participacoes Sa,Oil & Gas,Oil & Gas,,BRENATACNOR0,BJK28J3,,,ENAT3,BVMF,B3 - Brazil Stock Exchange,BRL
70,Americas,Latin America,Brazil,Eneva Sa,Electrical Utilities & IPPs,Utilities,,BRENEVACNOR8,BFWHKM5,,,ENEV3,BVMF,B3 - Brazil Stock Exchange,BRL
71,Americas,Latin America,Brazil,Equatorial Energia Sa,Electrical Utilities & IPPs,Utilities,,BREQTLACNOR0,B128R96,,,EQTL3,BVMF,B3 - Brazil Stock Exchange,BRL
72,Americas,Latin America,Brazil,Eztec Empreendimentos E Participacoes Sa,Real Estate Operations,Real Estate,,BREZTCACNOR0,B1YW5V4,,,EZTC3,BVMF,B3 - Brazil Stock Exchange,BRL
73,Americas,Latin America,Brazil,Companhia De Ferro Ligas Da Bahia Ferbasa,Metals & Mining,Mining,,BRFESAACNPR5,B07C6Z5,,,FESA4,BVMF,B3 - Brazil Stock Exchange,BRL
74,Americas,Latin America,Brazil,Fleury Sa,Healthcare Providers & Services,Healthcare Providers & Services,,BRFLRYACNOR5,B4X4D29,,,FLRY3,BVMF,B3 - Brazil Stock Exchange,BRL
75,Americas,Latin America,Brazil,Gerdau Sa,Metals & Mining,Mining,S26455170,BRGGBRACNPR8,2645517,,,GGBR4,BVMF,B3 - Brazil Stock Exchange,BRL
76,Americas,Latin America,Brazil,Gps Participacoes E Empreendimentos Sa,Professional & Commercial Services,Professional Services,,BRGGPSACNOR9,BLFG6N4,,,GGPS3,BVMF,B3 - Brazil Stock Exchange,BRL
77,Americas,Latin America,Brazil,Grupo Mateus Sa,Food & Drug Retailing,Food Retail,,BRGMATACNOR7,BN7JD67,,,GMAT3,BVMF,B3 - Brazil Stock Exchange,BRL
78,Americas,Latin America,Brazil,Metalurgica Gerdau Sa,Metals & Mining,Mining,S26488627,BRGOAUACNPR8,2648862,,,GOAU4,BVMF,B3 - Brazil Stock Exchange,BRL
79,Americas,Latin America,Brazil,Gol Intelligent Airlines Inc.,Food & Tobacco,Food & Beverage,,BRGOLLACNPR4,B01NTS8,,,GOLL4,BVMF,B3 - Brazil Stock Exchange,BRL
80,Americas,Latin America,Brazil,Grendene Sa,Textiles & Apparel,Textiles & Apparel,,BRGRNDACNOR3,B03L0B0,,,GRND3,BVMF,B3 - Brazil Stock Exchange,BRL
81,Americas,Latin America,Brazil,Hapvida Participacoes E Investimentos Sa,Healthcare Providers & Services,Healthcare Providers & Services,,BRHAPVACNOR4,BF4J7N9,,,HAPV3,BVMF,B3 - Brazil Stock Exchange,BRL
82,Americas,Latin America,Brazil,Hidrovias Do Brasil Sa,Freight & Logistics Services,Logistics,,BRHBSAACNOR0,BJP5P29,,,HBSA3,BVMF,B3 - Brazil Stock Exchange,BRL
83,Americas,Latin America,Brazil,Hypera Sa,Pharmaceuticals,Pharmaceuticals,,BRHYPEACNOR0,B2QY968,,,HYPE3,BVMF,B3 - Brazil Stock Exchange,BRL
84,Americas,Latin America,Brazil,Intelbras Sa Industria De Telecomunicacao Eletronica Brasileira,Communications & Networking,Communications Equipment,,BRINTBACNOR9,BMZ2WR5,,,INTB3,BVMF,B3 - Brazil Stock Exchange,BRL
85,Americas,Latin America,Brazil,Irb Brasil Resseguros Sa,Insurance,Insurance,,BRIRBRACNOR4,BYZ6D56,,,IRBR3,BVMF,B3 - Brazil Stock Exchange,BRL
86,Americas,Latin America,Brazil,Itausa Rights Sa,Banking Services,Banking,,BRITSAD20PR2,,,,ITSA3,BVMF,B3 - Brazil Stock Exchange,BRL
87,Americas,Latin America,Brazil,Itausa Sa,Banking Services,Banking,S24587719,BRITSAACNPR7,2458771,,,ITSA4,BVMF,B3 - Brazil Stock Exchange,BRL
88,Americas,Latin America,Brazil,Itau Unibanco Holding Sa,Banking Services,Banking,,BRITUBACNPR1,B037HR3,,,ITUB4,BVMF,B3 - Brazil Stock Exchange,BRL
89,Americas,Latin America,Brazil,Jalles Machado Sa,Food & Tobacco,Food & Beverage,,BRJALLACNOR0,BM9TT37,,,JALL3,BVMF,B3 - Brazil Stock Exchange,BRL
90,Americas,Latin America,Brazil,Jbs Sa,Food & Tobacco,Food & Beverage,,BRJBSSACNOR8,B1V74X7,,,JBSS3,BVMF,B3 - Brazil Stock Exchange,BRL
91,Americas,Latin America,Brazil,Jhsf Participacoes Sa,Real Estate Operations,Real Estate,,BRJHSFACNOR2,B1VN5C1,,,JHSF3,BVMF,B3 - Brazil Stock Exchange,BRL
92,Americas,Latin America,Brazil,Mahle Metal Leve Sa,Automobiles & Auto Parts,Automotive,,BRLEVEACNOR2,B0HZY49,,,LEVE3,BVMF,B3 - Brazil Stock Exchange,BRL
93,Americas,Latin America,Brazil,Log Commercial Properties E Participacoes Sa,Real Estate Operations,Real Estate,,BRLOGGACNOR7,BGYQQL8,,,LOGG3,BVMF,B3 - Brazil Stock Exchange,BRL
94,Americas,Latin America,Brazil,Lojas Renner Sa,Specialty Retailers,Retail,,BRLRENACNOR1,B0CGYD6,,,LREN3,BVMF,B3 - Brazil Stock Exchange,BRL
95,Americas,Latin America,Brazil,Locaweb Servicos De Internet Sa,Software & IT Services,Software & Digital Services,,BRLWSAACNOR8,BL3W4C9,,,LWSA3,BVMF,B3 - Brazil Stock Exchange,BRL
96,Americas,Latin America,Brazil,Hospital Mater Dei Sa,Healthcare Providers & Services,Healthcare Providers & Services,,BRMATDACNOR4,BNKDZ93,,,MATD3,BVMF,B3 - Brazil Stock Exchange,BRL
97,Americas,Latin America,Brazil,M Dias Branco Sa Industria E Comercio De Alimentos,Food & Tobacco,Food & Beverage,,BRMDIAACNOR7,B1FRH89,,,MDIA3,BVMF,B3 - Brazil Stock Exchange,BRL
98,Americas,Latin America,Brazil,Omega Energia Sa,Banking Services,Banking,,BRMEGAACNOR9,BLGSDH2,,,MEGA3,BVMF,B3 - Brazil Stock Exchange,BRL
99,Americas,Latin America,Brazil,Magazine Luiza Sa,Diversified Retail,Retail,,BRMGLUACNOR2,B4975P9,,,MGLU3,BVMF,B3 - Brazil Stock Exchange,BRL
100,Americas,Latin America,Brazil,Mills Locacao Servicos E Logistica Sa,Professional & Commercial Services,Professional Services,,BRMILSACNOR2,B5LGRJ9,,,MILS3,BVMF,B3 - Brazil Stock Exchange,BRL
101,Americas,Latin America,Brazil,Movida Participacoes Sa,Passenger Transportation Services,Transportation,,BRMOVIACNOR0,BD448C6,,,MOVI3,BVMF,B3 - Brazil Stock Exchange,BRL
102,Americas,Latin America,Brazil,Marfrig Global Foods Sa,Food & Beverage,Food & Beverage,,BRMRFGACNOR0,B1YWHR4,,,MRFG3,BVMF,B3 - Brazil Stock Exchange,BRL
103,Americas,Latin America,Brazil,Mrv Engenharia E Participacoes Sa,Real Estate Operations,Real Estate,,BRMRVEACNOR2,B235JN1,,,MRVE3,BVMF,B3 - Brazil Stock Exchange,BRL
104,Americas,Latin America,Brazil,Multiplan Empreendimentos Imobiliarios Sa,Real Estate Operations,Real Estate,,BRMULTACNOR5,B23DZG0,,,MULT3,BVMF,B3 - Brazil Stock Exchange,BRL
105,Americas,Latin America,Brazil,Iochpe Maxion Sa,Automobiles & Auto Parts,Automotive,,BRMYPKACNOR7,B06YX28,,,MYPK3,BVMF,B3 - Brazil Stock Exchange,BRL
106,Americas,Latin America,Brazil,Natura & Co Holding Sa,Personal & Household Products & Services,Household Products,,BRNTCOACNOR5,BJRFY31,,,NTCO3,BVMF,B3 - Brazil Stock Exchange,BRL
107,Americas,Latin America,Brazil,Odontoprev Sa,Healthcare Providers & Services,Healthcare Providers & Services,,BRODPVACNOR4,B1H6R62,,,ODPV3,BVMF,B3 - Brazil Stock Exchange,BRL
108,Americas,Latin America,Brazil,Oncoclinicas Do Brasil Servicos Medicos Sa,Healthcare Providers & Services,Healthcare Providers & Services,,BRONCOACNOR6,BMW5LZ8,,,ONCO3,BVMF,B3 - Brazil Stock Exchange,BRL
109,Americas,Latin America,Brazil,Orizon Valorizacao De Residuos Sa,Professional & Commercial Services,Professional Services,,BRORVRACNOR0,BKPSYD9,,,ORVR3,BVMF,B3 - Brazil Stock Exchange,BRL
110,Americas,Latin America,Brazil,Companhia Brasileira De Distribuicao Sa,Food & Drug Retailing,Food Retail,S26677930,BRPCARACNOR3,2667793,,,PCAR3,BVMF,B3 - Brazil Stock Exchange,BRL
111,Americas,Latin America,Brazil,Brazilian Petroleum Corporation - Petrobras,Oil & Gas,Oil & Gas,S26823658,BRPETRACNOR9,2682365,,,PETR3,BVMF,B3 - Brazil Stock Exchange,BRL
112,Americas,Latin America,Brazil,Brazilian Petroleum Corporation - Petrobras,Oil & Gas,Oil & Gas,S26845321,BRPETRACNPR6,2684532,,,PETR4,BVMF,B3 - Brazil Stock Exchange,BRL
113,Americas,Latin America,Brazil,Pet Center Comercio E Participacoes Sa,Real Estate Operations,Real Estate,,BRPETZACNOR2,BN6KT07,,,PETZ3,BVMF,B3 - Brazil Stock Exchange,BRL
114,Americas,Latin America,Brazil,Marcopolo Sa,Automobiles & Auto Parts,Automotive,S25991316,BRPOMOACNPR7,2599131,,,POMO4,BVMF,B3 - Brazil Stock Exchange,BRL
115,Americas,Latin America,Brazil,Wilson Sons Holdings Brasil Sa,Transport Infrastructure,Transportation Infrastructure,,BRPORTACNOR8,BP4D2S1,,,PORT3,BVMF,B3 - Brazil Stock Exchange,BRL
116,Americas,Latin America,Brazil,Prio Sa,Oil & Gas,Oil & Gas,,BRPRIOACNOR1,BYY0144,,,PRIO3,BVMF,B3 - Brazil Stock Exchange,BRL
117,Americas,Latin America,Brazil,Raia Drogasil Sa,Food & Drug Retailing,Food Retail,,BRRADLACNOR0,B7FQV64,,,RADL3,BVMF,B3 - Brazil Stock Exchange,BRL
118,Americas,Latin America,Brazil,Rumo Sa,Freight & Logistics Services,Logistics,,BRRAILACNOR9,BYXZ2W5,,,RAIL3,BVMF,B3 - Brazil Stock Exchange,BRL
119,Americas,Latin America,Brazil,Randon Sa Implementos E Participacoes,Automobiles & Auto Parts,Automotive,,BRRAPTACNPR4,B010V49,,,RAPT4,BVMF,B3 - Brazil Stock Exchange,BRL
120,Americas,Latin America,Brazil,Rede D'Or Sao Luiz Sa,Healthcare Providers & Services,Healthcare Providers & Services,,BRRDORACNOR8,BNDQ8P6,,,RDOR3,BVMF,B3 - Brazil Stock Exchange,BRL
121,Americas,Latin America,Brazil,Petroreconcavo Sa,Oil & Gas,Oil & Gas,,BRRECVACNOR3,BNC08V5,,,RECV3,BVMF,B3 - Brazil Stock Exchange,BRL
122,Americas,Latin America,Brazil,Localiza Rent A Car Sa,Passenger Transportation Services,Transportation,,BRRENTACNOR4,B08K3S0,,,RENT3,BVMF,B3 - Brazil Stock Exchange,BRL
123,Americas,Latin America,Brazil,3R Petroleum Oleo E Gas Sa,Oil & Gas,Oil & Gas,,BRRRRPACNOR5,BLF7QT3,,,RRRP3,BVMF,B3 - Brazil Stock Exchange,BRL
124,Americas,Latin America,Brazil,Companhia De Saneamento Do Parana Sanepar,Water Utilities,Water Utilities,S27620855,BRSAPRACNPR6,2762085,,,SAPR4,BVMF,B3 - Brazil Stock Exchange,BRL
125,Americas,Latin America,Brazil,Grupo Sbf Sa,Specialty Retailers,Retail,,BRSBFGACNOR1,BNDRCL3,,,SBFG3,BVMF,B3 - Brazil Stock Exchange,BRL
126,Americas,Latin America,Brazil,Basic Sanitation Company Of The State Of Sao Paulo - Sabesp,Water Utilities,Water Utilities,,BRSBSPACNOR5,B1YCHL8,,,SBSP3,BVMF,B3 - Brazil Stock Exchange,BRL
127,Americas,Latin America,Brazil,Simpar Sa,Freight & Logistics Services,Logistics,,BRSIMHACNOR0,BMC4304,,,SIMH3,BVMF,B3 - Brazil Stock Exchange,BRL
128,Americas,Latin America,Brazil,Slc Agricola Sa,Food & Tobacco,Food & Beverage,,BRSLCEACNOR2,B1Y4WK8,,,SLCE3,BVMF,B3 - Brazil Stock Exchange,BRL
129,Americas,Latin America,Brazil,Smartfit Escola De Ginastica E Danca Sa,Hotels & Entertainment Services,"Leisure, Hospitality & Travel",,BRSMFTACNOR1,BF4XNJ9,,,SMFT3,BVMF,B3 - Brazil Stock Exchange,BRL
130,Americas,Latin America,Brazil,Sao Martinho Sa,Food & Tobacco,Food & Beverage,,BRSMTOACNOR3,B1P3R43,,,SMTO3,BVMF,B3 - Brazil Stock Exchange,BRL
131,Americas,Latin America,Brazil,Grupo De Moda Soma Sa,Freight & Logistics Services,Logistics,,BRSOMAACNOR3,BLD4B35,,,SOMA3,BVMF,B3 - Brazil Stock Exchange,BRL
132,Americas,Latin America,Brazil,Santos Brasil Participacoes Sa,Logistics,Logistics,,BRSTBPACNOR3,2835545,,,STBP3,BVMF,B3 - Brazil Stock Exchange,BRL
133,Americas,Latin America,Brazil,Suzano Inc.,Paper & Forest Products,Paper & Forest Products,,BRSUZBACNOR0,B02GKC7,,,SUZB3,BVMF,B3 - Brazil Stock Exchange,BRL
134,Americas,Latin America,Brazil,Taurus Armas Sa,Aerospace & Defense,Aerospace & Defense,,BRTASAACNPR4,BKRRD04,,,TASA4,BVMF,B3 - Brazil Stock Exchange,BRL
135,Americas,Latin America,Brazil,Tim Sa,Telecommunications Services,Telecommunications,,BRTIMSACNOR5,BN71RB6,,,TIMS3,BVMF,B3 - Brazil Stock Exchange,BRL
136,Americas,Latin America,Brazil,Totvs Sa,Software & IT Services,Software & Digital Services,,BRTOTSACNOR8,B10LQP6,,,TOTS3,BVMF,B3 - Brazil Stock Exchange,BRL
137,Americas,Latin America,Brazil,Tres Tentos Agroindustrial Sa,Food & Tobacco,Food & Beverage,,BRTTENACNOR0,BL6P9D1,,,TTEN3,BVMF,B3 - Brazil Stock Exchange,BRL
138,Americas,Latin America,Brazil,Tupy Sa,Automobiles & Auto Parts,Automotive,S29067865,BRTUPYACNOR1,2906786,,,TUPY3,BVMF,B3 - Brazil Stock Exchange,BRL
139,Americas,Latin America,Brazil,Ultrapar Holdings Inc.,Oil & Gas,Oil & Gas,,BRUGPAACNOR8,B0FHTN1,,,UGPA3,BVMF,B3 - Brazil Stock Exchange,BRL
140,Americas,Latin America,Brazil,Unipar Carbocloro Sa,Chemicals,Chemicals,S29058799,BRUNIPACNPB8,2905879,,,UNIP6,BVMF,B3 - Brazil Stock Exchange,BRL
141,Americas,Latin America,Brazil,Usinas Siderurgicas De Minas Gerais Sa Usiminas,Metals & Mining,Mining,S23860091,BRUSIMACNPA6,2386009,,,USIM5,BVMF,B3 - Brazil Stock Exchange,BRL
142,Americas,Latin America,Brazil,Vale Sa,Metals & Mining,Mining,S21962865,BRVALEACNOR0,2196286,,,VALE3,BVMF,B3 - Brazil Stock Exchange,BRL
143,Americas,Latin America,Brazil,Vamos Locacao De Caminhoes Maquinas E Equipamentos Sa,Freight & Logistics Services,Logistics,,BRVAMOACNOR7,BJLSQZ2,,,VAMO3,BVMF,B3 - Brazil Stock Exchange,BRL
144,Americas,Latin America,Brazil,Vibra Energia Sa,Oil & Gas,Oil & Gas,,BRVBBRACNOR1,BPBLV81,,,VBBR3,BVMF,B3 - Brazil Stock Exchange,BRL
145,Americas,Latin America,Brazil,Via Sa,Retail,Retail,,BRVIIAACNOR7,BKSF0G2,,,VIIA3,BVMF,B3 - Brazil Stock Exchange,BRL
146,Americas,Latin America,Brazil,Vivara Participacoes Sa,Specialty Retailers,Retail,,BRVIVAACNOR0,BKTPCJ8,,,VIVA3,BVMF,B3 - Brazil Stock Exchange,BRL
147,Americas,Latin America,Brazil,Telefonica Brasil Sa,Telecommunications Services,Telecommunications,,BRVIVTACNOR0,B6XFBX3,,,VIVT3,BVMF,B3 - Brazil Stock Exchange,BRL
148,Americas,Latin America,Brazil,Vulcabras Sa,Textiles & Apparel,Textiles & Apparel,,BRVULCACNOR2,B1XFXM1,,,VULC3,BVMF,B3 - Brazil Stock Exchange,BRL
149,Americas,Latin America,Brazil,Cm Hospitalar Sa,Pharmaceuticals,Pharmaceuticals,,BRVVEOACNOR0,BMYLYL1,,,VVEO3,BVMF,B3 - Brazil Stock Exchange,BRL
150,Americas,Latin America,Brazil,Weg Sa,"Machinery, Equipment & Components",Machinery,S29454220,BRWEGEACNOR0,2945422,,,WEGE3,BVMF,B3 - Brazil Stock Exchange,BRL
151,Americas,Latin America,Brazil,Yduqs Participacoes Sa,"School, College & University",#N/A,,BRYDUQACNOR3,BJGV3C2,,,YDUQ3,BVMF,B3 - Brazil Stock Exchange,BRL
152,Americas,North America,Canada,Advantage Energy Ltd.,Oil & Gas,Oil & Gas,,,,,,AAV,XTSE,Toronto Stock Exchange,CAD
153,Americas,North America,Canada,Barrick Gold Corporation,Metals & Mining,Mining,,CA0679011084,,,,ABX,XTSE,Toronto Stock Exchange,CAD
154,Americas,North America,Canada,Air Canada Voting And Variable Voting Shares,Passenger Transportation Services,Transportation,,CA0089118776,,,,AC,XTSE,Toronto Stock Exchange,CAD
155,Americas,North America,Canada,Atco Ltd. Class I Non-Voting Shares,Multiline Utilities,Utilities,,,,,,ACO.X,XTSE,Toronto Stock Exchange,CAD
156,Americas,North America,Canada,Agnico Eagle Mines Limited,Metals & Mining,Mining,,CA0084741085,,,,AEM,XTSE,Toronto Stock Exchange,CAD
157,Americas,North America,Canada,Alamos Gold Inc.,Metals & Mining,Mining,,,,,,AGI,XTSE,Toronto Stock Exchange,CAD
158,Americas,North America,Canada,Altus Group Limited,Real Estate Operations,Real Estate,,,,,,AIF,XTSE,Toronto Stock Exchange,CAD
159,Americas,North America,Canada,Altagas Ltd.,Natural Gas Utilities,Utilities,,CA0213611001,,,,ALA,XTSE,Toronto Stock Exchange,CAD
160,Americas,North America,Canada,Africa Oil Corp.,Electronic Equipment & Parts,Communications Equipment,,,,,,AOI,XTSE,Toronto Stock Exchange,CAD
161,Americas,North America,Canada,Allied Properties Real Estate Investment Trust,Real Estate Investment Trusts (REITs),Real Estate Investment Trusts (REITs),,,,,,AP.UN,XTSE,Toronto Stock Exchange,CAD
162,Americas,North America,Canada,Algonquin Power & Utilities Corp.,Multiline Utilities,Utilities,,CA0158571053,,,,AQN,XTSE,Toronto Stock Exchange,CAD
163,Americas,North America,Canada,Arc Resources Ltd.,Oil & Gas,Oil & Gas,,CA00208D4084,,,,ARX,XTSE,Toronto Stock Exchange,CAD
164,Americas,North America,Canada,Algoma Steel Group Inc.,Metals & Mining,Mining,,,,,,ASTL,XTSE,Toronto Stock Exchange,CAD
165,Americas,North America,Canada,Alimentation Couche-Tard Inc.,Oil & Gas,Oil & Gas,,CA01626P1484,,,,ATD,XTSE,Toronto Stock Exchange,CAD
166,Americas,North America,Canada,Athabasca Oil Corporation,Oil & Gas,Oil & Gas,,,,,,ATH,XTSE,Toronto Stock Exchange,CAD
167,Americas,North America,Canada,Ats Corporation,"Machinery, Equipment & Components",Machinery,,,,,,ATS,XTSE,Toronto Stock Exchange,CAD
168,Americas,North America,Canada,Aritzia Inc. Subordinate Voting Shares,Specialty Retailers,Retail,,,,,,ATZ,XTSE,Toronto Stock Exchange,CAD
169,Americas,North America,Canada,Brookfield Asset Management Ltd. Class A Limited Voting Shares,Investment Banking & Investment Services,Investment Services,,CA1130041058,,,,BAM,XTSE,Toronto Stock Exchange,CAD
170,Americas,North America,Canada,Blackberry Limited,Software & IT Services,Software & Digital Services,,,,,,BB,XTSE,Toronto Stock Exchange,CAD
171,Americas,North America,Canada,Bombardier Inc. Class B Subordinate Voting Shares,Aerospace & Defense,Aerospace & Defense,,,,,,BBD.B,XTSE,Toronto Stock Exchange,CAD
172,Americas,North America,Canada,Brookfield Business Partners L.P.,Holding Companies,Holding Companies,,,,,,BBU.UN,XTSE,Toronto Stock Exchange,CAD
173,Americas,North America,Canada,Bce Inc.,Telecommunications Services,Telecommunications,,CA05534B7604,,,,BCE,XTSE,Toronto Stock Exchange,CAD
174,Americas,North America,Canada,Badger Infrastructure Solutions Ltd.,Construction & Engineering,Construction & Engineering,,,,,,BDGI,XTSE,Toronto Stock Exchange,CAD
175,Americas,North America,Canada,Boardwalk Real Estate Investment Trust,Real Estate Investment Trusts (REITs),Real Estate Investment Trusts (REITs),,,,,,BEI.UN,XTSE,Toronto Stock Exchange,CAD
176,Americas,North America,Canada,Brookfield Renewable Partners L.P.,Renewable Energy,Renewable Energy,,,,,,BEP.UN,XTSE,Toronto Stock Exchange,CAD
177,Americas,North America,Canada,Electrical Utilities & Ipps,Electrical Utilities & IPPs,Utilities,,CA11284V1058,,,,BEPC,XTSE,Toronto Stock Exchange,CAD
178,Americas,North America,Canada,Bausch Health Companies Inc.,Pharmaceuticals,Pharmaceuticals,,,,,,BHC,XTSE,Toronto Stock Exchange,CAD
179,Americas,North America,Canada,Brookfield Infrastructure Partners L.P.,Infrastructure,Infrastructure,,,,,,BIP.UN,XTSE,Toronto Stock Exchange,CAD
180,Americas,North America,Canada,Birchcliff Energy Ltd.,Oil & Gas,Oil & Gas,,,,,,BIR,XTSE,Toronto Stock Exchange,CAD
181,Americas,North America,Canada,Ballard Power Systems Inc.,Renewable Energy,Renewable Energy,,,,,,BLDP,XTSE,Toronto Stock Exchange,CAD
182,Americas,North America,Canada,Boralex Inc. Class A Shares,Electrical Utilities & IPPs,Utilities,,,,,,BLX,XTSE,Toronto Stock Exchange,CAD
183,Americas,North America,Canada,Bank Of Montreal,Banking Services,Banking,,CA0636711016,,,,BMO,XTSE,Toronto Stock Exchange,CAD
184,Americas,North America,Canada,Brookfield Corporation Class A Limited Voting Shares,Investment Banking & Investment Services,Investment Services,,CA11271J1075,,,,BN,XTSE,Toronto Stock Exchange,CAD
185,Americas,North America,Canada,Bank Of Nova Scotia (The),Banking Services,Banking,,CA0641491075,,,,BNS,XTSE,Toronto Stock Exchange,CAD
186,Americas,North America,Canada,Baytex Energy Corp.,Oil & Gas,Oil & Gas,,,,,,BTE,XTSE,Toronto Stock Exchange,CAD
187,Americas,North America,Canada,B2Gold Corp.,Metals & Mining,Mining,,,,,,BTO,XTSE,Toronto Stock Exchange,CAD
188,Americas,North America,Canada,Boyd Group Services Inc.,Personal & Household Products & Services,Household Products,,,,,,BYD,XTSE,Toronto Stock Exchange,CAD
189,Americas,North America,Canada,Cae Inc.,Aerospace & Defense,Aerospace & Defense,,CA1247651088,,,,CAE,XTSE,Toronto Stock Exchange,CAD
190,Americas,North America,Canada,Canadian Apartment Properties Real Estate Investment Trust,Real Estate Investment Trusts (REITs),Mining,,CA1349211054,,,,CAR.UN,XTSE,Toronto Stock Exchange,CAD
191,Americas,North America,Canada,Cogeco Communications Inc. Subordinate Voting Shares,Telecommunications Services,Telecommunications,,,,,,CCA,XTSE,Toronto Stock Exchange,CAD
192,Americas,North America,Canada,Ccl Industries Inc. Unlimited Class B Non-Voting Shares,Containers & Packaging,Packaging,,CA1249003098,,,,CCL.B,XTSE,Toronto Stock Exchange,CAD
193,Americas,North America,Canada,Cameco Corporation,Uranium,Uranium,,CA13321L1085,,,,CCO,XTSE,Toronto Stock Exchange,CAD
194,Americas,North America,Canada,Canfor Corporation,Paper & Forest Products,Paper & Forest Products,,,,,,CFP,XTSE,Toronto Stock Exchange,CAD
195,Americas,North America,Canada,Centerra Gold Inc.,Metals & Mining,Mining,,,,,,CG,XTSE,Toronto Stock Exchange,CAD
196,Americas,North America,Canada,Choice Properties Real Estate Investment Trust,Real Estate Investment Trusts (REITs),Real Estate Investment Trusts (REITs),,,,,,CHP.UN,XTSE,Toronto Stock Exchange,CAD
197,Americas,North America,Canada,Colliers International Group Inc. Subordinate Voting Shares,Real Estate Operations,Real Estate,,,,,,CIGI,XTSE,Toronto Stock Exchange,CAD
198,Americas,North America,Canada,Ci Financial Corp.,"Machinery, Equipment & Components",Machinery,,,,,,CIX,XTSE,Toronto Stock Exchange,CAD
199,Americas,North America,Canada,Cargojet Inc. Common And Variable Voting Shares,Freight & Logistics Services,Logistics,,,,,,CJT,XTSE,Toronto Stock Exchange,CAD
200,Americas,North America,Canada,Celestica Inc. Subordinate Voting Shares,Electronic Equipment & Parts,Communications Equipment,,,,,,CLS,XTSE,Toronto Stock Exchange,CAD
201,Americas,North America,Canada,Canadian Imperial Bank Of Commerce,Banking Services,Banking,,CA1360691010,,,,CM,XTSE,Toronto Stock Exchange,CAD
202,Americas,North America,Canada,Canadian Natural Resources Limited,Oil & Gas,Oil & Gas,,CA1363851017,,,,CNQ,XTSE,Toronto Stock Exchange,CAD
203,Americas,North America,Canada,Canadian National Railway Company,Freight & Logistics Services,Logistics,,CA1363751027,,,,CNR,XTSE,Toronto Stock Exchange,CAD
204,Americas,North America,Canada,Canadian Pacific Kansas City Limited,Freight & Logistics Services,Logistics,,CA13646K1084,,,,CP,XTSE,Toronto Stock Exchange,CAD
205,Americas,North America,Canada,Crescent Point Energy Corp.,Hotels & Entertainment Services,"Leisure, Hospitality & Travel",,,,,,CPG,XTSE,Toronto Stock Exchange,CAD
206,Americas,North America,Canada,Capital Power Corporation,Electrical Utilities & IPPs,Utilities,,,,,,CPX,XTSE,Toronto Stock Exchange,CAD
207,Americas,North America,Canada,Crombie Real Estate Investment Trust,Real Estate Investment Trusts (REITs),Uranium,,,,,,CRR.UN,XTSE,Toronto Stock Exchange,CAD
208,Americas,North America,Canada,Ct Real Estate Investment Trust,Real Estate Investment Trusts (REITs),Real Estate Investment Trusts (REITs),,,,,,CRT.UN,XTSE,Toronto Stock Exchange,CAD
209,Americas,North America,Canada,Capstone Copper Corp.,Metals & Mining,Mining,,,,,,CS,XTSE,Toronto Stock Exchange,CAD
210,Americas,North America,Canada,Chartwell Retirement Residences,Real Estate Investment Trusts (REITs),Real Estate Investment Trusts (REITs),,,,,,CSH.UN,XTSE,Toronto Stock Exchange,CAD
211,Americas,North America,Canada,Constellation Software Inc.,Software & IT Services,Software & Digital Services,,CA21037X1006,,,,CSU,XTSE,Toronto Stock Exchange,CAD
212,Americas,North America,Canada,Canadian Tire Corporation Limited Class A Non-Voting Shares,Diversified Retail,Retail,,CA1366812024,,,,CTC.A,XTSE,Toronto Stock Exchange,CAD
213,Americas,North America,Canada,Canadian Utilities Limited Class A Non-Voting Shares,Multiline Utilities,Utilities,,CA1367178326,,,,CU,XTSE,Toronto Stock Exchange,CAD
214,Americas,North America,Canada,Cenovus Energy Inc.,Oil & Gas,Oil & Gas,,CA15135U1093,,,,CVE,XTSE,Toronto Stock Exchange,CAD
215,Americas,North America,Canada,Canadian Western Bank,Specialty Retailers,Retail,,,,,,CWB,XTSE,Toronto Stock Exchange,CAD
216,Americas,North America,Canada,C21 Investments Inc Swap Rec,Food & Drug Retailing,Food Retail,,,CXXIFTRS,,,CXXIF,OTCM,OTC Markets,USD
217,Americas,North America,Canada,Definity Financial Corporation,Insurance,Insurance,,,,,,DFY,XTSE,Toronto Stock Exchange,CAD
218,Americas,North America,Canada,Dream Industrial Real Estate Investment Trust,Real Estate Investment Trusts (REITs),Mining,,,,,,DIR.UN,XTSE,Toronto Stock Exchange,CAD
219,Americas,North America,Canada,Denison Mines Corp.,Uranium,Uranium,,,,,,DML,XTSE,Toronto Stock Exchange,CAD
220,Americas,North America,Canada,Dye & Durham Limited,Software & IT Services,Software & Digital Services,,,,,,DND,XTSE,Toronto Stock Exchange,CAD
221,Americas,North America,Canada,Dollarama Inc.,Diversified Retail,Retail,,CA25675T1075,,,,DOL,XTSE,Toronto Stock Exchange,CAD
222,Americas,North America,Canada,Brp Inc. Subordinate Voting Shares,Leisure Products,Leisure Products,,CA05577W2004,,,,DOO,XTSE,Toronto Stock Exchange,CAD
223,Americas,North America,Canada,Dundee Precious Metals Inc.,Metals & Mining,Mining,,,,,,DPM,XTSE,Toronto Stock Exchange,CAD
224,Americas,North America,Canada,Descartes Systems Group Inc. (The),Software & IT Services,Software & Digital Services,,CA2499061083,,,,DSG,XTSE,Toronto Stock Exchange,CAD
225,Americas,North America,Canada,Endeavour Silver Corp.,Metals & Mining,Mining,,,,,,EDR,XTSE,Toronto Stock Exchange,CAD
226,Americas,North America,Canada,Element Fleet Management Corp.,Banking Services,Banking,,CA2861812014,,,,EFN,XTSE,Toronto Stock Exchange,CAD
227,Americas,North America,Canada,Energy Fuels Inc.,Uranium,Uranium,,,,,,EFR,XTSE,Toronto Stock Exchange,CAD
228,Americas,North America,Canada,Exchange Income Corporation,Passenger Transportation Services,Transportation,,,,,,EIF,XTSE,Toronto Stock Exchange,CAD
229,Americas,North America,Canada,Eldorado Gold Corporation,Metals & Mining,Mining,,,,,,ELD,XTSE,Toronto Stock Exchange,CAD
230,Americas,North America,Canada,Emera Incorporated,Electrical Utilities & IPPs,Utilities,,CA2908761018,,,,EMA,XTSE,Toronto Stock Exchange,CAD
231,Americas,North America,Canada,Empire Company Limited Non-Voting Class A Shares,Food & Drug Retailing,Food Retail,,CA2918434077,,,,EMP.A,XTSE,Toronto Stock Exchange,CAD
232,Americas,North America,Canada,Enbridge Inc.,Oil & Gas Related Equipment and Services,Energy Equipment & Services,,CA29250N1050,,,,ENB,XTSE,Toronto Stock Exchange,CAD
233,Americas,North America,Canada,Enghouse Systems Limited,Software & IT Services,Software & Digital Services,,,,,,ENGH,XTSE,Toronto Stock Exchange,CAD
234,Americas,North America,Canada,Eqb Inc.,Banking Services,Banking,,,,,,EQB,XTSE,Toronto Stock Exchange,CAD
235,Americas,North America,Canada,Equinox Gold Corp.,Metals & Mining,Mining,,,,,,EQX,XTSE,Toronto Stock Exchange,CAD
236,Americas,North America,Canada,Enerplus Corporation,Biotechnology & Medical Research,Biotechnology,,,,,,ERF,XTSE,Toronto Stock Exchange,CAD
237,Americas,North America,Canada,Ero Copper Corp.,Metals & Mining,Mining,,,,,,ERO,XTSE,Toronto Stock Exchange,CAD
238,Americas,North America,Canada,First Capital Real Estate Investment Trust,Residential & Commercial REIT,Real Estate Investment Trusts (REITs),,,,,,FCR.UN,XTSE,Toronto Stock Exchange,CAD
239,Americas,North America,Canada,Fairfax Financial Holdings Limited Subordinate Voting Shares,Insurance,Insurance,,CA3039011026,,,,FFH,XTSE,Toronto Stock Exchange,CAD
240,Americas,North America,Canada,Filo Corp Com,Textiles & Apparel,Textiles & Apparel,,,,,,FIL,XTSE,Toronto Stock Exchange,CAD
241,Americas,North America,Canada,First Quantum Minerals Ltd.,Metals & Mining,Mining,,CA3359341052,,,,FM,XTSE,Toronto Stock Exchange,CAD
242,Americas,North America,Canada,Franco-Nevada Corporation,Metals & Mining,Mining,,CA3518581051,,,,FNV,XTSE,Toronto Stock Exchange,CAD
243,Americas,North America,Canada,First Majestic Silver Corp.,Residential & Commercial REIT,Real Estate Investment Trusts (REITs),,,,,,FR,XTSE,Toronto Stock Exchange,CAD
244,Americas,North America,Canada,Freehold Royalties Ltd.,Oil & Gas,Oil & Gas,,,,,,FRU,XTSE,Toronto Stock Exchange,CAD
245,Americas,North America,Canada,Firstservice Corporation,Real Estate Operations,Real Estate,,CA33767E2024,,,,FSV,XTSE,Toronto Stock Exchange,CAD
246,Americas,North America,Canada,Fortis Inc.,Electrical Utilities & IPPs,Utilities,,CA3495531079,,,,FTS,XTSE,Toronto Stock Exchange,CAD
247,Americas,North America,Canada,Finning International Inc.,"Machinery, Equipment & Components",Machinery,,,,,,FTT,XTSE,Toronto Stock Exchange,CAD
248,Americas,North America,Canada,Fortuna Silver Mines Inc.,Metals & Mining,Mining,,,,,,FVI,XTSE,Toronto Stock Exchange,CAD
249,Americas,North America,Canada,Gibson Energy Inc.,Oil & Gas,Oil & Gas,,,,,,GEI,XTSE,Toronto Stock Exchange,CAD
250,Americas,North America,Canada,Gfl Environmental Inc. Subordinate Voting Shares,Professional & Commercial Services,Professional Services,,CA36168Q1046,,,,GFL,XTSE,Toronto Stock Exchange,CAD
251,Americas,North America,Canada,Cgi Inc. Class A Subordinate  Voting Shares,Software & IT Services,Software & Digital Services,,CA12532H1047,,,,GIB.A,XTSE,Toronto Stock Exchange,CAD
252,Americas,North America,Canada,Gildan Activewear Inc.,Textiles & Apparel,Textiles & Apparel,,CA3759161035,,,,GIL,XTSE,Toronto Stock Exchange,CAD
253,Americas,North America,Canada,Canada Goose Holdings Inc. Subordinate Voting Shares,Textiles & Apparel,Textiles & Apparel,,,,,,GOOS,XTSE,Toronto Stock Exchange,CAD
254,Americas,North America,Canada,Granite Real Estate Investment Trust,Real Estate Investment Trusts (REITs),Mining,,,,,,GRT.UN,XTSE,Toronto Stock Exchange,CAD
255,Americas,North America,Canada,Grown Rogue International,Pharmaceuticals,Pharmaceuticals,,,GRUSFNOM,,,GRUSF,OTCM,OTC Markets,USD
256,Americas,North America,Canada,Goeasy Ltd.,Banking Services,Banking,,,,,,GSY,XTSE,Toronto Stock Exchange,CAD
257,Americas,North America,Canada,Great-West Lifeco Inc.,Insurance,Insurance,,CA39138C1068,,,,GWO,XTSE,Toronto Stock Exchange,CAD
258,Americas,North America,Canada,Hydro One Limited,Electrical Utilities & IPPs,Utilities,,CA4488112083,,,,H,XTSE,Toronto Stock Exchange,CAD
259,Americas,North America,Canada,Hudbay Minerals Inc.,Metals & Mining,Mining,,,,,,HBM,XTSE,Toronto Stock Exchange,CAD
260,Americas,North America,Canada,Home Capital Group Inc.,Natural Gas Utilities,Utilities,,,,,,HCG,XTSE,Toronto Stock Exchange,CAD
261,Americas,North America,Canada,H&R Real Estate Investment Trust,Real Estate Investment Trusts (REITs),Mining,,,,,,HR.UN,XTSE,Toronto Stock Exchange,CAD
262,Americas,North America,Canada,Headwater Exploration Inc.,Oil & Gas,Oil & Gas,,,,,,HWX,XTSE,Toronto Stock Exchange,CAD
263,Americas,North America,Canada,Ia Financial Corporation Inc.,Insurance,Insurance,,CA45075E1043,,,,IAG,XTSE,Toronto Stock Exchange,CAD
264,Americas,North America,Canada,Intact Financial Corporation,Insurance,Insurance,,CA45823T1066,,,,IFC,XTSE,Toronto Stock Exchange,CAD
265,Americas,North America,Canada,Interfor Corporation,Paper & Forest Products,Paper & Forest Products,,,,,,IFP,XTSE,Toronto Stock Exchange,CAD
266,Americas,North America,Canada,Igm Financial Inc.,Investment Banking & Investment Services,Investment Services,,CA4495861060,,,,IGM,XTSE,Toronto Stock Exchange,CAD
267,Americas,North America,Canada,Interrent Real Estate Investment Trust,Real Estate Investment Trusts (REITs),Real Estate Investment Trusts (REITs),,,,,,IIP.UN,XTSE,Toronto Stock Exchange,CAD
268,Americas,North America,Canada,Iamgold Corporation,Metals & Mining,Mining,,,,,,IMG,XTSE,Toronto Stock Exchange,CAD
269,Americas,North America,Canada,Imperial Oil Limited,Oil & Gas,Oil & Gas,,CA4530384086,,,,IMO,XTSE,Toronto Stock Exchange,CAD
270,Americas,North America,Canada,Innergex Renewable Energy Inc.,Renewable Energy,Renewable Energy,,,,,,INE,XTSE,Toronto Stock Exchange,CAD
271,Americas,North America,Canada,International Petroleum Corporation,Oil & Gas,Oil & Gas,,,,,,IPCO,XTSE,Toronto Stock Exchange,CAD
272,Americas,North America,Canada,Ivanhoe Mines Ltd.,Metals & Mining,Mining,,CA46579R1047,,,,IVN,XTSE,Toronto Stock Exchange,CAD
273,Americas,North America,Canada,Jamieson Wellness Inc.,Food & Tobacco,Food & Beverage,,,,,,JWEL,XTSE,Toronto Stock Exchange,CAD
274,Americas,North America,Canada,Kinross Gold Corporation,Metals & Mining,Mining,,CA4969024047,,,,K,XTSE,Toronto Stock Exchange,CAD
275,Americas,North America,Canada,Keyera Corp.,Oil & Gas,Oil & Gas,,CA4932711001,,,,KEY,XTSE,Toronto Stock Exchange,CAD
276,Americas,North America,Canada,Killam Apartment Real Estate Investment Trust,Real Estate Investment Trusts (REITs),Real Estate Investment Trusts (REITs),,,,,,KMP.UN,XTSE,Toronto Stock Exchange,CAD
277,Americas,North America,Canada,K92 Mining Inc.,Metals & Mining,Mining,,,,,,KNT,XTSE,Toronto Stock Exchange,CAD
278,Americas,North America,Canada,Kinaxis Inc.,Software & IT Services,Software & Digital Services,,,,,,KXS,XTSE,Toronto Stock Exchange,CAD
279,Americas,North America,Canada,Loblaw Companies Limited,Food & Drug Retailing,Food Retail,,CA5394811015,,,,L,XTSE,Toronto Stock Exchange,CAD
280,Americas,North America,Canada,Lithium Americas Corp.,Metals & Mining,Mining,,,,,,LAC,XTSE,Toronto Stock Exchange,CAD
281,Americas,North America,Canada,Laurentian Bank Of Canada,Banking Services,Banking,,,,,,LB,XTSE,Toronto Stock Exchange,CAD
282,Americas,North America,Canada,Labrador Iron Ore Royalty Corporation,Metals & Mining,Mining,,,,,,LIF,XTSE,Toronto Stock Exchange,CAD
283,Americas,North America,Canada,Linamar Corporation,Automobiles & Auto Parts,Automotive,,,,,,LNR,XTSE,Toronto Stock Exchange,CAD
284,Americas,North America,Canada,Lightspeed Commerce Inc. Subordinate Voting Shares,Software & IT Services,Software & Digital Services,,,,,,LSPD,XTSE,Toronto Stock Exchange,CAD
285,Americas,North America,Canada,Lundin Gold Inc.,Metals & Mining,Mining,,,,,,LUG,XTSE,Toronto Stock Exchange,CAD
286,Americas,North America,Canada,Lululemon Athletica Inc.,Textiles & Apparel,Textiles & Apparel,550021109,US5500211090,B23FN39,,1397187,LULU,XNAS,Nasdaq Stock Market,USD
287,Americas,North America,Canada,Lundin Mining Corporation,Metals & Mining,Mining,,CA5503721063,,,,LUN,XTSE,Toronto Stock Exchange,CAD
288,Americas,North America,Canada,Mag Silver Corp.,Metals & Mining,Mining,,,,,,MAG,XTSE,Toronto Stock Exchange,CAD
289,Americas,North America,Canada,Meg Energy Corp.,Homebuilding & Construction Supplies,Residential Construction,,,,,,MEG,XTSE,Toronto Stock Exchange,CAD
290,Americas,North America,Canada,Manulife Financial Corporation,Insurance,Insurance,,CA56501R1064,,,,MFC,XTSE,Toronto Stock Exchange,CAD
291,Americas,North America,Canada,Maple Leaf Foods Inc.,Food & Tobacco,Food & Beverage,,,,,,MFI,XTSE,Toronto Stock Exchange,CAD
292,Americas,North America,Canada,Magna International Inc.,Automobiles & Auto Parts,Automotive,,CA5592224011,,,,MG,XTSE,Toronto Stock Exchange,CAD
293,Americas,North America,Canada,Metro Inc.,Food & Drug Retailing,Food Retail,,CA59162N1096,,,,MRU,XTSE,Toronto Stock Exchange,CAD
294,Americas,North America,Canada,Mullen Group Ltd.,Freight & Logistics Services,Logistics,,,,,,MTL,XTSE,Toronto Stock Exchange,CAD
295,Americas,North America,Canada,Mty Food Group Inc.,Hotels & Entertainment Services,"Leisure, Hospitality & Travel",,,,,,MTY,XTSE,Toronto Stock Exchange,CAD
296,Americas,North America,Canada,Methanex Corporation,Chemicals,Chemicals,,,,,,MX,XTSE,Toronto Stock Exchange,CAD
298,Americas,North America,Canada,Novagold Resources Inc.,Metals & Mining,Mining,,,,,,NG,XTSE,Toronto Stock Exchange,CAD
299,Americas,North America,Canada,Northland Power Inc.,Electrical Utilities & IPPs,Utilities,,CA6665111002,,,,NPI,XTSE,Toronto Stock Exchange,CAD
300,Americas,North America,Canada,Nutrien Ltd.,Chemicals,Chemicals,,CA67077M1086,,,,NTR,XTSE,Toronto Stock Exchange,CAD
301,Americas,North America,Canada,Nuvista Energy Ltd.,Metals & Mining,Mining,,,,,,NVA,XTSE,Toronto Stock Exchange,CAD
302,Americas,North America,Canada,Nuvei Corporation Subordinate Voting Shares,FinTech,FinTech,,CA67079A1021,,,,NVEI,XTSE,Toronto Stock Exchange,CAD
303,Americas,North America,Canada,North West Company Inc. (The),Food & Drug Retailing,Food Retail,,,,,,NWC,XTSE,Toronto Stock Exchange,CAD
304,Americas,North America,Canada,Northwest Healthcare Properties Real Estate Investment Trust,Construction & Engineering,Construction & Engineering,,,,,,NWH.UN,XTSE,Toronto Stock Exchange,CAD
305,Americas,North America,Canada,Nexgen Energy Ltd.,Uranium,Uranium,,,,,,NXE,XTSE,Toronto Stock Exchange,CAD
306,Americas,North America,Canada,Oceanagold Corporation,Metals & Mining,Mining,,,,,,OGC,XTSE,Toronto Stock Exchange,CAD
307,Americas,North America,Canada,Onex Corporation Subordinate Voting Shares,Investment Banking & Investment Services,Investment Services,,CA68272K1030,,,,ONEX,XTSE,Toronto Stock Exchange,CAD
308,Americas,North America,Canada,Osisko Gold Royalties Ltd,Metals & Mining,Mining,,,,,,OR,XTSE,Toronto Stock Exchange,CAD
309,Americas,North America,Canada,Osisko Mining Inc.,"Machinery, Equipment & Components",Machinery,,,,,,OSK,XTSE,Toronto Stock Exchange,CAD
310,Americas,North America,Canada,Open Text Corporation,Software & IT Services,Software & Digital Services,,CA6837151068,,,,OTEX,XTSE,Toronto Stock Exchange,CAD
311,Americas,North America,Canada,Pan American Silver Corp.,Metals & Mining,Mining,,CA6979001089,,,,PAAS,XTSE,Toronto Stock Exchange,CAD
312,Americas,North America,Canada,Premium Brands Holdings Corporation,Food & Tobacco,Food & Beverage,,,,,,PBH,XTSE,Toronto Stock Exchange,CAD
313,Americas,North America,Canada,Precision Drilling Corporation,Oil & Gas Related Equipment and Services,Energy Equipment & Services,,,,,,PD,XTSE,Toronto Stock Exchange,CAD
314,Americas,North America,Canada,Pet Valu Holdings Ltd.,Specialty Retailers,Retail,,,,,,PET,XTSE,Toronto Stock Exchange,CAD
315,Americas,North America,Canada,Peyto Exploration & Development Corp.,Oil & Gas,Oil & Gas,,,,,,PEY,XTSE,Toronto Stock Exchange,CAD
316,Americas,North America,Canada,Parkland Corporation,Oil & Gas,Oil & Gas,,CA70137W1086,,,,PKI,XTSE,Toronto Stock Exchange,CAD
317,Americas,North America,Canada,Park Lawn Corporation,Renewable Energy,Renewable Energy,,,,,,PLC,XTSE,Toronto Stock Exchange,CAD
318,Americas,North America,Canada,Primaris Real Estate Investment Trust,Real Estate Investment Trusts (REITs),Real Estate Investment Trusts (REITs),,,,,,PMZ.UN,XTSE,Toronto Stock Exchange,CAD
319,Americas,North America,Canada,Paramount Resources Ltd. Class A Common Shares,Oil & Gas,Oil & Gas,,,,,,POU,XTSE,Toronto Stock Exchange,CAD
320,Americas,North America,Canada,Power Corporation Of Canada Subordinate Voting Shares,Insurance,Insurance,,CA7392391016,,,,POW,XTSE,Toronto Stock Exchange,CAD
321,Americas,North America,Canada,Pembina Pipeline Corporation,Oil & Gas Related Equipment and Services,Energy Equipment & Services,,CA7063271034,,,,PPL,XTSE,Toronto Stock Exchange,CAD
322,Americas,North America,Canada,Primo Water Corporation,Water Utilities,Water Utilities,,,,,,PRMW,XTSE,Toronto Stock Exchange,CAD
323,Americas,North America,Canada,Pason Systems Inc.,Oil & Gas Related Equipment and Services,Energy Equipment & Services,,,,,,PSI,XTSE,Toronto Stock Exchange,CAD
324,Americas,North America,Canada,Prairiesky Royalty Ltd.,Oil & Gas,Oil & Gas,,,,,,PSK,XTSE,Toronto Stock Exchange,CAD
325,Americas,North America,Canada,Parex Resources Inc.,Oil & Gas,Oil & Gas,,,,,,PXT,XTSE,Toronto Stock Exchange,CAD
326,Americas,North America,Canada,Quebecor Inc. Class B Subordinate Voting Shares,Telecommunications Services,Telecommunications,,CA7481932084,,,,QBR.B,XTSE,Toronto Stock Exchange,CAD
327,Americas,North America,Canada,Restaurant Brands International Inc.,Hotels & Entertainment Services,"Leisure, Hospitality & Travel",,CA76131D1033,,,,QSR,XTSE,Toronto Stock Exchange,CAD
328,Americas,North America,Canada,Professional & Commercial Services,Professional & Commercial Services,Professional Services,,CA74935Q1072,,,,RBA,XTSE,Toronto Stock Exchange,CAD
329,Americas,North America,Canada,Richelieu Hardware Ltd.,Homebuilding & Construction Supplies,Residential Construction,,,,,,RCH,XTSE,Toronto Stock Exchange,CAD
330,Americas,North America,Canada,Rogers Communications Inc. Class B Non-Voting Shares,Telecommunications Services,Telecommunications,,CA7751092007,,,,RCI.B,XTSE,Toronto Stock Exchange,CAD
331,Americas,North America,Canada,Riocan Real Estate Investment Trust,Real Estate Investment Trusts (REITs),Real Estate Investment Trusts (REITs),,CA7669101031,,,,REI.UN,XTSE,Toronto Stock Exchange,CAD
332,Americas,North America,Canada,Transalta Renewables Inc.,Electrical Utilities & IPPs,Utilities,,,,,,RNW,XTSE,Toronto Stock Exchange,CAD
333,Americas,North America,Canada,Russel Metals Inc.,Metals & Mining,Mining,,,,,,RUS,XTSE,Toronto Stock Exchange,CAD
334,Americas,North America,Canada,Royal Bank Of Canada,Banking Services,Banking,,CA7800871021,,,,RY,XTSE,Toronto Stock Exchange,CAD
335,Americas,North America,Canada,Saputo Inc.,Food & Tobacco,Food & Beverage,,CA8029121057,,,,SAP,XTSE,Toronto Stock Exchange,CAD
336,Americas,North America,Canada,Spartan Delta Corp.,Oil & Gas,Oil & Gas,,,,,,SDE,XTSE,Toronto Stock Exchange,CAD
337,Americas,North America,Canada,Seabridge Gold Inc.,Metals & Mining,Mining,,,,,,SEA,XTSE,Toronto Stock Exchange,CAD
338,Americas,North America,Canada,Secure Energy Services Inc.,Professional & Commercial Services,Professional Services,,,,,,SES,XTSE,Toronto Stock Exchange,CAD
339,Americas,North America,Canada,Shopify,Software & IT Services,Software & Digital Services,82509L107,CA82509L1076,,,1594805,SHOP,XNAS,Nasdaq Stock Market,USD
340,Americas,North America,Canada,Sienna Senior Living Inc.,Healthcare Providers & Services,Healthcare Providers & Services,,,,,,SIA,XTSE,Toronto Stock Exchange,CAD
341,Americas,North America,Canada,Sprott Inc.,Investment Banking & Investment Services,Investment Services,,,,,,SII,XTSE,Toronto Stock Exchange,CAD
342,Americas,North America,Canada,Silvercrest Metals Inc.,Mining,Mining,,,,,,SIL,XTSE,Toronto Stock Exchange,CAD
343,Americas,North America,Canada,Stella-Jones Inc.,Paper & Forest Products,Paper & Forest Products,,,,,,SJ,XTSE,Toronto Stock Exchange,CAD
344,Americas,North America,Canada,Sun Life Financial Inc.,Insurance,Insurance,,CA8667961053,,,,SLF,XTSE,Toronto Stock Exchange,CAD
345,Americas,North America,Canada,Snc-Lavalin Group Inc.,"Machinery, Equipment & Components",Machinery,,,,,,SNC,XTSE,Toronto Stock Exchange,CAD
346,Americas,North America,Canada,Superior Plus Corp.,Natural Gas Utilities,Utilities,,,,,,SPB,XTSE,Toronto Stock Exchange,CAD
347,Americas,North America,Canada,Smartcentres Real Estate Investment Trust,Real Estate Investment Trusts (REITs),Real Estate Investment Trusts (REITs),,,,,,SRU.UN,XTSE,Toronto Stock Exchange,CAD
348,Americas,North America,Canada,Sandstorm Gold Ltd.,Mining,Mining,,,,,,SSL,XTSE,Toronto Stock Exchange,CAD
349,Americas,North America,Canada,Ssr Mining Inc.,Metals & Mining,Mining,,,,,,SSRM,XTSE,Toronto Stock Exchange,CAD
350,Americas,North America,Canada,Stelco Holdings Inc.,Mining,Mining,,,,,,STLC,XTSE,Toronto Stock Exchange,CAD
351,Americas,North America,Canada,Stantec Inc.,Construction & Engineering,Construction & Engineering,,,,,,STN,XTSE,Toronto Stock Exchange,CAD
352,Americas,North America,Canada,Suncor Energy Inc.,Oil & Gas,Oil & Gas,,CA8672241079,,,,SU,XTSE,Toronto Stock Exchange,CAD
353,Americas,North America,Canada,Storagevault Canada Inc.,Real Estate Operations,Real Estate,,,,,,SVI,XTSE,Toronto Stock Exchange,CAD
354,Americas,North America,Canada,Telus Corporation,Telecommunications Services,Telecommunications,,CA87971M1032,,,,T,XTSE,Toronto Stock Exchange,CAD
355,Americas,North America,Canada,Transalta Corporation,Electrical Utilities & IPPs,Utilities,,,,,,TA,XTSE,Toronto Stock Exchange,CAD
356,Americas,North America,Canada,Transcontinental Inc. Class A Subordinate Voting Shares,Containers & Packaging,Packaging,,,,,,TCL.A,XTSE,Toronto Stock Exchange,CAD
357,Americas,North America,Canada,Tricon Residential Inc.,Real Estate,Real Estate,,,,,,TCN,XTSE,Toronto Stock Exchange,CAD
358,Americas,North America,Canada,Toronto-Dominion Bank (The),Banking Services,Banking,,CA8911605092,,,,TD,XTSE,Toronto Stock Exchange,CAD
359,Americas,North America,Canada,Teck Resources Limited Class B Subordinate Voting Shares,Metals & Mining,Mining,,CA8787422044,,,,TECK.B,XTSE,Toronto Stock Exchange,CAD
360,Americas,North America,Canada,Tfi International Inc.,Freight & Logistics Services,Logistics,,CA87241L1094,,,,TFII,XTSE,Toronto Stock Exchange,CAD
361,Americas,North America,Canada,Toromont Industries Ltd.,"Machinery, Equipment & Components",Machinery,,CA8911021050,,,,TIH,XTSE,Toronto Stock Exchange,CAD
362,Americas,North America,Canada,Telus International (Cda) Inc. Subordinate Voting Shares,Professional Services,Professional Services,,,,,,TIXT,XTSE,Toronto Stock Exchange,CAD
363,Americas,North America,Canada,Tilray Brands Inc.,Pharmaceuticals,Pharmaceuticals,,,,,,TLRY,XTSE,Toronto Stock Exchange,CAD
364,Americas,North America,Canada,Tourmaline Oil Corp.,Oil & Gas,Oil & Gas,,CA89156V1067,,,,TOU,XTSE,Toronto Stock Exchange,CAD
365,Americas,North America,Canada,Spin Master Corp. Subordinate Voting Shares,Leisure Products,Leisure Products,,,,,,TOY,XTSE,Toronto Stock Exchange,CAD
366,Americas,North America,Canada,Topaz Energy Corp.,Oil & Gas,Oil & Gas,,,,,,TPZ,XTSE,Toronto Stock Exchange,CAD
367,Americas,North America,Canada,Thomson Reuters Corporation,Pharmaceuticals,Pharmaceuticals,,CA8849038085,,,,TRI,XTSE,Toronto Stock Exchange,CAD
368,Americas,North America,Canada,Tc Energy Corporation,Pharmaceuticals,Pharmaceuticals,,CA87807B1076,,,,TRP,XTSE,Toronto Stock Exchange,CAD
369,Americas,North America,Canada,Terrascend Corp,Food & Drug Retailing,Food Retail,,,9E+112,,,TSNDF,OTCM,OTC Markets,USD
370,Americas,North America,Canada,Trisura Group Ltd.,Insurance,Insurance,,,,,,TSU,XTSE,Toronto Stock Exchange,CAD
371,Americas,North America,Canada,Tamarack Valley Energy Ltd.,Oil & Gas,Oil & Gas,,,,,,TVE,XTSE,Toronto Stock Exchange,CAD
372,Americas,North America,Canada,Torex Gold Resources Inc.,Metals & Mining,Mining,,,,,,TXG,XTSE,Toronto Stock Exchange,CAD
373,Americas,North America,Canada,Vermilion Energy Inc.,Oil & Gas,Oil & Gas,,,,,,VET,XTSE,Toronto Stock Exchange,CAD
374,Americas,North America,Canada,Vapen Mj Ventures,Healthcare Providers & Services,Healthcare Providers & Services,,,VEXTFNOM,,,VEXTF,OTCM,OTC Markets,USD
375,Americas,North America,Canada,Waste Connections Inc.,Professional & Commercial Services,Professional Services,,,,,,WCN,XTSE,Toronto Stock Exchange,CAD
376,Americas,North America,Canada,Whitecap Resources Inc.,Oil & Gas,Oil & Gas,,,,,,WCP,XTSE,Toronto Stock Exchange,CAD
377,Americas,North America,Canada,Wesdome Gold Mines Ltd.,Metals & Mining,Mining,,,,,,WDO,XTSE,Toronto Stock Exchange,CAD
378,Americas,North America,Canada,West Fraser Timber Co. Ltd.,Paper & Forest Products,Paper & Forest Products,,CA9528451052,,,,WFG,XTSE,Toronto Stock Exchange,CAD
379,Americas,North America,Canada,George Weston Limited,Food & Drug Retailing,Food Retail,,CA9611485090,,,,WN,XTSE,Toronto Stock Exchange,CAD
380,Americas,North America,Canada,Winpak Ltd.,Containers & Packaging,Packaging,,,,,,WPK,XTSE,Toronto Stock Exchange,CAD
381,Americas,North America,Canada,Wheaton Precious Metals Corp.,Metals & Mining,Mining,,CA9628791027,,,,WPM,XTSE,Toronto Stock Exchange,CAD
382,Americas,North America,Canada,Wsp Global Inc.,Construction & Engineering,Construction & Engineering,,CA92938W2022,,,,WSP,XTSE,Toronto Stock Exchange,CAD
383,Americas,North America,Canada,Westshore Terminals Investment Corporation,Transport Infrastructure,Transportation Infrastructure,,,,,,WTE,XTSE,Toronto Stock Exchange,CAD
384,Americas,North America,Canada,Tmx Group Limited,Investment Banking & Investment Services,Investment Services,,CA87262K1057,,,,X,XTSE,Toronto Stock Exchange,CAD
385,Americas,Latin America,Chile,Aguas Andinas Sa,Water Utilities,Water Utilities,S23112386,CL0000000035,2311238,,,AGUAS-A,XSGO,Santiago Stock Exchange,CLP
386,Americas,Latin America,Chile,"Andina Bottling Company, Inc.",Beverages,Food & Beverage,S23114549,CLP3697S1034,2311454,,,ANDINA-B,XSGO,Santiago Stock Exchange,CLP
387,Americas,Latin America,Chile,Banco De Credito E Inversiones,Banking Services,Banking,S20693552,CLP321331116,2069355,,,BCI,XSGO,Santiago Stock Exchange,CLP
388,Americas,Latin America,Chile,Banco Santander-Chile,Banking Services,Banking,S20002572,CLP1506A1070,2000257,,,BSANTANDER,XSGO,Santiago Stock Exchange,CLP
389,Americas,Latin America,Chile,Cap Sa,Metals & Mining,Mining,S21743125,CLP256251073,2174312,,,CAP,XSGO,Santiago Stock Exchange,CLP
390,Americas,Latin America,Chile,"United Breweries Company, Inc",Beverages,Food & Beverage,S21961891,CLP249051044,2196189,,,CCU,XSGO,Santiago Stock Exchange,CLP
391,Americas,Latin America,Chile,Cencosud Sa,Food & Drug Retailing,Food Retail,,CL0000000100,B00R3L2,,,CENCOSUD,XSGO,Santiago Stock Exchange,CLP
392,Americas,Latin America,Chile,Bank Of Chile,Banking Services,Banking,S21008453,CLP0939W1081,2100845,,,CHILE,XSGO,Santiago Stock Exchange,CLP
393,Americas,Latin America,Chile,Empresas Cmpc Sa,Paper & Forest Products,Paper & Forest Products,S21960158,CL0000001314,2196015,,,CMPC,XSGO,Santiago Stock Exchange,CLP
394,Americas,Latin America,Chile,Colbun Sa,Electrical Utilities & IPPs,Utilities,S23092554,CLP3615W1037,2309255,,,COLBUN,XSGO,Santiago Stock Exchange,CLP
395,Americas,Latin America,Chile,Concha Y Toro Winery Inc.,Beverages,Food & Beverage,S29322203,CLP9796J1008,2932220,,,CONCHATORO,XSGO,Santiago Stock Exchange,CLP
396,Americas,Latin America,Chile,Empresas Copec Sa,Oil & Gas,Oil & Gas,S21960265,CLP7847L1080,2196026,,,COPEC,XSGO,Santiago Stock Exchange,CLP
397,Americas,Latin America,Chile,Engie Energia Chile Sa,Electrical Utilities & IPPs,Utilities,,CL0001583070,BWXTK30,,,ECL,XSGO,Santiago Stock Exchange,CLP
398,Americas,Latin America,Chile,Enel Americas Sa,Electrical Utilities & IPPs,Utilities,S22994537,CLP371861061,2299453,,,ENELAM,XSGO,Santiago Stock Exchange,CLP
399,Americas,Latin America,Chile,Enel Chile Sa,Electrical Utilities & IPPs,Utilities,,CL0002266774,BYMLZD6,,,ENELCHILE,XSGO,Santiago Stock Exchange,CLP
400,Americas,Latin America,Chile,Empresa Nacional De Telecomunicaciones Sa,Telecommunications Services,Telecommunications,S22976286,CLP371151059,2297628,,,ENTEL,XSGO,Santiago Stock Exchange,CLP
401,Americas,Latin America,Chile,Falabella Sa,Diversified Retail,Retail,S27716729,CLP3880F1085,2771672,,,FALABELLA,XSGO,Santiago Stock Exchange,CLP
402,Americas,Latin America,Chile,Inversiones Aguas Metropolitanas Sa,Water Utilities,Water Utilities,,CL0000001256,B0LD0L8,,,IAM,XSGO,Santiago Stock Exchange,CLP
403,Americas,Latin America,Chile,Banco Itau Chile,Banking Services,Banking,,CL0002841873,BN100C1,,,ITAUCL,XSGO,Santiago Stock Exchange,CLP
404,Americas,Latin America,Chile,Plaza Sa,Real Estate Operations,Real Estate,,CL0002456714,BYVW0G8,,,MALLPLAZA,XSGO,Santiago Stock Exchange,CLP
405,Americas,Latin America,Chile,Sociedad De Inversiones Oro Blanco Sa,Chemicals,Chemicals,S24582322,CLP8716G1059,2458232,,,ORO BLANCO,XSGO,Santiago Stock Exchange,CLP
406,Americas,Latin America,Chile,Parque Arauco Sa,Real Estate Operations,Real Estate,S26843490,CLP763281068,2684349,,,PARAUCO,XSGO,Santiago Stock Exchange,CLP
407,Americas,Latin America,Chile,Grupo Security Sa,Financial Services,Financial Services,S27843242,CLP6808Q1068,2784324,,,SECURITY,XSGO,Santiago Stock Exchange,CLP
408,Americas,Latin America,Chile,Smu Sa,Food & Drug Retailing,Food Retail,,CL0002132620,BSPC6B9,,,SMU,XSGO,Santiago Stock Exchange,CLP
409,Americas,Latin America,Chile,Sociedad Quimica Y Minera De Chile Sa,Chemicals,Chemicals,S27183011,CLP8716X1082,2718301,,,SQM-B,XSGO,Santiago Stock Exchange,CLP
410,Americas,Latin America,Chile,Compania Sud Americana De Vapores Sa,Freight & Logistics Services,Logistics,S21963384,CLP3064M1019,2196338,,,VAPORES,XSGO,Santiago Stock Exchange,CLP
411,Americas,South America,Mexico,Arca Continental Sab De Cv,Beverages,Food & Beverage,,MX01AC100006,,,,AC*,XMEX,Mexican Stock Exchange,MXN
412,Americas,South America,Mexico,Alfa Sab De Cv,Industrials,Industrials,,MXP000511016,,,,ALFAA,XMEX,Mexican Stock Exchange,MXN
413,Americas,South America,Mexico,America Mobile,Telecommunications Services,Telecommunications,,MX01AM050019,,,,AMXB,XMEX,Mexican Stock Exchange,MXN
414,Americas,South America,Mexico,Southeast Airport Group,Transport Infrastructure,Transportation Infrastructure,,MXP001661018,,,,ASURB,XMEX,Mexican Stock Exchange,MXN
415,Americas,South America,Mexico,Banco Del Bajio Sa Institucion De Banca Multiple,Banking Services,Banking,,MX41BB000000,,,,BBAJIOO,XMEX,Mexican Stock Exchange,MXN
416,Americas,South America,Mexico,Grupo Bimbo Sab De Cv,Food & Tobacco,Food & Beverage,,MXP495211262,,,,BIMBOA,XMEX,Mexican Stock Exchange,MXN
417,Americas,South America,Mexico,Cemex Publicly Traded Stock Corporation With Variable Capital,Construction Materials,Construction Materials,,MXP225611567,,,,CEMEXCPO,XMEX,Mexican Stock Exchange,MXN
418,Americas,South America,Mexico,Fibra Uno Administracion Sa De Cv,Residential & Commercial REIT,Real Estate Investment Trusts (REITs),,MXCFFU000001,,,,FUNO11,XMEX,Mexican Stock Exchange,MXN
419,Americas,South America,Mexico,"Pacific Airport Group, S.A.B. De Cv",Transport Infrastructure,Transportation Infrastructure,,MX01GA000004,,,,GAPB,XMEX,Mexican Stock Exchange,MXN
420,Americas,South America,Mexico,Grupo Carso Sab De Cv,Consumer Goods Conglomerates,Diversified Consumer Goods,,MXP461181085,,,,GCARSOA1,XMEX,Mexican Stock Exchange,MXN
421,Americas,South America,Mexico,Grupo Financiero Inbursa Sab De Cv,Banking Services,Banking,,MXP370641013,,,,GFINBURO,XMEX,Mexican Stock Exchange,MXN
422,Americas,South America,Mexico,Grupo Financiero Banorte Sab De Cv,Banking Services,Banking,,MXP370711014,,,,GFNORTEO,XMEX,Mexican Stock Exchange,MXN
423,Americas,South America,Mexico,Grupo Mexico Sab De Cv,Metals & Mining,Mining,,MXP370841019,,,,GMEXICOB,XMEX,Mexican Stock Exchange,MXN
424,Americas,South America,Mexico,Gruma Sab De Cv,Food & Tobacco,Food & Beverage,,MXP4948K1056,,,,GRUMAB,XMEX,Mexican Stock Exchange,MXN
425,Americas,South America,Mexico,Kimberly-Clark De Mexico Sab De Cv,Personal & Household Products & Services,Household Products,,MXP606941179,,,,KIMBERA,XMEX,Mexican Stock Exchange,MXN
426,Americas,South America,Mexico,Coca-Cola Femsa Sab De Cv,Beverages,Food & Beverage,,MX01KO000002,,,,KOFUBL,XMEX,Mexican Stock Exchange,MXN
427,Americas,South America,Mexico,Orbia Advance Corporation Sab De Cv,Chemicals,Chemicals,,MX01OR010004,,,,ORBIA*,XMEX,Mexican Stock Exchange,MXN
428,Americas,South America,Mexico,Industrias Penoles Sab De Cv,Metals & Mining,Mining,,MXP554091415,,,,PE&OLES*,XMEX,Mexican Stock Exchange,MXN
429,Americas,South America,Mexico,Promotora Y Operadora De Infraestructura Sab De Cv,Transport Infrastructure,Transportation Infrastructure,,MX01PI000005,,,,PINFRA*,XMEX,Mexican Stock Exchange,MXN
430,Americas,South America,Mexico,Operadora De Sites Mexicanos Sa De Cv,Telecommunications,Telecommunications,,MX01SI0C0002,,,,SITES1A.1,XMEX,Mexican Stock Exchange,MXN
431,Americas,South America,Mexico,Grupo Televisa Sab,Media & Publishing,Media,,MXP4987V1378,,,,TLEVISACPO,XMEX,Mexican Stock Exchange,MXN
432,Americas,South America,Mexico,Walmart Inc.,Food & Drug Retailing,Food Retail,,MX01WA000038,,,,WMT*,XMEX,Mexican Stock Exchange,MXN
433,Americas,Latin America,Peru,Credicorp Ltd,Banking Services,Banking,G2519Y108,BMG2519Y1084,2232878,,,BAP,XNYS,New York Stock Exchange,USD
434,Americas,Latin America,Peru,Buenaventura Adr Representing,Metals & Mining,Mining,204448104,US2044481040,2210476,,,BVN,XNYS,New York Stock Exchange,USD
435,Americas,Latin America,Peru,Intercorp Financial Services Inc,Banking Services,Banking,,PAL2400671A3,BK8WRM8,,,IFS,XNYS,New York Stock Exchange,USD
436,Americas,Latin America,Peru,Southern Copper Corp,Metals & Mining,Mining,84265V105,US84265V1052,2823777,,,SCCO,XNYS,New York Stock Exchange,USD
437,Americas,North America,United States,Agilent Technologies Inc,Healthcare Equipment & Supplies,Medical Devices,00846U101,US00846U1016,2520153,,1090872,A,XNYS,New York Stock Exchange,USD
438,Americas,North America,United States,Apple Inc,"Computers, Phones & Household Electronics",Consumer Electronics,37833100,US0378331005,2046251,,320193,AAPL,XNAS,Nasdaq Stock Market,USD
439,Americas,North America,United States,Abbvie Inc,Pharmaceuticals,Pharmaceuticals,00287Y109,US00287Y1091,B92SR70,,1551152,ABBV,XNYS,New York Stock Exchange,USD
440,Americas,North America,United States,Airbnb Inc Class A,Software & IT Services,Software & Digital Services,9066101,US0090661010,BMGYYH4,,155972,ABNB,XNAS,Nasdaq Stock Market,USD
441,Americas,North America,United States,Abbott Laboratories,Healthcare Equipment & Supplies,Medical Devices,2824100,US0028241000,2002305,,1800,ABT,XNYS,New York Stock Exchange,USD
442,Americas,North America,United States,Arch Capital Group Ltd,Insurance,Insurance,G0450A105,BMG0450A1053,2740542,,947484,ACGL,XNAS,Nasdaq Stock Market,USD
443,Americas,North America,United States,Accenture Plc Class A,Software & IT Services,Software & Digital Services,G1151C101,IE00B4BNMY34,B4BNMY3,,1467373,ACN,XNYS,New York Stock Exchange,USD
444,Americas,North America,United States,Adobe Inc,Software & IT Services,Software & Digital Services,00724F101,US00724F1012,2008154,,796343,ADBE,XNAS,Nasdaq Stock Market,USD
445,Americas,North America,United States,Analog Devices Inc,Semiconductors & Semiconductor Equipment,Semiconductors,32654105,US0326541051,2032067,,6281,ADI,XNAS,Nasdaq Stock Market,USD
446,Americas,North America,United States,Archer Daniels Midland,Food & Tobacco,Food & Beverage,39483102,US0394831020,2047317,,7084,ADM,XNYS,New York Stock Exchange,USD
447,Americas,North America,United States,Automatic Data Processing Inc,Professional & Commercial Services,Professional Services,53015103,US0530151036,2065308,,8670,ADP,XNAS,Nasdaq Stock Market,USD
448,Americas,North America,United States,Autodesk Inc,Software & IT Services,Software & Digital Services,52769106,US0527691069,2065159,,769397,ADSK,XNAS,Nasdaq Stock Market,USD
449,Americas,North America,United States,Ameren Corp,Multiline Utilities,Utilities,23608102,US0236081024,2050832,,1002910,AEE,XNYS,New York Stock Exchange,USD
450,Americas,North America,United States,American Electric Power Inc,Electrical Utilities & IPPs,Utilities,25537101,US0255371017,2026242,,4904,AEP,XNAS,Nasdaq Stock Market,USD
451,Americas,North America,United States,Aflac Inc,Insurance,Insurance,1055102,US0010551028,2026361,,4977,AFL,XNYS,New York Stock Exchange,USD
452,Americas,North America,United States,Affirm Holdings Inc Class A,Financial Technology (Fintech) & Infrastructure,FinTech,00827B106,US00827B1061,BMF9NM8,,1820953,AFRM,XNAS,Nasdaq Stock Market,USD
453,Americas,North America,United States,American International Group Inc,Insurance,Insurance,26874784,US0268747849,2027342,,5272,AIG,XNYS,New York Stock Exchange,USD
454,Americas,North America,United States,Arthur J Gallagher,Insurance,Insurance,363576109,US3635761097,2359506,,354190,AJG,XNYS,New York Stock Exchange,USD
455,Americas,North America,United States,Astera Labs Inc,Semiconductors & Semiconductor Equipment,Semiconductors,04626A103,US04626A1034,BMTQ7V2,,1736297,ALAB,XNAS,Nasdaq Stock Market,USD
456,Americas,North America,United States,Allstate Corp,Insurance,Insurance,20002101,US0200021014,2019952,,899051,ALL,XNYS,New York Stock Exchange,USD
457,Americas,North America,United States,Allegion Plc,Communications & Networking,Communications Equipment,,IE00BFRT3W74,BFRT3W7,,1579241,ALLE,XNYS,New York Stock Exchange,USD
458,Americas,North America,United States,Alnylam Pharmaceuticals Inc,Pharmaceuticals,Pharmaceuticals,02043Q107,US02043Q1076,B00FWN1,,1178670,ALNY,XNAS,Nasdaq Stock Market,USD
459,Americas,North America,United States,Applied Material Inc,Semiconductors & Semiconductor Equipment,Semiconductors,38222105,US0382221051,2046552,,6951,AMAT,XNAS,Nasdaq Stock Market,USD
460,Americas,North America,United States,Amcor Plc,Containers & Packaging,Packaging,,JE00BV7DQ550,BV7DQ55,,1748790,AMCR,XNYS,New York Stock Exchange,USD
461,Americas,North America,United States,Advanced Micro Devices Inc,Semiconductors & Semiconductor Equipment,Semiconductors,7903107,US0079031078,2007849,,2488,AMD,XNAS,Nasdaq Stock Market,USD
462,Americas,North America,United States,Ametek Inc,"Machinery, Equipment & Components",Machinery,31100100,US0311001004,2089212,,1037868,AME,XNYS,New York Stock Exchange,USD
463,Americas,North America,United States,Amgen Inc,Pharmaceuticals,Pharmaceuticals,31162100,US0311621009,2023607,,318154,AMGN,XNAS,Nasdaq Stock Market,USD
464,Americas,North America,United States,Ameriprise Finance Inc,Investment Banking & Investment Services,Investment Services,03076C106,US03076C1062,B0J7D57,,820027,AMP,XNYS,New York Stock Exchange,USD
465,Americas,North America,United States,Amrize Ag,Construction Materials,Construction Materials,,CH1430134226,BV5F675,,2079720,AMRZ,XNYS,New York Stock Exchange,USD
466,Americas,North America,United States,American Tower Reit Corp,Residential & Commercial REIT,Real Estate Investment Trusts (REITs),03027X100,US03027X1000,B7FBFL2,,1053507,AMT,XNYS,New York Stock Exchange,USD
467,Americas,North America,United States,Amazon.Com Inc,Diversified Retail,Retail,23135106,US0231351067,2000019,,1018724,AMZN,XNAS,Nasdaq Stock Market,USD
468,Americas,North America,United States,Arista Networks Inc,Communications & Networking,Communications Equipment,40413205,US0404132054,BL9XPM3,,1596532,ANET,XNYS,New York Stock Exchange,USD
469,Americas,North America,United States,Aon Plc Class A,Insurance,Insurance,,IE00BLP1HW54,BLP1HW5,,315293,AON,XNYS,New York Stock Exchange,USD
470,Americas,North America,United States,Air Products And Chemicals Inc,Chemicals,Chemicals,9158106,US0091581068,2011602,,2969,APD,XNYS,New York Stock Exchange,USD
471,Americas,North America,United States,Amphenol Corp Class A,Electronic Equipment & Parts,Communications Equipment,32095101,US0320951017,2145084,,820313,APH,XNYS,New York Stock Exchange,USD
472,Americas,North America,United States,Apollo Global Management Inc,Collective Investments,Investment Services,03769M106,US03769M1062,BN44JF6,,1858681,APO,XNYS,New York Stock Exchange,USD
473,Americas,North America,United States,Applovin Corp Class A,Software & IT Services,Software & Digital Services,03831W108,US03831W1080,BMV3LG4,,1751008,APP,XNAS,Nasdaq Stock Market,USD
474,Americas,North America,United States,Aptiv Plc,Automobiles & Auto Parts,Automotive,,JE00BTDN8H13,BTDN8H1,,1521332,APTV,XNYS,New York Stock Exchange,USD
475,Americas,North America,United States,Ares Management Corp Class A,Investment Banking & Investment Services,Investment Services,03990B101,US03990B1017,BF14BT1,,1176948,ARES,XNYS,New York Stock Exchange,USD
476,Americas,North America,United States,Ast Spacemobile Inc Class A,Telecommunications Services,Telecommunications,00217D100,US00217D1000,BNLZ3X8,,1780312,ASTS,XNAS,Nasdaq Stock Market,USD
477,Americas,North America,United States,Atmos Energy Corp,Natural Gas Utilities,Utilities,49560105,US0495601058,2315359,,731802,ATO,XNYS,New York Stock Exchange,USD
478,Americas,North America,United States,Avalonbay Communities Reit Inc,Residential & Commercial REIT,Real Estate Investment Trusts (REITs),53484101,US0534841012,2131179,,915912,AVB,XNYS,New York Stock Exchange,USD
479,Americas,North America,United States,Broadcom Inc,Semiconductors & Semiconductor Equipment,Semiconductors,11135F101,US11135F1012,BDZ78H9,,1730168,AVGO,XNAS,Nasdaq Stock Market,USD
480,Americas,North America,United States,Avery Dennison Corp,Containers & Packaging,Packaging,53611109,US0536111091,2066408,,8818,AVY,XNYS,New York Stock Exchange,USD
481,Americas,North America,United States,American Water Works Inc,Water Utilities,Water Utilities,30420103,US0304201033,B2R3PV1,,1410636,AWK,XNYS,New York Stock Exchange,USD
482,Americas,North America,United States,Axon Enterprise Inc,Aerospace & Defense,Aerospace & Defense,05464C101,US05464C1018,BDT5S35,,1069183,AXON,XNAS,Nasdaq Stock Market,USD
483,Americas,North America,United States,American Express,Banking Services,Banking,25816109,US0258161092,2026082,,4962,AXP,XNYS,New York Stock Exchange,USD
484,Americas,North America,United States,Autozone Inc,Specialty Retailers,Retail,53332102,US0533321024,2065955,,866787,AZO,XNYS,New York Stock Exchange,USD
485,Americas,North America,United States,Boeing,Aerospace & Defense,Aerospace & Defense,97023105,US0970231058,2108601,,12927,BA,XNYS,New York Stock Exchange,USD
486,Americas,North America,United States,Bank Of America Corp,Banking Services,Banking,60505104,US0605051046,2295677,,70858,BAC,XNYS,New York Stock Exchange,USD
487,Americas,North America,United States,Ball Corp,Containers & Packaging,Packaging,58498106,US0584981064,2073022,,9389,BALL,XNYS,New York Stock Exchange,USD
488,Americas,North America,United States,Best Buy Inc,Specialty Retailers,Retail,86516101,US0865161014,2094670,,764478,BBY,XNYS,New York Stock Exchange,USD
489,Americas,North America,United States,Becton Dickinson,Healthcare Equipment & Supplies,Medical Devices,75887109,US0758871091,2087807,,10795,BDX,XNYS,New York Stock Exchange,USD
490,Americas,North America,United States,Bloom Energy Class A Corp,"Machinery, Equipment & Components",Machinery,93712107,US0937121079,BDD1BB8,,1664703,BE,XNYS,New York Stock Exchange,USD
491,Americas,North America,United States,Bunge Global Sa,Food & Tobacco,Food & Beverage,,CH1300646267,BQ6BPG9,,1144519,BG,XNYS,New York Stock Exchange,USD
492,Americas,North America,United States,Biogen Inc,Pharmaceuticals,Pharmaceuticals,09062X103,US09062X1037,2455965,,875045,BIIB,XNAS,Nasdaq Stock Market,USD
493,Americas,North America,United States,Booking Holdings Inc,Hotels & Entertainment Services,"Leisure, Hospitality & Travel",09857L108,US09857L1089,BDRXDB4,,1075531,BKNG,XNAS,Nasdaq Stock Market,USD
494,Americas,North America,United States,Baker Hughes Class A,Oil & Gas Related Equipment and Services,Energy Equipment & Services,05722G100,US05722G1004,BDHLTQ5,,1701605,BKR,XNAS,Nasdaq Stock Market,USD
495,Americas,North America,United States,Blackrock Inc,Investment Banking & Investment Services,Investment Services,09290D101,US09290D1019,BMZBBT7,,1364742,BLK,XNYS,New York Stock Exchange,USD
496,Americas,North America,United States,Bristol Myers Squibb,Pharmaceuticals,Pharmaceuticals,110122108,US1101221083,2126335,,14272,BMY,XNYS,New York Stock Exchange,USD
497,Americas,North America,United States,Bank Of New York Mellon Corp,Investment Banking & Investment Services,Investment Services,64058100,US0640581007,B1Z77F6,,1390777,BNY,XNYS,New York Stock Exchange,USD
498,Americas,North America,United States,Broadridge Financial Solutions Inc,Professional & Commercial Services,Professional Services,11133T103,US11133T1034,B1VP7R6,,1383312,BR,XNYS,New York Stock Exchange,USD
499,Americas,North America,United States,Berkshire Hathaway Inc Class B,Consumer Goods Conglomerates,Diversified Consumer Goods,84670702,US0846707026,2073390,,1067983,BRKB,XNYS,New York Stock Exchange,USD
500,Americas,North America,United States,Brown & Brown Inc,Insurance,Insurance,115236101,US1152361010,2692687,,79282,BRO,XNYS,New York Stock Exchange,USD
501,Americas,North America,United States,Boston Scientific Corp,Healthcare Equipment & Supplies,Medical Devices,101137107,US1011371077,2113434,,885725,BSX,XNYS,New York Stock Exchange,USD
502,Americas,North America,United States,Burlington Stores Inc,Specialty Retailers,Retail,122017106,US1220171060,BF311Y5,,1579298,BURL,XNYS,New York Stock Exchange,USD
503,Americas,North America,United States,Blackstone Inc,Investment Banking & Investment Services,Investment Services,09260D107,US09260D1072,BKF2SL7,,1393818,BX,XNYS,New York Stock Exchange,USD
504,Americas,North America,United States,Citigroup Inc,Investment Banking & Investment Services,Investment Services,172967424,US1729674242,2297907,,831001,C,XNYS,New York Stock Exchange,USD
505,Americas,North America,United States,Cardinal Health Inc,Pharmaceuticals,Pharmaceuticals,14149Y108,US14149Y1082,2175672,,721371,CAH,XNYS,New York Stock Exchange,USD
506,Americas,North America,United States,Carrier Global Corp,"Machinery, Equipment & Components",Machinery,14448C104,US14448C1045,BK4N0D7,,1783180,CARR,XNYS,New York Stock Exchange,USD
507,Americas,North America,United States,Caseys General Stores Inc,Food & Drug Retailing,Food Retail,147528103,US1475281036,2179414,,726958,CASY,XNAS,Nasdaq Stock Market,USD
508,Americas,North America,United States,Caterpillar Inc,Metals & Mining,Mining,149123101,US1491231015,2180201,,18230,CAT,XNYS,New York Stock Exchange,USD
509,Americas,North America,United States,Chubb,Insurance,Insurance,,CH0044328745,B3BQMF6,,896159,CB,XNYS,New York Stock Exchange,USD
510,Americas,North America,United States,Cboe Global Markets Inc,Investment Banking & Investment Services,Investment Services,12503M108,US12503M1080,B5834C5,,1374310,CBOE,XNAS,Nasdaq Stock Market,USD
511,Americas,North America,United States,Cbre Group Inc Class A,Real Estate Operations,Real Estate,12504L109,US12504L1098,B6WVMH3,,1138118,CBRE,XNYS,New York Stock Exchange,USD
512,Americas,North America,United States,Crown Castle Inc,Residential & Commercial REIT,Real Estate Investment Trusts (REITs),22822V101,US22822V1017,BTGQCX1,,1051470,CCI,XNYS,New York Stock Exchange,USD
513,Americas,North America,United States,Carnival Corp Ltd,Hotels & Entertainment Services,"Leisure, Hospitality & Travel",,BMG2004J1036,BVV7RC7,,815097,CCL,XNYS,New York Stock Exchange,USD
514,Americas,North America,United States,Coeur Mining Inc,Metals & Mining,Mining,192108504,US1921085049,2208136,,215466,CDE,XNYS,New York Stock Exchange,USD
515,Americas,North America,United States,Cadence Design Systems Inc,Software & IT Services,Software & Digital Services,127387108,US1273871087,2302232,,813672,CDNS,XNAS,Nasdaq Stock Market,USD
516,Americas,North America,United States,Cdw Corp,Integrated Hardware & Software,Technology Platforms,12514G108,US12514G1085,BBM5MD6,,1402057,CDW,XNAS,Nasdaq Stock Market,USD
517,Americas,North America,United States,Constellation Energy Corp,Electrical Utilities & IPPs,Utilities,21037T109,US21037T1097,BMH4FS1,,1868275,CEG,XNAS,Nasdaq Stock Market,USD
518,Americas,North America,United States,Cf Industries Holdings Inc,Chemicals,Chemicals,125269100,US1252691001,B0G4K50,,1324404,CF,XNYS,New York Stock Exchange,USD
519,Americas,North America,United States,Citizens Financial Group Inc,Banking Services,Banking,174610105,US1746101054,BQRX1X3,,759944,CFG,XNYS,New York Stock Exchange,USD
520,Americas,North America,United States,Carlyle Group Inc,Investment Banking & Investment Services,Investment Services,14316J108,US14316J1088,BKRTG56,,1527166,CG,XNAS,Nasdaq Stock Market,USD
521,Americas,North America,United States,Church And Dwight Inc,Personal & Household Products & Services,Household Products,171340102,US1713401024,2195841,,313927,CHD,XNYS,New York Stock Exchange,USD
522,Americas,North America,United States,Ch Robinson Worldwide Inc,Freight & Logistics Services,Logistics,12541W209,US12541W2098,2116228,,1043277,CHRW,XNAS,Nasdaq Stock Market,USD
523,Americas,North America,United States,Charter Communications Inc Class A,Telecommunications Services,Telecommunications,16119P108,US16119P1084,BZ6VT82,,1091667,CHTR,XNAS,Nasdaq Stock Market,USD
524,Americas,North America,United States,Cigna,Healthcare Providers & Services,Healthcare Providers & Services,125523100,US1255231003,BHJ0775,,1739940,CI,XNYS,New York Stock Exchange,USD
525,Americas,North America,United States,Ciena Corp,Communications & Networking,Communications Equipment,171779309,US1717793095,B1FLZ21,,936395,CIEN,XNYS,New York Stock Exchange,USD
526,Americas,North America,United States,Cincinnati Financial Corp,Insurance,Insurance,172062101,US1720621010,2196888,,20286,CINF,XNAS,Nasdaq Stock Market,USD
527,Americas,North America,United States,Colgate-Palmolive,Personal & Household Products & Services,Household Products,194162103,US1941621039,2209106,,21665,CL,XNYS,New York Stock Exchange,USD
528,Americas,North America,United States,Clorox,Personal & Household Products & Services,Household Products,189054109,US1890541097,2204026,,21076,CLX,XNYS,New York Stock Exchange,USD
529,Americas,North America,United States,Comcast Corp Class A,Telecommunications Services,Telecommunications,20030N101,US20030N1019,2044545,,1166691,CMCSA,XNAS,Nasdaq Stock Market,USD
530,Americas,North America,United States,Cme Group Inc Class A,Investment Banking & Investment Services,Investment Services,12572Q105,US12572Q1058,2965839,,1156375,CME,XNAS,Nasdaq Stock Market,USD
531,Americas,North America,United States,Chipotle Mexican Grill Inc,Hotels & Entertainment Services,"Leisure, Hospitality & Travel",169656105,US1696561059,B0X7DZ3,,1058090,CMG,XNYS,New York Stock Exchange,USD
532,Americas,North America,United States,Cummins Inc,Automobiles & Auto Parts,Automotive,231021106,US2310211063,2240202,,26172,CMI,XNYS,New York Stock Exchange,USD
533,Americas,North America,United States,Cms Energy Corp,Multiline Utilities,Utilities,125896100,US1258961002,2219224,,811156,CMS,XNYS,New York Stock Exchange,USD
534,Americas,North America,United States,Centene Corp,Healthcare Providers & Services,Healthcare Providers & Services,15135B101,US15135B1017,2807061,,1071739,CNC,XNYS,New York Stock Exchange,USD
535,Americas,North America,United States,Cnh Industrial N.V. Nv,"Machinery, Equipment & Components",Machinery,,NL0010545661,BDX85Z1,,1567094,CNH,XNYS,New York Stock Exchange,USD
536,Americas,North America,United States,Centerpoint Energy Inc,Multiline Utilities,Utilities,15189T107,US15189T1079,2440637,,1130310,CNP,XNYS,New York Stock Exchange,USD
537,Americas,North America,United States,Capital One Financial Corp,Banking Services,Banking,14040H105,US14040H1059,2654461,,927628,COF,XNYS,New York Stock Exchange,USD
538,Americas,North America,United States,Coherent Corp,Electronic Equipment & Parts,Communications Equipment,19247G107,US19247G1076,BNG8Z81,,820318,COHR,XNYS,New York Stock Exchange,USD
539,Americas,North America,United States,Coinbase Global Inc Class A,Financial Technology (Fintech) & Infrastructure,FinTech,19260Q107,US19260Q1076,BMC9P69,,1679788,COIN,XNAS,Nasdaq Stock Market,USD
540,Americas,North America,United States,Cooper Inc,Healthcare Equipment & Supplies,Medical Devices,216648501,US2166485019,BQPDXR3,,711404,COO,XNAS,Nasdaq Stock Market,USD
541,Americas,North America,United States,Conocophillips,Oil & Gas,Oil & Gas,20825C104,US20825C1045,2685717,,1163165,COP,XNYS,New York Stock Exchange,USD
542,Americas,North America,United States,Cencora Inc,Healthcare Equipment & Supplies,Medical Devices,3.07E+108,US03073E1055,2795393,,1140859,COR,XNYS,New York Stock Exchange,USD
543,Americas,North America,United States,Costco Wholesale Corp,Diversified Retail,Retail,22160K105,US22160K1051,2701271,,909832,COST,XNAS,Nasdaq Stock Market,USD
544,Americas,North America,United States,Corpay Inc,Professional & Commercial Services,Professional Services,219948106,US2199481068,BMX5GK7,,1175454,CPAY,XNYS,New York Stock Exchange,USD
545,Americas,North America,United States,Copart Inc,Software & IT Services,Software & Digital Services,217204106,US2172041061,2208073,,900075,CPRT,XNAS,Nasdaq Stock Market,USD
546,Americas,North America,United States,Corebridge Financial Inc,Insurance,Insurance,21871X109,US21871X1090,BMTX0G9,,2004744,CRBG,XNYS,New York Stock Exchange,USD
547,Americas,North America,United States,Circle Internet Group Inc Class A,Financial Technology (Fintech) & Infrastructure,FinTech,172573107,US1725731079,BL6K237,,1876042,CRCL,XNYS,New York Stock Exchange,USD
548,Americas,North America,United States,Credo Technology Group Holding Ltd,Semiconductors & Semiconductor Equipment,Semiconductors,,KYG254571055,BLD13F2,,1807794,CRDO,XNAS,Nasdaq Stock Market,USD
549,Americas,North America,United States,Crh Public Limited Plc,Construction Materials,Construction Materials,,IE0001827041,B01ZKD6,,849395,CRH,XNYS,New York Stock Exchange,USD
550,Americas,North America,United States,Salesforce Inc,Software & IT Services,Software & Digital Services,79466L302,US79466L3024,2310525,,1108524,CRM,XNYS,New York Stock Exchange,USD
551,Americas,North America,United States,Crowdstrike Holdings Inc Class A,Software & IT Services,Software & Digital Services,22788C105,US22788C1053,BJJP138,,1535527,CRWD,XNAS,Nasdaq Stock Market,USD
552,Americas,North America,United States,Coreweave Inc Class A,Software & IT Services,Software & Digital Services,21873S108,US21873S1087,BTTRKN7,,1769628,CRWV,XNAS,Nasdaq Stock Market,USD
553,Americas,North America,United States,Cisco Systems Inc,Communications & Networking,Communications Equipment,17275R102,US17275R1023,2198163,,858877,CSCO,XNAS,Nasdaq Stock Market,USD
554,Americas,North America,United States,Costar Group Inc,Software & IT Services,Software & Digital Services,22160N109,US22160N1090,2262864,,1057352,CSGP,XNAS,Nasdaq Stock Market,USD
555,Americas,North America,United States,Carlisle Companies Inc,Homebuilding & Construction Supplies,Residential Construction,142339100,US1423391002,2176318,,790051,CSL,XNYS,New York Stock Exchange,USD
556,Americas,North America,United States,Csx Corp,Freight & Logistics Services,Logistics,126408103,US1264081035,2160753,,277948,CSX,XNAS,Nasdaq Stock Market,USD
557,Americas,North America,United States,Cintas Corp,Professional & Commercial Services,Professional Services,172908105,US1729081059,2197137,,723254,CTAS,XNAS,Nasdaq Stock Market,USD
558,Americas,North America,United States,Cognizant Technology Solutions Cor,Software & IT Services,Software & Digital Services,192446102,US1924461023,2257019,,1058290,CTSH,XNAS,Nasdaq Stock Market,USD
559,Americas,North America,United States,Corteva Inc,Chemicals,Chemicals,22052L104,US22052L1044,BK73B42,,1755672,CTVA,XNYS,New York Stock Exchange,USD
560,Americas,North America,United States,Carvana Class A,Specialty Retailers,Retail,146869102,US1468691027,BYQHPG3,,1690820,CVNA,XNYS,New York Stock Exchange,USD
561,Americas,North America,United States,Cvs Health Corp,Healthcare Providers & Services,Healthcare Providers & Services,126650100,US1266501006,2577609,,64803,CVS,XNYS,New York Stock Exchange,USD
562,Americas,North America,United States,Chevron Corp,Oil & Gas,Oil & Gas,166764100,US1667641005,2838555,,93410,CVX,XNYS,New York Stock Exchange,USD
563,Americas,North America,United States,Curtiss Wright Corp,Aerospace & Defense,Aerospace & Defense,231561101,US2315611010,2241205,,26324,CW,XNYS,New York Stock Exchange,USD
564,Americas,North America,United States,Dominion Energy Inc,Electrical Utilities & IPPs,Utilities,25746U109,US25746U1097,2542049,,715957,D,XNYS,New York Stock Exchange,USD
565,Americas,North America,United States,Delta Air Lines Inc,Passenger Transportation Services,Transportation,247361702,US2473617023,B1W9D46,,27904,DAL,XNYS,New York Stock Exchange,USD
566,Americas,North America,United States,Doordash Inc Class A,Software & IT Services,Software & Digital Services,25809K105,US25809K1051,BN13P03,,1792789,DASH,XNAS,Nasdaq Stock Market,USD
567,Americas,North America,United States,Dupont De Nemours Inc,Chemicals,Chemicals,26614N201,US26614N2018,BW60F13,,1666700,DD,XNYS,New York Stock Exchange,USD
568,Americas,North America,United States,Datadog Inc Class A,Software & IT Services,Software & Digital Services,23804L103,US23804L1035,BKT9Y49,,156155,DDOG,XNAS,Nasdaq Stock Market,USD
569,Americas,North America,United States,Deere,"Machinery, Equipment & Components",Machinery,244199105,US2441991054,2261203,,315189,DE,XNYS,New York Stock Exchange,USD
570,Americas,North America,United States,Deckers Outdoor Corp,Textiles & Apparel,Textiles & Apparel,243537107,US2435371073,2267278,,910521,DECK,XNYS,New York Stock Exchange,USD
571,Americas,North America,United States,Dell Technologies Inc Class C,"Computers, Phones & Household Electronics",Consumer Electronics,24703L202,US24703L2025,BHKD3S6,,1571996,DELL,XNYS,New York Stock Exchange,USD
572,Americas,North America,United States,Dollar General Corp,Diversified Retail,Retail,256677105,US2566771059,B5B1S13,,29534,DG,XNYS,New York Stock Exchange,USD
573,Americas,North America,United States,Quest Diagnostics Inc,Healthcare Providers & Services,Healthcare Providers & Services,74834L100,US74834L1008,2702791,,1022079,DGX,XNYS,New York Stock Exchange,USD
574,Americas,North America,United States,D R Horton Inc,Homebuilding & Construction Supplies,Residential Construction,23331A109,US23331A1097,2250687,,882184,DHI,XNYS,New York Stock Exchange,USD
575,Americas,North America,United States,Danaher Corp,Healthcare Equipment & Supplies,Medical Devices,235851102,US2358511028,2250870,,313616,DHR,XNYS,New York Stock Exchange,USD
576,Americas,North America,United States,Walt Disney,Media & Publishing,Media,254687106,US2546871060,2270726,,1744489,DIS,XNYS,New York Stock Exchange,USD
577,Americas,North America,United States,Dicks Sporting Inc,Specialty Retailers,Retail,253393102,US2533931026,2969637,,1089063,DKS,XNYS,New York Stock Exchange,USD
578,Americas,North America,United States,Digital Realty Trust Reit Inc,Residential & Commercial REIT,Real Estate Investment Trusts (REITs),253868103,US2538681030,B03GQS4,,1297996,DLR,XNYS,New York Stock Exchange,USD
579,Americas,North America,United States,Dollar Tree Inc,Diversified Retail,Retail,256746108,US2567461080,2272476,,935703,DLTR,XNAS,Nasdaq Stock Market,USD
580,Americas,North America,United States,Dover Corp,"Machinery, Equipment & Components",Machinery,260003108,US2600031080,2278407,,29905,DOV,XNYS,New York Stock Exchange,USD
581,Americas,North America,United States,Dow Inc,Chemicals,Chemicals,260557103,US2605571031,BHXCF84,,1751788,DOW,XNYS,New York Stock Exchange,USD
582,Americas,North America,United States,Dominos Pizza Inc,Hotels & Entertainment Services,"Leisure, Hospitality & Travel",25754A201,US25754A2015,B01SD70,,1286681,DPZ,XNAS,Nasdaq Stock Market,USD
583,Americas,North America,United States,Darden Restaurants Inc,Hotels & Entertainment Services,"Leisure, Hospitality & Travel",237194105,US2371941053,2289874,,940944,DRI,XNYS,New York Stock Exchange,USD
584,Americas,North America,United States,Dte Energy,Electrical Utilities & IPPs,Utilities,233331107,US2333311072,2280220,,936340,DTE,XNYS,New York Stock Exchange,USD
585,Americas,North America,United States,Duke Energy Corp,Electrical Utilities & IPPs,Utilities,26441C204,US26441C2044,B7VD3F2,,1326160,DUK,XNYS,New York Stock Exchange,USD
586,Americas,North America,United States,Devon Energy Corp,Oil & Gas,Oil & Gas,25179M103,US25179M1036,2480677,,1090012,DVN,XNYS,New York Stock Exchange,USD
587,Americas,North America,United States,Dexcom Inc,Healthcare Equipment & Supplies,Medical Devices,252131107,US2521311074,B0796X4,,1093557,DXCM,XNAS,Nasdaq Stock Market,USD
588,Americas,North America,United States,Electronic Arts Inc,Software & IT Services,Software & Digital Services,285512109,US2855121099,2310194,,712515,EA,XNAS,Nasdaq Stock Market,USD
589,Americas,North America,United States,Ebay Inc,Software & IT Services,Software & Digital Services,278642103,US2786421030,2293819,,1065088,EBAY,XNAS,Nasdaq Stock Market,USD
590,Americas,North America,United States,Echostar Corp Class A,Telecommunications Services,Telecommunications,278768106,US2787681061,B2NC471,,1415404,ECHO,XNAS,Nasdaq Stock Market,USD
591,Americas,North America,United States,Ecolab Inc,Chemicals,Chemicals,278865100,US2788651006,2304227,,31462,ECL,XNYS,New York Stock Exchange,USD
592,Americas,North America,United States,Consolidated Edison Inc,Electrical Utilities & IPPs,Utilities,209115104,US2091151041,2216850,,1047862,ED,XNYS,New York Stock Exchange,USD
593,Americas,North America,United States,Equifax Inc,Professional & Commercial Services,Professional Services,294429105,US2944291051,2319146,,33185,EFX,XNYS,New York Stock Exchange,USD
594,Americas,North America,United States,Everest Group Ltd,Insurance,Insurance,G3223R108,BMG3223R1088,2556868,,1095073,EG,XNYS,New York Stock Exchange,USD
595,Americas,North America,United States,Edison International,Electrical Utilities & IPPs,Utilities,281020107,US2810201077,2829515,,827052,EIX,XNYS,New York Stock Exchange,USD
596,Americas,North America,United States,Estee Lauder Inc Class A,Personal & Household Products & Services,Household Products,518439104,US5184391044,2320524,,1001250,EL,XNYS,New York Stock Exchange,USD
597,Americas,North America,United States,Elevance Health Inc,Healthcare Providers & Services,Healthcare Providers & Services,36752103,US0367521038,BSPHGL4,,1156039,ELV,XNYS,New York Stock Exchange,USD
598,Americas,North America,United States,Emcor Group Inc,Oil & Gas,Oil & Gas,29084Q100,US29084Q1004,2474164,,105634,EME,XNYS,New York Stock Exchange,USD
599,Americas,North America,United States,Emerson Electric,"Machinery, Equipment & Components",Machinery,291011104,US2910111044,2313405,,32604,EMR,XNYS,New York Stock Exchange,USD
600,Americas,North America,United States,Entegris Inc,Semiconductors & Semiconductor Equipment,Semiconductors,29362U104,US29362U1043,2599700,,1101302,ENTG,XNAS,Nasdaq Stock Market,USD
601,Americas,North America,United States,Eog Resources Inc,Oil & Gas,Oil & Gas,26875P101,US26875P1012,2318024,,821189,EOG,XNYS,New York Stock Exchange,USD
602,Americas,North America,United States,Equinix Reit Inc,Residential & Commercial REIT,Real Estate Investment Trusts (REITs),29444U700,US29444U7000,BVLZX12,,1101239,EQIX,XNAS,Nasdaq Stock Market,USD
603,Americas,North America,United States,Equity Residential Reit,Residential & Commercial REIT,Real Estate Investment Trusts (REITs),29476L107,US29476L1070,2319157,,906107,EQR,XNYS,New York Stock Exchange,USD
604,Americas,North America,United States,Eqt Corp,Oil & Gas,Oil & Gas,26884L109,US26884L1098,2319414,,33213,EQT,XNYS,New York Stock Exchange,USD
605,Americas,North America,United States,Erie Indemnity Class A,Insurance,Insurance,29530P102,US29530P1021,2311711,,922621,ERIE,XNAS,Nasdaq Stock Market,USD
606,Americas,North America,United States,Eversource Energy,Electrical Utilities & IPPs,Utilities,30040W108,US30040W1080,BVVN4Q8,,72741,ES,XNYS,New York Stock Exchange,USD
607,Americas,North America,United States,Essex Property Trust Reit Inc,Residential & Commercial REIT,Real Estate Investment Trusts (REITs),297178105,US2971781057,2316619,,920522,ESS,XNYS,New York Stock Exchange,USD
608,Americas,North America,United States,Eaton Plc,"Machinery, Equipment & Components",Machinery,,IE00B8KQN827,B8KQN82,,1551182,ETN,XNYS,New York Stock Exchange,USD
609,Americas,North America,United States,Entergy Corp,Electrical Utilities & IPPs,Utilities,29364G103,US29364G1031,2317087,,65984,ETR,XNYS,New York Stock Exchange,USD
610,Americas,North America,United States,Evergy Inc,Electrical Utilities & IPPs,Utilities,30034W106,US30034W1062,BFMXGR0,,1711269,EVRG,XNAS,Nasdaq Stock Market,USD
611,Americas,North America,United States,Edwards Lifesciences Corp,Healthcare Equipment & Supplies,Medical Devices,2.82E+112,US28176E1082,2567116,,1099800,EW,XNYS,New York Stock Exchange,USD
612,Americas,North America,United States,Exelon Corp,Electrical Utilities & IPPs,Utilities,30161N101,US30161N1019,2670519,,1109357,EXC,XNAS,Nasdaq Stock Market,USD
613,Americas,North America,United States,Expand Energy Corp,Oil & Gas,Oil & Gas,165167735,US1651677353,BMZ5LZ5,,895126,EXE,XNAS,Nasdaq Stock Market,USD
614,Americas,North America,United States,Expeditors International Of Washin,Freight & Logistics Services,Logistics,302130109,US3021301094,2325507,,746515,EXPD,XNYS,New York Stock Exchange,USD
615,Americas,North America,United States,Expedia Group Inc,Hotels & Entertainment Services,"Leisure, Hospitality & Travel",30212P303,US30212P3038,B748CK2,,1324424,EXPE,XNAS,Nasdaq Stock Market,USD
616,Americas,North America,United States,Extra Space Storage Reit Inc,Residential & Commercial REIT,Real Estate Investment Trusts (REITs),30225T102,US30225T1025,B02HWR9,,1289490,EXR,XNYS,New York Stock Exchange,USD
617,Americas,North America,United States,Ford Motor Co,Automobiles & Auto Parts,Automotive,345370860,US3453708600,2615468,,37996,F,XNYS,New York Stock Exchange,USD
618,Americas,North America,United States,Diamondback Energy Inc,Oil & Gas,Oil & Gas,25278X109,US25278X1090,B7Y8YR3,,1539838,FANG,XNAS,Nasdaq Stock Market,USD
619,Americas,North America,United States,Fastenal,"Machinery, Equipment & Components",Machinery,311900104,US3119001044,2332262,,815556,FAST,XNAS,Nasdaq Stock Market,USD
620,Americas,North America,United States,First Citizens Bancshares Inc Clas,Banking Services,Banking,31946M103,US31946M1036,2355582,,798941,FCNCA,XNAS,Nasdaq Stock Market,USD
621,Americas,North America,United States,Freeport Mcmoran Inc,Metals & Mining,Mining,35671D857,US35671D8570,2352118,,831259,FCX,XNYS,New York Stock Exchange,USD
622,Americas,North America,United States,Fedex Corp,Freight & Logistics Services,Logistics,31428X106,US31428X1063,2142784,,1048911,FDX,XNYS,New York Stock Exchange,USD
623,Americas,North America,United States,Fedex Freight Holding Company Inc,Freight & Logistics Services,Logistics,314352105,US3143521058,BVSVT37,,2082247,FDXF,XNYS,New York Stock Exchange,USD
624,Americas,North America,United States,Firstenergy Corp,Electrical Utilities & IPPs,Utilities,337932107,US3379321074,2100920,,1031296,FE,XNYS,New York Stock Exchange,USD
625,Americas,North America,United States,Ferguson Enterprises Inc,Homebuilding & Construction Supplies,Residential Construction,31488V107,US31488V1070,BS6VHW3,,1832433,FERG,XNYS,New York Stock Exchange,USD
626,Americas,North America,United States,F5 Inc,Software & IT Services,Software & Digital Services,315616102,US3156161024,2427599,,1048695,FFIV,XNAS,Nasdaq Stock Market,USD
627,Americas,North America,United States,Fair Isaac Corp,Software & IT Services,Software & Digital Services,303250104,US3032501047,2330299,,814547,FICO,XNYS,New York Stock Exchange,USD
628,Americas,North America,United States,Fidelity National Information Serv,Financial Technology (Fintech) & Infrastructure,FinTech,31620M106,US31620M1062,2769796,,1136893,FIS,XNYS,New York Stock Exchange,USD
629,Americas,North America,United States,Fiserv Inc,Professional & Commercial Services,Professional Services,337738108,US3377381088,2342034,,798354,FISV,XNAS,Nasdaq Stock Market,USD
630,Americas,North America,United States,Fifth Third Bancorp,Banking Services,Banking,316773100,US3167731005,2336747,,35527,FITB,XNYS,New York Stock Exchange,USD
631,Americas,North America,United States,Comfort Systems Usa Inc,Construction & Engineering,Construction & Engineering,199908104,US1999081045,2036047,,1035983,FIX,XNYS,New York Stock Exchange,USD
632,Americas,North America,United States,Flex Ltd,Electronic Equipment & Parts,Communications Equipment,Y2573F102,SG9999000020,2353058,,866374,FLEX,XNAS,Nasdaq Stock Market,USD
633,Americas,North America,United States,Flutter Entertainment Plc,Hotels & Entertainment Services,"Leisure, Hospitality & Travel",,IE00BWT6H894,BWZMZF4,,1635327,FLUT,XNYS,New York Stock Exchange,USD
634,Americas,North America,United States,Fabrinet,Electronic Equipment & Parts,Communications Equipment,,KYG3323L1005,B4JSZL8,,1408710,FN,XNYS,New York Stock Exchange,USD
635,Americas,North America,United States,Fidelity National Financial Inc,Insurance,Insurance,31620R303,US31620R3030,BNBRDD4,,1331875,FNF,XNYS,New York Stock Exchange,USD
636,Americas,North America,United States,Fox Corp Class B,Media & Publishing,Media,35137L204,US35137L2043,BJJMGY5,,1754301,FOX,XNAS,Nasdaq Stock Market,USD
637,Americas,North America,United States,Fox Corp Class A,Media & Publishing,Media,35137L105,US35137L1052,BJJMGL2,,1754301,FOXA,XNAS,Nasdaq Stock Market,USD
638,Americas,North America,United States,First Solar Inc,Renewable Energy,Renewable Energy,336433107,US3364331070,B1HMF22,,1274494,FSLR,XNAS,Nasdaq Stock Market,USD
639,Americas,North America,United States,Ftai Aviation Ltd,Aerospace & Defense,Aerospace & Defense,,KYG3730V1059,BLKFTK4,,1590364,FTAI,XNAS,Nasdaq Stock Market,USD
640,Americas,North America,United States,Technipfmc Plc,Oil & Gas Related Equipment and Services,Energy Equipment & Services,,GB00BDSFG982,BDSFG98,,1681459,FTI,XNYS,New York Stock Exchange,USD
641,Americas,North America,United States,Fortinet Inc,Software & IT Services,Software & Digital Services,3.50E+113,US34959E1091,B5B2106,,1262039,FTNT,XNAS,Nasdaq Stock Market,USD
642,Americas,North America,United States,Fortive Corp,"Machinery, Equipment & Components",Machinery,34959J108,US34959J1088,BYT3MK1,,1659166,FTV,XNYS,New York Stock Exchange,USD
643,Americas,North America,United States,Liberty Media Formula One Series C,Media & Publishing,Media,531229755,US5312297550,BPLYVN5,,1560385,FWONK,XNAS,Nasdaq Stock Market,USD
644,Americas,North America,United States,General Dynamics Corp,Aerospace & Defense,Aerospace & Defense,369550108,US3695501086,2365161,,40533,GD,XNYS,New York Stock Exchange,USD
645,Americas,North America,United States,Ge Aerospace,Aerospace & Defense,Aerospace & Defense,369604301,US3696043013,BL59CR9,,40545,GE,XNYS,New York Stock Exchange,USD
646,Americas,North America,United States,Ge Healthcare Technologies Inc,Healthcare Equipment & Supplies,Medical Devices,36266G107,US36266G1076,BL6JPG8,,1932393,GEHC,XNAS,Nasdaq Stock Market,USD
647,Americas,North America,United States,Gen Digital Inc,Software & IT Services,Software & Digital Services,668771108,US6687711084,BJN4XN5,,849399,GEN,XNAS,Nasdaq Stock Market,USD
648,Americas,North America,United States,Ge Vernova Inc,Electrical Utilities & IPPs,Utilities,36828A101,US36828A1016,BP6H4Y1,,1996810,GEV,XNYS,New York Stock Exchange,USD
649,Americas,North America,United States,Graco Inc,"Machinery, Equipment & Components",Machinery,384109104,US3841091040,2380443,,42888,GGG,XNYS,New York Stock Exchange,USD
650,Americas,North America,United States,Gilead Sciences Inc,Pharmaceuticals,Pharmaceuticals,375558103,US3755581036,2369174,,882095,GILD,XNAS,Nasdaq Stock Market,USD
651,Americas,North America,United States,General Mills Inc,Food & Tobacco,Food & Beverage,370334104,US3703341046,2367026,,40704,GIS,XNYS,New York Stock Exchange,USD
652,Americas,North America,United States,Gaming And Leisure Properties Reit,Residential & Commercial REIT,Real Estate Investment Trusts (REITs),36467J108,US36467J1088,BFPK4S5,,1575965,GLPI,XNAS,Nasdaq Stock Market,USD
653,Americas,North America,United States,Corning Inc,Electronic Equipment & Parts,Communications Equipment,219350105,US2193501051,2224701,,24741,GLW,XNYS,New York Stock Exchange,USD
654,Americas,North America,United States,General Motors,Automobiles & Auto Parts,Automotive,37045V100,US37045V1008,B665KZ5,,1467858,GM,XNYS,New York Stock Exchange,USD
655,Americas,North America,United States,Alphabet Inc Class C,Software & IT Services,Software & Digital Services,02079K107,US02079K1079,BYY88Y7,,1652044,GOOG,XNAS,Nasdaq Stock Market,USD
656,Americas,North America,United States,Alphabet Inc Class A,Software & IT Services,Software & Digital Services,02079K305,US02079K3059,BYVY8G0,,1652044,GOOGL,XNAS,Nasdaq Stock Market,USD
657,Americas,North America,United States,Genuine Parts,Automobiles & Auto Parts,Automotive,372460105,US3724601055,2367480,,40987,GPC,XNYS,New York Stock Exchange,USD
658,Americas,North America,United States,Global Payments Inc,Professional & Commercial Services,Professional Services,37940X102,US37940X1028,2712013,,1123360,GPN,XNYS,New York Stock Exchange,USD
659,Americas,North America,United States,Garmin Ltd,Communications & Networking,Communications Equipment,,CH0114405324,B3Z5T14,,1121788,GRMN,XNYS,New York Stock Exchange,USD
660,Americas,North America,United States,Goldman Sachs Group Inc,Investment Banking & Investment Services,Investment Services,38141G104,US38141G1040,2407966,,886982,GS,XNYS,New York Stock Exchange,USD
661,Americas,North America,United States,Ww Grainger Inc,"Machinery, Equipment & Components",Machinery,384802104,US3848021040,2380863,,277135,GWW,XNYS,New York Stock Exchange,USD
662,Americas,North America,United States,Hyatt Hotels Corp Class A,Hotels & Entertainment Services,"Leisure, Hospitality & Travel",448579102,US4485791028,B5B82X4,,1468174,H,XNYS,New York Stock Exchange,USD
663,Americas,North America,United States,Halliburton,Oil & Gas Related Equipment and Services,Energy Equipment & Services,406216101,US4062161017,2405302,,45012,HAL,XNYS,New York Stock Exchange,USD
664,Americas,North America,United States,Huntington Bancshares Inc,Banking Services,Banking,446150104,US4461501045,2445966,,49196,HBAN,XNAS,Nasdaq Stock Market,USD
665,Americas,North America,United States,Hca Healthcare Inc,Healthcare Providers & Services,Healthcare Providers & Services,40412C101,US40412C1018,B4MGBG6,,860730,HCA,XNYS,New York Stock Exchange,USD
666,Americas,North America,United States,Home Depot Inc,Specialty Retailers,Retail,437076102,US4370761029,2434209,,354950,HD,XNYS,New York Stock Exchange,USD
667,Americas,North America,United States,Heico Corp,Aerospace & Defense,Aerospace & Defense,422806109,US4228061093,2419217,,46679,HEI,XNYS,New York Stock Exchange,USD
668,Americas,North America,United States,Heico Corp Class A,Beverages,Food & Beverage,422806208,US4228062083,2237561,,46679,HEIA,XNYS,New York Stock Exchange,USD
669,Americas,North America,United States,Hartford Insurance Group Inc,Insurance,Insurance,416515104,US4165151048,2476193,,874766,HIG,XNYS,New York Stock Exchange,USD
670,Americas,North America,United States,Hilton Worldwide Holdings Inc,Hotels & Entertainment Services,"Leisure, Hospitality & Travel",43300A203,US43300A2033,BYVMW06,,1585689,HLT,XNYS,New York Stock Exchange,USD
671,Americas,North America,United States,Honeywell International Inc,Consumer Goods Conglomerates,Diversified Consumer Goods,438516205,US4385162056,BN7RHC5,,773840,HON,XNAS,Nasdaq Stock Market,USD
672,Americas,North America,United States,Honeywell Aerospace Inc,Aerospace & Defense,Aerospace & Defense,43849R105,US43849R1059,BN7RHB4,,2089271,HONA,XNAS,Nasdaq Stock Market,USD
673,Americas,North America,United States,Robinhood Markets Inc Class A,Financial Technology (Fintech) & Infrastructure,FinTech,770700102,US7707001027,BP0TQN6,,1783879,HOOD,XNAS,Nasdaq Stock Market,USD
674,Americas,North America,United States,Hewlett Packard Enterprise,"Computers, Phones & Household Electronics",Consumer Electronics,42824C109,US42824C1099,BYVYWS0,,1645590,HPE,XNYS,New York Stock Exchange,USD
675,Americas,North America,United States,Hp Inc,"Computers, Phones & Household Electronics",Consumer Electronics,40434L105,US40434L1052,BYX4D52,,47217,HPQ,XNYS,New York Stock Exchange,USD
676,Americas,North America,United States,Hershey Foods,Food & Tobacco,Food & Beverage,427866108,US4278661081,2422806,,47111,HSY,XNYS,New York Stock Exchange,USD
677,Americas,North America,United States,Hubbell Inc,"Machinery, Equipment & Components",Machinery,443510607,US4435106079,BDFG6S3,,48898,HUBB,XNYS,New York Stock Exchange,USD
678,Americas,North America,United States,Humana Inc,Healthcare Providers & Services,Healthcare Providers & Services,444859102,US4448591028,2445063,,49071,HUM,XNYS,New York Stock Exchange,USD
679,Americas,North America,United States,Howmet Aerospace Inc,Aerospace & Defense,Aerospace & Defense,443201108,US4432011082,BKLJ8V2,,4281,HWM,XNYS,New York Stock Exchange,USD
680,Americas,North America,United States,Interactive Brokers Group Inc Clas,Investment Banking & Investment Services,Investment Services,45841N107,US45841N1072,B1WT4X2,,1381197,IBKR,XNAS,Nasdaq Stock Market,USD
681,Americas,North America,United States,International Business Machines Co,Software & IT Services,Software & Digital Services,459200101,US4592001014,2005973,,51143,IBM,XNYS,New York Stock Exchange,USD
682,Americas,North America,United States,Intercontinental Exchange Inc,Investment Banking & Investment Services,Investment Services,45866F104,US45866F1049,BFSSDS9,,1571949,ICE,XNYS,New York Stock Exchange,USD
683,Americas,North America,United States,Idexx Laboratories Inc,Healthcare Equipment & Supplies,Medical Devices,45168D104,US45168D1046,2459202,,874716,IDXX,XNAS,Nasdaq Stock Market,USD
684,Americas,North America,United States,Idex Corp,"Machinery, Equipment & Components",Machinery,45167R104,US45167R1041,2456612,,832101,IEX,XNYS,New York Stock Exchange,USD
685,Americas,North America,United States,International Flavors & Fragrances,Food & Tobacco,Food & Beverage,459506101,US4595061015,2464165,,51253,IFF,XNYS,New York Stock Exchange,USD
686,Americas,North America,United States,Illumina Inc,Healthcare Equipment & Supplies,Medical Devices,452327109,US4523271090,2613990,,1110803,ILMN,XNAS,Nasdaq Stock Market,USD
687,Americas,North America,United States,Incyte Corp,Pharmaceuticals,Pharmaceuticals,45337C102,US45337C1027,2471950,,879169,INCY,XNAS,Nasdaq Stock Market,USD
688,Americas,North America,United States,Insmed Inc,Biotechnology & Medical Research,Biotechnology,457669307,US4576693075,2614487,,1104506,INSM,XNAS,Nasdaq Stock Market,USD
689,Americas,North America,United States,Intel Corporation,Semiconductors & Semiconductor Equipment,Semiconductors,458140100,US4581401001,2463247,,50863,INTC,XNAS,Nasdaq Stock Market,USD
690,Americas,North America,United States,Intuit Inc,Financial Technology (Fintech) & Infrastructure,FinTech,461202103,US4612021034,2459020,,896878,INTU,XNAS,Nasdaq Stock Market,USD
691,Americas,North America,United States,Invitation Homes Inc,Residential & Commercial REIT,Real Estate Investment Trusts (REITs),46187W107,US46187W1071,BD81GW9,,1687229,INVH,XNYS,New York Stock Exchange,USD
692,Americas,North America,United States,Ionq Inc,"Computers, Phones & Household Electronics",Consumer Electronics,46222L108,US46222L1089,BP484B3,,1824920,IONQ,XNYS,New York Stock Exchange,USD
693,Americas,North America,United States,Samsara Inc Class A,Software & IT Services,Software & Digital Services,79589L106,US79589L1061,BPK3058,,1642896,IOT,XNYS,New York Stock Exchange,USD
694,Americas,North America,United States,International Paper,Containers & Packaging,Packaging,460146103,US4601461035,2465254,,51434,IP,XNYS,New York Stock Exchange,USD
695,Americas,North America,United States,Iqvia Holdings Inc,Biotechnology & Medical Research,Biotechnology,46266C105,US46266C1053,BDR73G1,,1478242,IQV,XNYS,New York Stock Exchange,USD
696,Americas,North America,United States,Ingersoll Rand Inc,"Machinery, Equipment & Components",Machinery,45687V106,US45687V1061,BL5GZ82,,1699150,IR,XNYS,New York Stock Exchange,USD
697,Americas,North America,United States,Iren Ltd,Financial Technology (Fintech) & Infrastructure,FinTech,,AU0000185993,BMQ80V2,,1878848,IREN,XNAS,Nasdaq Stock Market,USD
698,Americas,North America,United States,Iron Mountain Inc,Residential & Commercial REIT,Real Estate Investment Trusts (REITs),46284V101,US46284V1017,BVFTF03,,1020569,IRM,XNYS,New York Stock Exchange,USD
699,Americas,North America,United States,Intuitive Surgical Inc,Healthcare Equipment & Supplies,Medical Devices,46120E602,US46120E6023,2871301,,1035267,ISRG,XNAS,Nasdaq Stock Market,USD
700,Americas,North America,United States,Illinois Tool Inc,Consumer Goods Conglomerates,Diversified Consumer Goods,452308109,US4523081093,2457552,,49826,ITW,XNYS,New York Stock Exchange,USD
701,Americas,North America,United States,Jacobs Solutions Inc,Professional & Commercial Services,Professional Services,46982L108,US46982L1089,BNGC0D3,,52988,J,XNYS,New York Stock Exchange,USD
702,Americas,North America,United States,Jb Hunt Transport Services Inc,Freight & Logistics Services,Logistics,445658107,US4456581077,2445416,,728535,JBHT,XNAS,Nasdaq Stock Market,USD
703,Americas,North America,United States,Jabil Inc,Electronic Equipment & Parts,Communications Equipment,466313103,US4663131039,2471789,,898293,JBL,XNYS,New York Stock Exchange,USD
704,Americas,North America,United States,Johnson Controls International Plc,"Machinery, Equipment & Components",Machinery,,IE00BY7QL619,BY7QL61,,833444,JCI,XNYS,New York Stock Exchange,USD
705,Americas,North America,United States,Johnson & Johnson,Pharmaceuticals,Pharmaceuticals,478160104,US4781601046,2475833,,200406,JNJ,XNYS,New York Stock Exchange,USD
706,Americas,North America,United States,Jpmorgan Chase & Co,Banking Services,Banking,46625H100,US46625H1005,2190385,,19617,JPM,XNYS,New York Stock Exchange,USD
707,Americas,North America,United States,Keurig Dr Pepper Inc,Beverages,Food & Beverage,49271V100,US49271V1008,BD3W133,,1418135,KDP,XNAS,Nasdaq Stock Market,USD
708,Americas,North America,United States,Keycorp,Banking Services,Banking,493267108,US4932671088,2490911,,91576,KEY,XNYS,New York Stock Exchange,USD
709,Americas,North America,United States,Keysight Technologies Inc,"Machinery, Equipment & Components",Machinery,49338L103,US49338L1035,BQZJ0Q9,,1601046,KEYS,XNYS,New York Stock Exchange,USD
710,Americas,North America,United States,Kraft Heinz,Food & Tobacco,Food & Beverage,500754106,US5007541064,BYRY499,,1637459,KHC,XNAS,Nasdaq Stock Market,USD
711,Americas,North America,United States,Kimco Realty Reit Corp,Residential & Commercial REIT,Real Estate Investment Trusts (REITs),49446R109,US49446R1095,2491594,,879101,KIM,XNYS,New York Stock Exchange,USD
712,Americas,North America,United States,Kkr And Co Inc,Investment Banking & Investment Services,Investment Services,48251W104,US48251W1045,BG1FRR1,,1404912,KKR,XNYS,New York Stock Exchange,USD
713,Americas,North America,United States,Kla Corp,Semiconductors & Semiconductor Equipment,Semiconductors,482480100,US4824801009,2480138,,319201,KLAC,XNAS,Nasdaq Stock Market,USD
714,Americas,North America,United States,Kimberly Clark Corp,Personal & Household Products & Services,Household Products,494368103,US4943681035,2491839,,55785,KMB,XNAS,Nasdaq Stock Market,USD
715,Americas,North America,United States,Kinder Morgan Inc,Oil & Gas Related Equipment and Services,Energy Equipment & Services,49456B101,US49456B1017,B3NQ4P8,,1506307,KMI,XNYS,New York Stock Exchange,USD
716,Americas,North America,United States,Coca-Cola,Beverages,Food & Beverage,191216100,US1912161007,2206657,,21344,KO,XNYS,New York Stock Exchange,USD
717,Americas,North America,United States,Kroger,Food & Drug Retailing,Food Retail,501044101,US5010441013,2497406,,56873,KR,XNYS,New York Stock Exchange,USD
718,Americas,North America,United States,Kenvue Inc,Personal & Household Products & Services,Household Products,49177J102,US49177J1025,BQ84ZQ6,,1944048,KVUE,XNYS,New York Stock Exchange,USD
719,Americas,North America,United States,Loews Corp,Insurance,Insurance,540424108,US5404241086,2523022,,60086,L,XNYS,New York Stock Exchange,USD
720,Americas,North America,United States,Leidos Holdings Inc,Software & IT Services,Software & Digital Services,525327102,US5253271028,BDV82B8,,1336920,LDOS,XNYS,New York Stock Exchange,USD
721,Americas,North America,United States,Lennar A Corp Class A,Homebuilding & Construction Supplies,Residential Construction,526057104,US5260571048,2511920,,920760,LEN,XNYS,New York Stock Exchange,USD
722,Americas,North America,United States,Labcorp Holdings Inc,Healthcare Providers & Services,Healthcare Providers & Services,504922105,US5049221055,BSBK800,,920148,LH,XNYS,New York Stock Exchange,USD
723,Americas,North America,United States,L3Harris Technologies Inc,Aerospace & Defense,Aerospace & Defense,502431109,US5024311095,BK9DTN5,,202058,LHX,XNYS,New York Stock Exchange,USD
724,Americas,North America,United States,Lennox International Inc,"Machinery, Equipment & Components",Machinery,526107107,US5261071071,2442053,,1069202,LII,XNYS,New York Stock Exchange,USD
725,Americas,North America,United States,Linde Plc,Chemicals,Chemicals,,IE000S9YS762,BNZHB81,,1707925,LIN,XNAS,Nasdaq Stock Market,USD
726,Americas,North America,United States,Lumentum Holdings Inc,Communications & Networking,Communications Equipment,55024U109,US55024U1097,BYM9ZP2,,1633978,LITE,XNAS,Nasdaq Stock Market,USD
727,Americas,North America,United States,Eli Lilly,Pharmaceuticals,Pharmaceuticals,532457108,US5324571083,2516152,,59478,LLY,XNYS,New York Stock Exchange,USD
728,Americas,North America,United States,Lockheed Martin Corp,Aerospace & Defense,Aerospace & Defense,539830109,US5398301094,2522096,,936468,LMT,XNYS,New York Stock Exchange,USD
729,Americas,North America,United States,Cheniere Energy Inc,Oil & Gas Related Equipment and Services,Energy Equipment & Services,16411R208,US16411R2085,2654364,,357080,LNG,XNYS,New York Stock Exchange,USD
730,Americas,North America,United States,Alliant Energy Corp,Electrical Utilities & IPPs,Utilities,18802108,US0188021085,2973821,,352541,LNT,XNAS,Nasdaq Stock Market,USD
731,Americas,North America,United States,Lowes Companies Inc,Specialty Retailers,Retail,548661107,US5486611073,2536763,,60667,LOW,XNYS,New York Stock Exchange,USD
732,Americas,North America,United States,Lpl Financial Holdings Inc,Investment Banking & Investment Services,Investment Services,50212V100,US50212V1008,B75JX34,,1397911,LPLA,XNAS,Nasdaq Stock Market,USD
733,Americas,North America,United States,Lam Research Corp,Semiconductors & Semiconductor Equipment,Semiconductors,512807306,US5128073062,BSML4N7,,707549,LRCX,XNAS,Nasdaq Stock Market,USD
734,Americas,North America,United States,Lululemon Athletica Inc,Textiles & Apparel,Textiles & Apparel,550021109,US5500211090,B23FN39,,1397187,LULU,XNAS,Nasdaq Stock Market,USD
735,Americas,North America,United States,Las Vegas Sands Corp,Hotels & Entertainment Services,"Leisure, Hospitality & Travel",517834107,US5178341070,B02T2J7,,1300514,LVS,XNYS,New York Stock Exchange,USD
736,Americas,North America,United States,Lyondellbasell Industries Class A,Chemicals,Chemicals,,NL0009434992,B3SPXZ3,,1489393,LYB,XNYS,New York Stock Exchange,USD
737,Americas,North America,United States,Live Nation Entertainment Inc,Media & Publishing,Media,538034109,US5380341090,B0T7YX2,,1335258,LYV,XNYS,New York Stock Exchange,USD
738,Americas,North America,United States,Mastercard Inc Class A,Software & IT Services,Software & Digital Services,57636Q104,US57636Q1040,B121557,,1141391,MA,XNYS,New York Stock Exchange,USD
739,Americas,North America,United States,Mid America Apartment Communities,Residential & Commercial REIT,Real Estate Investment Trusts (REITs),59522J103,US59522J1034,2589132,,912595,MAA,XNYS,New York Stock Exchange,USD
740,Americas,North America,United States,Marriott International Inc Class A,Hotels & Entertainment Services,"Leisure, Hospitality & Travel",571903202,US5719032022,2210614,,1048286,MAR,XNAS,Nasdaq Stock Market,USD
741,Americas,North America,United States,Masco Corp,Homebuilding & Construction Supplies,Residential Construction,574599106,US5745991068,2570200,,62996,MAS,XNYS,New York Stock Exchange,USD
742,Americas,North America,United States,Mcdonalds Corp,Hotels & Entertainment Services,"Leisure, Hospitality & Travel",580135101,US5801351017,2550707,,63908,MCD,XNYS,New York Stock Exchange,USD
743,Americas,North America,United States,Microchip Technology Inc,Semiconductors & Semiconductor Equipment,Semiconductors,595017104,US5950171042,2592174,,827054,MCHP,XNAS,Nasdaq Stock Market,USD
744,Americas,North America,United States,Mckesson Corp,Pharmaceuticals,Pharmaceuticals,58155Q103,US58155Q1031,2378534,,927653,MCK,XNYS,New York Stock Exchange,USD
745,Americas,North America,United States,Moodys Corp,Professional & Commercial Services,Professional Services,615369105,US6153691059,2252058,,1059556,MCO,XNYS,New York Stock Exchange,USD
746,Americas,North America,United States,Mongodb Inc Class A,Software & IT Services,Software & Digital Services,60937P106,US60937P1066,BF2FJ99,,1441816,MDB,XNAS,Nasdaq Stock Market,USD
747,Americas,North America,United States,Medline Inc Class A,Healthcare Equipment & Supplies,Medical Devices,58507V107,US58507V1070,BNBV4B1,,2046386,MDLN,XNAS,Nasdaq Stock Market,USD
748,Americas,North America,United States,Mondelez International Inc Class A,Food & Tobacco,Food & Beverage,609207105,US6092071058,B8CKK03,,1103982,MDLZ,XNAS,Nasdaq Stock Market,USD
749,Americas,North America,United States,Medtronic Plc,Healthcare Equipment & Supplies,Medical Devices,G5960L103,IE00BTN1Y115,BTN1Y11,,1613103,MDT,XNYS,New York Stock Exchange,USD
750,Americas,North America,United States,Mercadolibre Inc,Software & IT Services,Software & Digital Services,58733R102,US58733R1023,B23X1H3,,1099590,MELI,XNAS,Nasdaq Stock Market,USD
751,Americas,North America,United States,Metlife Inc,Insurance,Insurance,59156R108,US59156R1086,2573209,,1099219,MET,XNYS,New York Stock Exchange,USD
752,Americas,North America,United States,Meta Platforms Inc Class A,Software & IT Services,Software & Digital Services,30303M102,US30303M1027,B7TL820,,1099219,META,XNAS,Nasdaq Stock Market,USD
753,Americas,North America,United States,Mccormick & Co Non-Voting Inc,Food & Tobacco,Food & Beverage,579780206,US5797802064,2550161,,63754,MKC,XNYS,New York Stock Exchange,USD
754,Americas,North America,United States,Markel Group Inc,Insurance,Insurance,570535104,US5705351048,2566436,,1096343,MKL,XNYS,New York Stock Exchange,USD
755,Americas,North America,United States,Martin Marietta Materials Inc,Construction Materials,Construction Materials,573284106,US5732841060,2572079,,916076,MLM,XNYS,New York Stock Exchange,USD
756,Americas,North America,United States,3M,Consumer Goods Conglomerates,Diversified Consumer Goods,88579Y101,US88579Y1010,2595708,,66740,MMM,XNYS,New York Stock Exchange,USD
757,Americas,North America,United States,Monster Beverage Corp,Beverages,Food & Beverage,61174X109,US61174X1090,BZ07BW4,,865752,MNST,XNAS,Nasdaq Stock Market,USD
758,Americas,North America,United States,Altria Group Inc,Food & Tobacco,Food & Beverage,02209S103,US02209S1033,2692632,,764180,MO,XNYS,New York Stock Exchange,USD
759,Americas,North America,United States,Marathon Petroleum Corp,Oil & Gas,Oil & Gas,56585A102,US56585A1025,B3K3L40,,1510295,MPC,XNYS,New York Stock Exchange,USD
760,Americas,North America,United States,Monolithic Power Systems Inc,Semiconductors & Semiconductor Equipment,Semiconductors,609839105,US6098391054,B01Z7J1,,1280452,MPWR,XNAS,Nasdaq Stock Market,USD
761,Americas,North America,United States,Merck & Co Inc,Pharmaceuticals,Pharmaceuticals,58933Y105,US58933Y1055,2778844,,310158,MRK,XNYS,New York Stock Exchange,USD
762,Americas,North America,United States,Marsh Inc,Insurance,Insurance,571748102,US5717481023,2567741,,62709,MRSH,XNYS,New York Stock Exchange,USD
763,Americas,North America,United States,Marvell Technology Inc,Semiconductors & Semiconductor Equipment,Semiconductors,573874104,US5738741041,BNKJSM5,,1835632,MRVL,XNAS,Nasdaq Stock Market,USD
764,Americas,North America,United States,Morgan Stanley,Investment Banking & Investment Services,Investment Services,617446448,US6174464486,2262314,,895421,MS,XNYS,New York Stock Exchange,USD
765,Americas,North America,United States,Msci Inc,Professional & Commercial Services,Professional Services,55354G100,US55354G1004,B2972D2,,1408198,MSCI,XNYS,New York Stock Exchange,USD
766,Americas,North America,United States,Microsoft Corp,Software & IT Services,Software & Digital Services,594918104,US5949181045,2588173,,789019,MSFT,XNAS,Nasdaq Stock Market,USD
767,Americas,North America,United States,Motorola Solutions Inc,Communications & Networking,Communications Equipment,620076307,US6200763075,B5BKPQ4,,68505,MSI,XNYS,New York Stock Exchange,USD
768,Americas,North America,United States,Strategy Inc Class A,Software & IT Services,Software & Digital Services,594972408,US5949724083,2974329,,1050446,MSTR,XNAS,Nasdaq Stock Market,USD
769,Americas,North America,United States,M&T Bank Corp,Banking Services,Banking,55261F104,US55261F1049,2340168,,36270,MTB,XNYS,New York Stock Exchange,USD
770,Americas,North America,United States,Mettler Toledo Inc,Office Equipment,Office Equipment,592688105,US5926881054,2126249,,1037646,MTD,XNYS,New York Stock Exchange,USD
771,Americas,North America,United States,Mastec Inc,Construction & Engineering,Construction & Engineering,576323109,US5763231090,2155306,,1050915,MTZ,XNYS,New York Stock Exchange,USD
772,Americas,North America,United States,Micron Technology Inc,Semiconductors & Semiconductor Equipment,Semiconductors,595112103,US5951121038,2588184,,723125,MU,XNAS,Nasdaq Stock Market,USD
773,Americas,North America,United States,Neurocrine Biosciences Inc,Pharmaceuticals,Pharmaceuticals,64125C109,US64125C1099,2623911,,914475,NBIX,XNAS,Nasdaq Stock Market,USD
774,Americas,North America,United States,Nasdaq Inc,Investment Banking & Investment Services,Investment Services,631103108,US6311031081,2965107,,1120193,NDAQ,XNAS,Nasdaq Stock Market,USD
775,Americas,North America,United States,Nordson Corp,"Machinery, Equipment & Components",Machinery,655663102,US6556631025,2641838,,72331,NDSN,XNAS,Nasdaq Stock Market,USD
776,Americas,North America,United States,Nextera Energy Inc,Electrical Utilities & IPPs,Utilities,65339F101,US65339F1012,2328915,,753308,NEE,XNYS,New York Stock Exchange,USD
777,Americas,North America,United States,Newmont,Metals & Mining,Mining,651639106,US6516391066,2636607,,1164727,NEM,XNYS,New York Stock Exchange,USD
778,Americas,North America,United States,Cloudflare Inc Class A,Software & IT Services,Software & Digital Services,18915M107,US18915M1071,BJXC5M2,,1477333,NET,XNYS,New York Stock Exchange,USD
779,Americas,North America,United States,Netflix Inc,Software & IT Services,Software & Digital Services,64110L106,US64110L1061,2857817,,1065280,NFLX,XNAS,Nasdaq Stock Market,USD
780,Americas,North America,United States,Nisource Inc,Multiline Utilities,Utilities,65473P105,US65473P1057,2645409,,1111711,NI,XNYS,New York Stock Exchange,USD
781,Americas,North America,United States,Nike Inc Class B,Textiles & Apparel,Textiles & Apparel,654106103,US6541061031,2640147,,320187,NKE,XNYS,New York Stock Exchange,USD
782,Americas,North America,United States,Annaly Capital Management Reit Inc,Residential & Commercial REIT,Real Estate Investment Trusts (REITs),35710839,US0357108390,BPMQ7X2,,1043219,NLY,XNYS,New York Stock Exchange,USD
783,Americas,North America,United States,Northrop Grumman Corp,Aerospace & Defense,Aerospace & Defense,666807102,US6668071029,2648806,,1133421,NOC,XNYS,New York Stock Exchange,USD
784,Americas,North America,United States,Servicenow Inc,Software & IT Services,Software & Digital Services,81762P102,US81762P1021,B80NXX8,,1373715,NOW,XNYS,New York Stock Exchange,USD
785,Americas,North America,United States,Nrg Energy Inc,Electrical Utilities & IPPs,Utilities,629377508,US6293775085,2212922,,1013871,NRG,XNYS,New York Stock Exchange,USD
786,Americas,North America,United States,Norfolk Southern Corp,Freight & Logistics Services,Logistics,655844108,US6558441084,2641894,,702165,NSC,XNYS,New York Stock Exchange,USD
787,Americas,North America,United States,Netapp Inc,"Computers, Phones & Household Electronics",Consumer Electronics,64110D104,US64110D1046,2630643,,1002047,NTAP,XNAS,Nasdaq Stock Market,USD
788,Americas,North America,United States,Natera Inc,Healthcare Providers & Services,Healthcare Providers & Services,632307104,US6323071042,BYQRG48,,1604821,NTRA,XNAS,Nasdaq Stock Market,USD
789,Americas,North America,United States,Northern Trust Corp,Investment Banking & Investment Services,Investment Services,665859104,US6658591044,2648668,,73124,NTRS,XNAS,Nasdaq Stock Market,USD
790,Americas,North America,United States,Nucor Corp,Metals & Mining,Mining,670346105,US6703461052,2651086,,73309,NUE,XNYS,New York Stock Exchange,USD
791,Americas,North America,United States,Nvidia Corp,Semiconductors & Semiconductor Equipment,Semiconductors,67066G104,US67066G1040,2379504,,1045810,NVDA,XNAS,Nasdaq Stock Market,USD
792,Americas,North America,United States,Nvr Inc,Homebuilding & Construction Supplies,Residential Construction,62944T105,US62944T1051,2637785,,906163,NVR,XNYS,New York Stock Exchange,USD
793,Americas,North America,United States,News Corp Class A,Media & Publishing,Media,65249B109,US65249B1098,BBGVT40,,1564708,NWSA,XNAS,Nasdaq Stock Market,USD
794,Americas,North America,United States,Nxp Semiconductors Nv,Semiconductors & Semiconductor Equipment,Semiconductors,,NL0009538784,B505PN7,,1413447,NXPI,XNAS,Nasdaq Stock Market,USD
795,Americas,North America,United States,Realty Income Reit Corp,Residential & Commercial REIT,Real Estate Investment Trusts (REITs),756109104,US7561091049,2724193,,726728,O,XNYS,New York Stock Exchange,USD
796,Americas,North America,United States,Old Dominion Freight Line Inc,Freight & Logistics Services,Logistics,679580100,US6795801009,2656423,,878927,ODFL,XNAS,Nasdaq Stock Market,USD
797,Americas,North America,United States,Oneok Inc,Oil & Gas Related Equipment and Services,Energy Equipment & Services,682680103,US6826801036,2130109,,1039684,OKE,XNYS,New York Stock Exchange,USD
798,Americas,North America,United States,Okta Inc Class A,Software & IT Services,Software & Digital Services,679295105,US6792951054,BDFZSP1,,1660134,OKTA,XNAS,Nasdaq Stock Market,USD
799,Americas,North America,United States,Omnicom Group Inc,Media & Publishing,Media,681919106,US6819191064,2279303,,29989,OMC,XNYS,New York Stock Exchange,USD
800,Americas,North America,United States,On Semiconductor Corp,Semiconductors & Semiconductor Equipment,Semiconductors,682189105,US6821891057,2583576,,1097864,ON,XNAS,Nasdaq Stock Market,USD
801,Americas,North America,United States,Oracle Corp,Software & IT Services,Software & Digital Services,68389X105,US68389X1054,2661568,,1341439,ORCL,XNYS,New York Stock Exchange,USD
802,Americas,North America,United States,Oreilly Automotive Inc,Specialty Retailers,Retail,67103H107,US67103H1077,B65LWX6,,898173,ORLY,XNAS,Nasdaq Stock Market,USD
803,Americas,North America,United States,Otis Worldwide Corp,"Machinery, Equipment & Components",Machinery,68902V107,US68902V1070,BK531S8,,1781335,OTIS,XNYS,New York Stock Exchange,USD
804,Americas,North America,United States,Occidental Petroleum Corp,Oil & Gas,Oil & Gas,674599105,US6745991058,2655408,,797468,OXY,XNYS,New York Stock Exchange,USD
805,Americas,North America,United States,Everpure Inc Class A,"Computers, Phones & Household Electronics",Consumer Electronics,74624M102,US74624M1027,BYZ62T3,,1230276,P,XNYS,New York Stock Exchange,USD
806,Americas,North America,United States,Palo Alto Networks Inc,Software & IT Services,Software & Digital Services,697435105,US6974351057,B87ZMX0,,1327567,PANW,XNAS,Nasdaq Stock Market,USD
807,Americas,North America,United States,Paychex Inc,Professional & Commercial Services,Professional Services,704326107,US7043261079,2674458,,723531,PAYX,XNAS,Nasdaq Stock Market,USD
808,Americas,North America,United States,Paccar Inc,"Machinery, Equipment & Components",Machinery,693718108,US6937181088,2665861,,75362,PCAR,XNAS,Nasdaq Stock Market,USD
809,Americas,North America,United States,Pg&E Corp,Electrical Utilities & IPPs,Utilities,69331C108,US69331C1080,2689560,,1004980,PCG,XNYS,New York Stock Exchange,USD
810,Americas,North America,United States,Public Service Enterprise Group In,Multiline Utilities,Utilities,744573106,US7445731067,2707677,,788784,PEG,XNYS,New York Stock Exchange,USD
811,Americas,North America,United States,Pepsico Inc,Beverages,Food & Beverage,713448108,US7134481081,2681511,,77476,PEP,XNAS,Nasdaq Stock Market,USD
812,Americas,North America,United States,Pfizer Inc,Pharmaceuticals,Pharmaceuticals,717081103,US7170811035,2684703,,78003,PFE,XNYS,New York Stock Exchange,USD
813,Americas,North America,United States,Principal Financial Group Inc,Insurance,Insurance,74251V102,US74251V1026,2803014,,1126328,PFG,XNAS,Nasdaq Stock Market,USD
814,Americas,North America,United States,Procter & Gamble,Personal & Household Products & Services,Household Products,742718109,US7427181091,2704407,,80424,PG,XNYS,New York Stock Exchange,USD
815,Americas,North America,United States,Progressive Corp,Insurance,Insurance,743315103,US7433151039,2705024,,80661,PGR,XNYS,New York Stock Exchange,USD
816,Americas,North America,United States,Parker-Hannifin Corp,"Machinery, Equipment & Components",Machinery,701094104,US7010941042,2671501,,76334,PH,XNYS,New York Stock Exchange,USD
817,Americas,North America,United States,Pultegroup Inc,Homebuilding & Construction Supplies,Residential Construction,745867101,US7458671010,2708841,,822416,PHM,XNYS,New York Stock Exchange,USD
818,Americas,North America,United States,Packaging Corp Of America,Containers & Packaging,Packaging,695156109,US6951561090,2504566,,75677,PKG,XNYS,New York Stock Exchange,USD
819,Americas,North America,United States,Prologis Reit Inc,Residential & Commercial REIT,Real Estate Investment Trusts (REITs),74340W103,US74340W1036,B44WZD7,,1045609,PLD,XNYS,New York Stock Exchange,USD
820,Americas,North America,United States,Palantir Technologies Inc Class A,Software & IT Services,Software & Digital Services,69608A108,US69608A1088,BN78DQ4,,1321655,PLTR,XNAS,Nasdaq Stock Market,USD
821,Americas,North America,United States,Philip Morris International Inc,Food & Tobacco,Food & Beverage,718172109,US7181721090,B2PKRQ3,,1413329,PM,XNYS,New York Stock Exchange,USD
822,Americas,North America,United States,Pnc Financial Services Group Inc,Banking Services,Banking,693475105,US6934751057,2692665,,713676,PNC,XNYS,New York Stock Exchange,USD
823,Americas,North America,United States,Pinnacle Financial Partners Inc,Banking Services,Banking,72348N109,US72348N1090,BV6GRD0,,1115055,PNFP,XNYS,New York Stock Exchange,USD
824,Americas,North America,United States,Pentair,"Machinery, Equipment & Components",Machinery,,IE00BLS09M33,BLS09M3,,770577,PNR,XNYS,New York Stock Exchange,USD
825,Americas,North America,United States,Insulet Corp,Healthcare Equipment & Supplies,Medical Devices,45784P101,US45784P1012,B1XGNW4,,1145197,PODD,XNAS,Nasdaq Stock Market,USD
826,Americas,North America,United States,Ppg Industries Inc,Chemicals,Chemicals,693506107,US6935061076,2698470,,79879,PPG,XNYS,New York Stock Exchange,USD
827,Americas,North America,United States,Ppl Corp,Multiline Utilities,Utilities,69351T106,US69351T1060,2680905,,922224,PPL,XNYS,New York Stock Exchange,USD
828,Americas,North America,United States,Prudential Financial Inc,Insurance,Insurance,744320102,US7443201022,2819118,,1137774,PRU,XNYS,New York Stock Exchange,USD
829,Americas,North America,United States,Public Storage Reit,Residential & Commercial REIT,Real Estate Investment Trusts (REITs),74460D109,US74460D1090,2852533,,1393311,PSA,XNYS,New York Stock Exchange,USD
830,Americas,North America,United States,Phillips 66,Oil & Gas,Oil & Gas,718546104,US7185461040,B78C4Y8,,1534701,PSX,XNYS,New York Stock Exchange,USD
831,Americas,North America,United States,Ptc Inc,Software & IT Services,Software & Digital Services,69370C100,US69370C1009,B95N910,,857005,PTC,XNAS,Nasdaq Stock Market,USD
832,Americas,North America,United States,Quanta Services Inc,Construction & Engineering,Construction & Engineering,7.48E+106,US74762E1029,2150204,,1050915,PWR,XNYS,New York Stock Exchange,USD
833,Americas,North America,United States,Paypal Holdings Inc,Professional & Commercial Services,Professional Services,70450Y103,US70450Y1038,BYW36M8,,1633917,PYPL,XNAS,Nasdaq Stock Market,USD
834,Americas,North America,United States,Qnity Electronics Inc,Semiconductors & Semiconductor Equipment,Semiconductors,74743L100,US74743L1008,BW1P234,,1478242,Q,XNYS,New York Stock Exchange,USD
835,Americas,North America,United States,Qualcomm Inc,Semiconductors & Semiconductor Equipment,Semiconductors,747525103,US7475251036,2714923,,804328,QCOM,XNAS,Nasdaq Stock Market,USD
836,Americas,North America,United States,Roblox Corp Class A,Software & IT Services,Software & Digital Services,771049103,US7710491033,BMWBC20,,1315098,RBLX,XNYS,New York Stock Exchange,USD
837,Americas,North America,United States,Royal Caribbean Group Ltd,Hotels & Entertainment Services,"Leisure, Hospitality & Travel",V7780T103,LR0008862868,2754907,,884887,RCL,XNYS,New York Stock Exchange,USD
838,Americas,North America,United States,Reddit Inc Class A,Software & IT Services,Software & Digital Services,75734B100,US75734B1008,BMVNLY2,,1713445,RDDT,XNYS,New York Stock Exchange,USD
839,Americas,North America,United States,Regency Centers Reit Corp,Residential & Commercial REIT,Real Estate Investment Trusts (REITs),758849103,US7588491032,2726177,,910606,REG,XNAS,Nasdaq Stock Market,USD
840,Americas,North America,United States,Regeneron Pharmaceuticals Inc,Pharmaceuticals,Pharmaceuticals,75886F107,US75886F1075,2730190,,872589,REGN,XNAS,Nasdaq Stock Market,USD
841,Americas,North America,United States,Regions Financial Corp,Banking Services,Banking,7591EP100,US7591EP1005,B01R311,,1281761,RF,XNYS,New York Stock Exchange,USD
842,Americas,North America,United States,Rivian Automotive Inc Class A,Automobiles & Auto Parts,Automotive,76954A103,US76954A1034,BL98841,,1874178,RIVN,XNAS,Nasdaq Stock Market,USD
843,Americas,North America,United States,Raymond James Inc,Banking Services,Banking,754730109,US7547301090,2718992,,720005,RJF,XNYS,New York Stock Exchange,USD
844,Americas,North America,United States,Rocket Lab Corp,Aerospace & Defense,Aerospace & Defense,773121108,US7731211089,BT6C8Z3,,1819994,RKLB,XNAS,Nasdaq Stock Market,USD
845,Americas,North America,United States,Rocket Companies Inc Class A,Banking Services,Banking,77311W101,US77311W1018,BMD6Y84,,1805284,RKT,XNYS,New York Stock Exchange,USD
846,Americas,North America,United States,Resmed Inc,Healthcare Equipment & Supplies,Medical Devices,761152107,US7611521078,2732903,,943819,RMD,XNYS,New York Stock Exchange,USD
847,Americas,North America,United States,Rockwell Automation Inc,"Machinery, Equipment & Components",Machinery,773903109,US7739031091,2754060,,1024478,ROK,XNYS,New York Stock Exchange,USD
848,Americas,North America,United States,Rollins Inc,Professional & Commercial Services,Professional Services,775711104,US7757111049,2747305,,84839,ROL,XNYS,New York Stock Exchange,USD
849,Americas,North America,United States,Roper Technologies Inc,Software & IT Services,Software & Digital Services,776696106,US7766961061,2749602,,882835,ROP,XNAS,Nasdaq Stock Market,USD
850,Americas,North America,United States,Ross Stores Inc,Specialty Retailers,Retail,778296103,US7782961038,2746711,,745732,ROST,XNAS,Nasdaq Stock Market,USD
851,Americas,North America,United States,Rpm International Inc,Chemicals,Chemicals,749685103,US7496851038,2756174,,110621,RPM,XNYS,New York Stock Exchange,USD
852,Americas,North America,United States,Royalty Pharma Plc Class A,Pharmaceuticals,Pharmaceuticals,,GB00BMVP7Y09,BMVP7Y0,,1802768,RPRX,XNAS,Nasdaq Stock Market,USD
853,Americas,North America,United States,Reliance Steel & Aluminum,Metals & Mining,Mining,759509102,US7595091023,2729068,,861884,RS,XNYS,New York Stock Exchange,USD
854,Americas,North America,United States,Republic Services Inc,Professional & Commercial Services,Professional Services,760759100,US7607591002,2262530,,1060391,RSG,XNYS,New York Stock Exchange,USD
855,Americas,North America,United States,Rtx Corp,Aerospace & Defense,Aerospace & Defense,7.55E+105,US75513E1010,BM5M5Y3,,101829,RTX,XNYS,New York Stock Exchange,USD
856,Americas,North America,United States,Revolution Medicines Inc,Biotechnology & Medical Research,Biotechnology,76155X100,US76155X1000,BL71K91,,1628171,RVMD,XNAS,Nasdaq Stock Market,USD
857,Americas,North America,United States,Sba Communications Reit Corp Class,Residential & Commercial REIT,Real Estate Investment Trusts (REITs),78410G104,US78410G1040,BZ6TS23,,1034054,SBAC,XNAS,Nasdaq Stock Market,USD
858,Americas,North America,United States,Starbucks Corp,Hotels & Entertainment Services,"Leisure, Hospitality & Travel",855244109,US8552441094,2842255,,829224,SBUX,XNAS,Nasdaq Stock Market,USD
859,Americas,North America,United States,Charles Schwab Corp,Investment Banking & Investment Services,Investment Services,808513105,US8085131055,2779397,,316709,SCHW,XNYS,New York Stock Exchange,USD
860,Americas,North America,United States,Sherwin Williams,Chemicals,Chemicals,824348106,US8243481061,2804211,,89800,SHW,XNYS,New York Stock Exchange,USD
861,Americas,North America,United States,Slb Nv,Oil & Gas Related Equipment and Services,Energy Equipment & Services,806857108,AN8068571086,2779201,,87347,SLB,XNYS,New York Stock Exchange,USD
862,Americas,North America,United States,Super Micro Computer Inc,"Computers, Phones & Household Electronics",Consumer Electronics,86800U302,US86800U3023,BRC3N73,,1375365,SMCI,XNAS,Nasdaq Stock Market,USD
863,Americas,North America,United States,Sharkninja Inc,Household Goods,Household Products,,KYG8068L1086,BRS7681,,1957132,SN,XNYS,New York Stock Exchange,USD
864,Americas,North America,United States,Snap On Inc,"Machinery, Equipment & Components",Machinery,833034101,US8330341012,2818740,,91440,SNA,XNYS,New York Stock Exchange,USD
865,Americas,North America,United States,Snowflake Inc,Software & IT Services,Software & Digital Services,833445109,US8334451098,BN134B7,,1640147,SNOW,XNYS,New York Stock Exchange,USD
866,Americas,North America,United States,Synopsys Inc,Software & IT Services,Software & Digital Services,871607107,US8716071076,2867719,,883241,SNPS,XNAS,Nasdaq Stock Market,USD
867,Americas,North America,United States,Southern,Electrical Utilities & IPPs,Utilities,842587107,US8425871071,2829601,,92122,SO,XNYS,New York Stock Exchange,USD
868,Americas,North America,United States,Sofi Technologies Inc,Banking Services,Banking,83406F102,US83406F1021,BM8J4C2,,1818874,SOFI,XNAS,Nasdaq Stock Market,USD
869,Americas,North America,United States,Space Exploration Technologies Cor,Telecommunications Services,Telecommunications,84615Q103,US84615Q1031,BXCVG25,,1181412,SPCX,XNAS,Nasdaq Stock Market,USD
870,Americas,North America,United States,Simon Property Group Reit Inc,Residential & Commercial REIT,Real Estate Investment Trusts (REITs),828806109,US8288061091,2812452,,1063761,SPG,XNYS,New York Stock Exchange,USD
871,Americas,North America,United States,S&P Global Inc,Professional & Commercial Services,Professional Services,78409V104,US78409V1044,BYV2325,,64040,SPGI,XNYS,New York Stock Exchange,USD
872,Americas,North America,United States,Sempra,Multiline Utilities,Utilities,816851109,US8168511090,2138158,,1032208,SRE,XNYS,New York Stock Exchange,USD
873,Americas,North America,United States,Ss And C Technologies Holdings Inc,Software & IT Services,Software & Digital Services,78467J100,US78467J1007,B58YSC6,,1402436,SSNC,XNAS,Nasdaq Stock Market,USD
874,Americas,North America,United States,Steris,Healthcare Equipment & Supplies,Medical Devices,G8473T100,IE00BFY8C754,BFY8C75,,1757898,STE,XNYS,New York Stock Exchange,USD
875,Americas,North America,United States,Steel Dynamics Inc,Metals & Mining,Mining,858119100,US8581191009,2849472,,1022671,STLD,XNAS,Nasdaq Stock Market,USD
876,Americas,North America,United States,State Street Corp,Investment Banking & Investment Services,Investment Services,857477103,US8574771031,2842040,,93751,STT,XNYS,New York Stock Exchange,USD
877,Americas,North America,United States,Seagate Technology Holdings Plc,"Computers, Phones & Household Electronics",Consumer Electronics,,IE00BKVD2N49,BKVD2N4,,1137789,STX,XNAS,Nasdaq Stock Market,USD
878,Americas,North America,United States,Constellation Brands Inc Class A,Beverages,Food & Beverage,21036P108,US21036P1084,2170473,,16918,STZ,XNYS,New York Stock Exchange,USD
879,Americas,North America,United States,Sun Communities Reit Inc,Residential & Commercial REIT,Real Estate Investment Trusts (REITs),866674104,US8666741041,2860257,,912593,SUI,XNYS,New York Stock Exchange,USD
880,Americas,North America,United States,Smurfit Westrock Plc,Containers & Packaging,Packaging,,IE00028FXN24,BRK49M5,,2005951,SW,XNYS,New York Stock Exchange,USD
881,Americas,North America,United States,Synchrony Financial,Banking Services,Banking,87165B103,US87165B1035,BP96PS6,,1601712,SYF,XNYS,New York Stock Exchange,USD
882,Americas,North America,United States,Stryker Corp,Healthcare Equipment & Supplies,Medical Devices,863667101,US8636671013,2853688,,310764,SYK,XNYS,New York Stock Exchange,USD
883,Americas,North America,United States,Sysco Corp,Food & Drug Retailing,Food Retail,871829107,US8718291078,2868165,,96021,SYY,XNYS,New York Stock Exchange,USD
884,Americas,North America,United States,At&T Inc,Telecommunications Services,Telecommunications,00206R102,US00206R1023,2831811,,732717,T,XNYS,New York Stock Exchange,USD
885,Americas,North America,United States,Transdigm Group Inc,Aerospace & Defense,Aerospace & Defense,893641100,US8936411003,B11FJK3,,1260221,TDG,XNYS,New York Stock Exchange,USD
886,Americas,North America,United States,Teledyne Technologies Inc,Electronic Equipment & Parts,Communications Equipment,879360105,US8793601050,2503477,,1094285,TDY,XNYS,New York Stock Exchange,USD
887,Americas,North America,United States,Atlassian Corp Class A,Software & IT Services,Software & Digital Services,49468101,US0494681010,BQ1PC76,,165372,TEAM,XNAS,Nasdaq Stock Market,USD
888,Americas,North America,United States,Te Connectivity Plc,Electronic Equipment & Parts,Communications Equipment,,IE000IVNQZ81,BRC3N84,,1385157,TEL,XNYS,New York Stock Exchange,USD
889,Americas,North America,United States,Teradyne Inc,Semiconductors & Semiconductor Equipment,Semiconductors,880770102,US8807701029,2884183,,97210,TER,XNAS,Nasdaq Stock Market,USD
890,Americas,North America,United States,Truist Financial Corp,Banking Services,Banking,89832Q109,US89832Q1094,BKP7287,,92230,TFC,XNYS,New York Stock Exchange,USD
891,Americas,North America,United States,Target Corp,Diversified Retail,Retail,8.76E+110,US87612E1064,2259101,,27419,TGT,XNYS,New York Stock Exchange,USD
892,Americas,North America,United States,Tjx Inc,Diversified Retail,Retail,872540109,US8725401090,2989301,,109198,TJX,XNYS,New York Stock Exchange,USD
893,Americas,North America,United States,Thermo Fisher Scientific Inc,Healthcare Equipment & Supplies,Medical Devices,883556102,US8835561023,2886907,,97745,TMO,XNYS,New York Stock Exchange,USD
894,Americas,North America,United States,T Mobile Us Inc,Telecommunications Services,Telecommunications,872590104,US8725901040,B94Q9V0,,1283699,TMUS,XNAS,Nasdaq Stock Market,USD
895,Americas,North America,United States,Toast Inc Class A,Software & IT Services,Software & Digital Services,888787108,US8887871080,BP6D7B7,,1650164,TOST,XNYS,New York Stock Exchange,USD
896,Americas,North America,United States,Texas Pacific Land Corp,Oil & Gas,Oil & Gas,88262P102,US88262P1021,BM99VY2,,1811074,TPL,XNYS,New York Stock Exchange,USD
897,Americas,North America,United States,Tapestry Inc,Specialty Retailers,Retail,876030107,US8760301072,BF09HX3,,1116132,TPR,XNYS,New York Stock Exchange,USD
898,Americas,North America,United States,Targa Resources Corp,Oil & Gas Related Equipment and Services,Energy Equipment & Services,87612G101,US87612G1013,B55PZY3,,1389170,TRGP,XNYS,New York Stock Exchange,USD
899,Americas,North America,United States,Trimble Inc,Software & IT Services,Software & Digital Services,896239100,US8962391004,2903958,,864749,TRMB,XNAS,Nasdaq Stock Market,USD
900,Americas,North America,United States,T Rowe Price Group Inc,Investment Banking & Investment Services,Investment Services,74144T108,US74144T1088,2702337,,1113169,TROW,XNAS,Nasdaq Stock Market,USD
901,Americas,North America,United States,Transunion,Professional & Commercial Services,Professional Services,89400J107,US89400J1079,BYMWL86,,1552033,TRU,XNYS,New York Stock Exchange,USD
902,Americas,North America,United States,Travelers Companies Inc,Insurance,Insurance,8.94E+113,US89417E1091,2769503,,86312,TRV,XNYS,New York Stock Exchange,USD
903,Americas,North America,United States,Tractor Supply,Specialty Retailers,Retail,892356106,US8923561067,2900335,,916365,TSCO,XNAS,Nasdaq Stock Market,USD
904,Americas,North America,United States,Tesla Inc,Automobiles & Auto Parts,Automotive,88160R101,US88160R1014,B616C79,,1318605,TSLA,XNAS,Nasdaq Stock Market,USD
905,Americas,North America,United States,Tyson Foods Inc Class A,Food & Tobacco,Food & Beverage,902494103,US9024941034,2909730,,100493,TSN,XNYS,New York Stock Exchange,USD
906,Americas,North America,United States,Trane Technologies Plc,"Machinery, Equipment & Components",Machinery,,IE00BK9ZQ967,BK9ZQ96,,1466258,TT,XNYS,New York Stock Exchange,USD
907,Americas,North America,United States,Take Two Interactive Software Inc,Software & IT Services,Software & Digital Services,874054109,US8740541094,2122117,,946581,TTWO,XNAS,Nasdaq Stock Market,USD
908,Americas,North America,United States,Tradeweb Markets Inc Class A,Investment Banking & Investment Services,Investment Services,892672106,US8926721064,BJXMVK2,,1758750,TW,XNAS,Nasdaq Stock Market,USD
909,Americas,North America,United States,Twilio Inc Class A,Software & IT Services,Software & Digital Services,90138F102,US90138F1021,BD6P5Q0,,1447669,TWLO,XNYS,New York Stock Exchange,USD
910,Americas,North America,United States,Texas Instrument Inc,Semiconductors & Semiconductor Equipment,Semiconductors,882508104,US8825081040,2885409,,97476,TXN,XNAS,Nasdaq Stock Market,USD
911,Americas,North America,United States,Textron Inc,Software & IT Services,Software & Digital Services,883203101,US8832031012,2885937,,217346,TXT,XNYS,New York Stock Exchange,USD
912,Americas,North America,United States,Tyler Technologies Inc,Software & IT Services,Software & Digital Services,902252105,US9022521051,2909644,,860731,TYL,XNYS,New York Stock Exchange,USD
913,Americas,North America,United States,United Airlines Holdings Inc,Passenger Transportation Services,Transportation,910047109,US9100471096,B4QG225,,100517,UAL,XNAS,Nasdaq Stock Market,USD
914,Americas,North America,United States,Uber Technologies Inc,Software & IT Services,Software & Digital Services,90353T100,US90353T1007,BK6N347,,1543151,UBER,XNYS,New York Stock Exchange,USD
915,Americas,North America,United States,Ulta Beauty Inc,Specialty Retailers,Retail,90384S303,US90384S3031,B28TS42,,1403568,ULTA,XNAS,Nasdaq Stock Market,USD
916,Americas,North America,United States,Unitedhealth Group Inc,Healthcare Providers & Services,Healthcare Providers & Services,91324P102,US91324P1021,2917766,,731766,UNH,XNYS,New York Stock Exchange,USD
917,Americas,North America,United States,Union Pacific Corp,Freight & Logistics Services,Logistics,907818108,US9078181081,2914734,,100885,UNP,XNYS,New York Stock Exchange,USD
918,Americas,North America,United States,United Parcel Service Inc Class B,Freight & Logistics Services,Logistics,911312106,US9113121068,2517382,,1090727,UPS,XNYS,New York Stock Exchange,USD
919,Americas,North America,United States,United Rentals Inc,Professional & Commercial Services,Professional Services,911363109,US9113631090,2134781,,1067701,URI,XNYS,New York Stock Exchange,USD
920,Americas,North America,United States,Us Bancorp,Banking Services,Banking,902973304,US9029733048,2736035,,36104,USB,XNYS,New York Stock Exchange,USD
921,Americas,North America,United States,United Therapeutics Corp,Pharmaceuticals,Pharmaceuticals,91307C102,US91307C1027,2430412,,1082554,UTHR,XNAS,Nasdaq Stock Market,USD
922,Americas,North America,United States,Visa Inc Class A,Professional & Commercial Services,Professional Services,92826C839,US92826C8394,B2PZN04,,1403161,V,XNYS,New York Stock Exchange,USD
923,Americas,North America,United States,Veeva Systems Inc Class A,Healthcare Equipment & Supplies,Medical Devices,922475108,US9224751084,BFH3N85,,1393052,VEEV,XNYS,New York Stock Exchange,USD
924,Americas,North America,United States,Vici Pptys Inc,Residential & Commercial REIT,Real Estate Investment Trusts (REITs),925652109,US9256521090,BYWH073,,1705696,VICI,XNYS,New York Stock Exchange,USD
925,Americas,North America,United States,Valero Energy Corp,Oil & Gas,Oil & Gas,91913Y100,US91913Y1001,2041364,,1035002,VLO,XNYS,New York Stock Exchange,USD
926,Americas,North America,United States,Veralto Corp,Professional & Commercial Services,Professional Services,92338C103,US92338C1036,BPGMZQ5,,1967680,VLTO,XNYS,New York Stock Exchange,USD
927,Americas,North America,United States,Vulcan Materials,Construction Materials,Construction Materials,929160109,US9291601097,2931205,,1396009,VMC,XNYS,New York Stock Exchange,USD
928,Americas,North America,United States,Verisk Analytics Inc,Software & IT Services,Software & Digital Services,92345Y106,US92345Y1064,B4P9W92,,1442145,VRSK,XNAS,Nasdaq Stock Market,USD
929,Americas,North America,United States,Verisign Inc,Software & IT Services,Software & Digital Services,9.23E+106,US92343E1029,2142922,,1014473,VRSN,XNAS,Nasdaq Stock Market,USD
930,Americas,North America,United States,Vertiv Holdings Class A,"Machinery, Equipment & Components",Machinery,92537N108,US92537N1081,BL3LWS8,,1674101,VRT,XNYS,New York Stock Exchange,USD
931,Americas,North America,United States,Vertex Pharmaceuticals Inc,Pharmaceuticals,Pharmaceuticals,92532F100,US92532F1003,2931034,,875320,VRTX,XNAS,Nasdaq Stock Market,USD
932,Americas,North America,United States,Vistra Corp,Electrical Utilities & IPPs,Utilities,92840M102,US92840M1027,BZ8VJQ8,,1692819,VST,XNYS,New York Stock Exchange,USD
933,Americas,North America,United States,Ventas Reit Inc,Residential & Commercial REIT,Real Estate Investment Trusts (REITs),92276F100,US92276F1003,2927925,,740260,VTR,XNYS,New York Stock Exchange,USD
934,Americas,North America,United States,Verizon Communications Inc,Telecommunications Services,Telecommunications,92343V104,US92343V1044,2090571,,732712,VZ,XNYS,New York Stock Exchange,USD
935,Americas,North America,United States,Westinghouse Air Brake Technologie,"Machinery, Equipment & Components",Machinery,929740108,US9297401088,2955733,,943452,WAB,XNYS,New York Stock Exchange,USD
936,Americas,North America,United States,Waters Corp,Healthcare Equipment & Supplies,Medical Devices,941848103,US9418481035,2937689,,1000697,WAT,XNYS,New York Stock Exchange,USD
937,Americas,North America,United States,Warner Bros. Discovery Inc Series,Media & Publishing,Media,934423104,US9344231041,BM8JYX3,,1437107,WBD,XNAS,Nasdaq Stock Market,USD
938,Americas,North America,United States,Waste Connections Inc,Professional & Commercial Services,Professional Services,94106B101,CA94106B1013,BYVG1F6,,1318220,WCN,XNYS,New York Stock Exchange,USD
939,Americas,North America,United States,Workday Inc Class A,Software & IT Services,Software & Digital Services,98138H101,US98138H1014,B8K6ZD1,,1327811,WDAY,XNAS,Nasdaq Stock Market,USD
940,Americas,North America,United States,Western Digital Corp,"Computers, Phones & Household Electronics",Consumer Electronics,958102105,US9581021055,2954699,,106040,WDC,XNAS,Nasdaq Stock Market,USD
941,Americas,North America,United States,Wec Energy Group Inc,Electrical Utilities & IPPs,Utilities,92939U106,US92939U1060,BYY8XK8,,783325,WEC,XNYS,New York Stock Exchange,USD
942,Americas,North America,United States,Welltower Inc,Residential & Commercial REIT,Real Estate Investment Trusts (REITs),95040Q104,US95040Q1040,BYVYHH4,,766704,WELL,XNYS,New York Stock Exchange,USD
943,Americas,North America,United States,Wells Fargo,Banking Services,Banking,949746101,US9497461015,2649100,,72971,WFC,XNYS,New York Stock Exchange,USD
944,Americas,North America,United States,Waste Management Inc,Professional & Commercial Services,Professional Services,94106L109,US94106L1098,2937667,,823768,WM,XNYS,New York Stock Exchange,USD
945,Americas,North America,United States,Williams Inc,Oil & Gas Related Equipment and Services,Energy Equipment & Services,969457100,US9694571004,2967181,,107263,WMB,XNYS,New York Stock Exchange,USD
946,Americas,North America,United States,Walmart Inc,Food & Drug Retailing,Food Retail,931142103,US9311421039,2936921,,104169,WMT,XNAS,Nasdaq Stock Market,USD
947,Americas,North America,United States,W. P. Carey Reit Inc,Residential & Commercial REIT,Real Estate Investment Trusts (REITs),92936U109,US92936U1097,B826YT8,,1025378,WPC,XNYS,New York Stock Exchange,USD
948,Americas,North America,United States,Wr Berkley Corp,Insurance,Insurance,84423102,US0844231029,2093644,,11544,WRB,XNYS,New York Stock Exchange,USD
949,Americas,North America,United States,Williams Sonoma Inc,Specialty Retailers,Retail,969904101,US9699041011,2967589,,719955,WSM,XNYS,New York Stock Exchange,USD
950,Americas,North America,United States,Watsco Inc,"Machinery, Equipment & Components",Machinery,942622200,US9426222009,2943039,,105016,WSO,XNYS,New York Stock Exchange,USD
951,Americas,North America,United States,West Pharmaceutical Services Inc,Healthcare Equipment & Supplies,Medical Devices,955306105,US9553061055,2950482,,105770,WST,XNYS,New York Stock Exchange,USD
952,Americas,North America,United States,Willis Towers Watson Plc,Insurance,Insurance,,IE00BDB6Q211,BDB6Q21,,1140536,WTW,XNAS,Nasdaq Stock Market,USD
953,Americas,North America,United States,Weyerhaeuser Reit,Residential & Commercial REIT,Real Estate Investment Trusts (REITs),962166104,US9621661043,2958936,,106535,WY,XNYS,New York Stock Exchange,USD
954,Americas,North America,United States,Xcel Energy Inc,Electrical Utilities & IPPs,Utilities,98389B100,US98389B1008,2614807,,72903,XEL,XNAS,Nasdaq Stock Market,USD
955,Americas,North America,United States,Exxonmobil Holdings Corp,Oil & Gas,Oil & Gas,30233Q108,US30233Q1085,BVSRPD7,,34088,XOM,XNYS,New York Stock Exchange,USD
956,Americas,North America,United States,Xpo Inc,Freight & Logistics Services,Logistics,983793100,US9837931008,B6Z1355,,1166003,XPO,XNYS,New York Stock Exchange,USD
957,Americas,North America,United States,Xylem Inc,"Machinery, Equipment & Components",Machinery,98419M100,US98419M1009,B3P2CN8,,1524472,XYL,XNYS,New York Stock Exchange,USD
958,Americas,North America,United States,Block Inc Class A,Professional & Commercial Services,Professional Services,852234103,US8522341036,BYNZGK1,,1512673,XYZ,XNYS,New York Stock Exchange,USD
959,Americas,North America,United States,Yum Brands Inc,Hotels & Entertainment Services,"Leisure, Hospitality & Travel",988498101,US9884981013,2098876,,1041061,YUM,XNYS,New York Stock Exchange,USD
960,Americas,North America,United States,Zimmer Biomet Holdings Inc,Healthcare Equipment & Supplies,Medical Devices,98956P102,US98956P1021,2783815,,1136869,ZBH,XNYS,New York Stock Exchange,USD
961,Americas,North America,United States,Zoom Communications Inc Class A,Software & IT Services,Software & Digital Services,98980L101,US98980L1017,BGSP7M9,,1585521,ZM,XNAS,Nasdaq Stock Market,USD
962,Americas,North America,United States,Zscaler Inc,Software & IT Services,Software & Digital Services,98980G102,US98980G1022,BZ00V34,,1713683,ZS,XNAS,Nasdaq Stock Market,USD
963,Americas,North America,United States,Zoetis Inc Class A,Pharmaceuticals,Pharmaceuticals,98978V103,US98978V1035,B95WG16,,1555280,ZTS,XNYS,New York Stock Exchange,USD
964,Americas,Latin America,Uruguay,"Mercadolibre, Inc.",Software & IT Services,Software & Digital Services,58733RAE2,US58733R1023,,,1099590,MELI,XNAS,Nasdaq Stock Market,USD