Index,Regions,Sub-Regions,Country,Company Name,Source Industry,FIT Industry,CUSIP,ISIN,SEDOL,FIGI,CIK,Ticker,MIC Code,Exchange,Market Currency
1,"Europe, The Middle East and Africa",Central and Eastern Europe,Poland,ASSECO POLAND SA,Software & IT Solutions / Digital Services,Software & Digital Services,S59789537,PLSOFTB00016,5978953,,,ACP,XWAR,Warsaw Stock Exchange,PLN
2,"Europe, The Middle East and Africa",Central and Eastern Europe,Poland,ALLEGRO SA,Diversified Retail,Retail,,LU2237380790,BMBQDF6,,,ALE,XWAR,Warsaw Stock Exchange,PLN
3,"Europe, The Middle East and Africa",Central and Eastern Europe,Poland,ALIOR BANK SA,Banking Services,Banking,,PLALIOR00045,B8W8F13,,,ALR,XWAR,Warsaw Stock Exchange,PLN
4,"Europe, The Middle East and Africa",Central and Eastern Europe,Poland,GRUPA AZOTY SA,Chemicals,Chemicals,,PLZATRM00012,B3B61Y8,,,ATT,XWAR,Warsaw Stock Exchange,PLN
5,"Europe, The Middle East and Africa",Central and Eastern Europe,Poland,BUDIMEX SA,Construction & Engineering,Construction & Engineering,S41493305,PLBUDMX00013,4149330,,,BDX,XWAR,Warsaw Stock Exchange,PLN
6,"Europe, The Middle East and Africa",Central and Eastern Europe,Poland,CCC SA,Specialty Retailers,Retail,,PLCCC0000016,B04QR13,,,CCC,XWAR,Warsaw Stock Exchange,PLN
7,"Europe, The Middle East and Africa",Central and Eastern Europe,Poland,CD PROJEKT SA,Software & IT Solutions / Digital Services,Software & Digital Services,S73022154,PLOPTTC00011,7302215,,,CDR,XWAR,Warsaw Stock Exchange,PLN
8,"Europe, The Middle East and Africa",Central and Eastern Europe,Poland,CIECH SA,Chemicals,Chemicals,,PLCIECH00018,B0663T1,,,CIE,XWAR,Warsaw Stock Exchange,PLN
9,"Europe, The Middle East and Africa",Central and Eastern Europe,Poland,CYFROWY POLSAT SA,Telecommunications Services,Telecommunications,,PLCFRPT00013,B2QRCM4,,,CPS,XWAR,Warsaw Stock Exchange,PLN
10,"Europe, The Middle East and Africa",Central and Eastern Europe,Poland,DINO POLSKA SA,Food & Drug Retailing,Food Retail,,PLDINPL00011,BD0YVN2,,,DNP,XWAR,Warsaw Stock Exchange,PLN
11,"Europe, The Middle East and Africa",Central and Eastern Europe,Poland,AMREST HOLDINGS,Hotels & Entertainment Services,"Leisure, Hospitality & Travel",,ES0105375002,BGT2VX8,,,EAT,XWAR,Warsaw Stock Exchange,PLN
12,"Europe, The Middle East and Africa",Central and Eastern Europe,Poland,ENEA SA,Electrical Utilities & IPPs,Utilities,,PLENEA000013,B3F97B2,,,ENA,XWAR,Warsaw Stock Exchange,PLN
13,"Europe, The Middle East and Africa",Central and Eastern Europe,Poland,EUROCASH SA,Food & Drug Retailing,Food Retail,,PLEURCH00011,B064B91,,,EUR,XWAR,Warsaw Stock Exchange,PLN
14,"Europe, The Middle East and Africa",Central and Eastern Europe,Poland,GRUPA PRACUJ SA,Professional & Commercial Services,Professional Services,,PLGRPRC00015,BMHYG44,,,GPP,XWAR,Warsaw Stock Exchange,PLN
15,"Europe, The Middle East and Africa",Central and Eastern Europe,Poland,GPW SA,Investment & Securities Firms,Investment Services,,PLGPW0000017,B55XKV9,,,GPW,XWAR,Warsaw Stock Exchange,PLN
16,"Europe, The Middle East and Africa",Central and Eastern Europe,Poland,JASTRZEBSKA SPOLKA WEGLOWA SA,Coal,Mining,,PLJSW0000015,B6R2S06,,,JSW,XWAR,Warsaw Stock Exchange,PLN
17,"Europe, The Middle East and Africa",Central and Eastern Europe,Poland,KGHM POLSKA MIEDZ SA,Metals & Mining,Mining,S52632510,PLKGHM000017,5263251,,,KGH,XWAR,Warsaw Stock Exchange,PLN
18,"Europe, The Middle East and Africa",Central and Eastern Europe,Poland,KRUK SA,Banking Services,Banking,,PLKRK0000010,B4PTLY0,,,KRU,XWAR,Warsaw Stock Exchange,PLN
19,"Europe, The Middle East and Africa",Central and Eastern Europe,Poland,LPP SA,Specialty Retailers,Retail,S71279798,PLLPP0000011,7127979,,,LPP,XWAR,Warsaw Stock Exchange,PLN
20,"Europe, The Middle East and Africa",Central and Eastern Europe,Poland,LIVECHAT SOFTWARE SA,Software & IT Solutions / Digital Services,Software & Digital Services,,PLLVTSF00010,BL0RRT5,,,LVC,XWAR,Warsaw Stock Exchange,PLN
21,"Europe, The Middle East and Africa",Central and Eastern Europe,Poland,BANK MILLENNIUM SA,Banking Services,Banking,S40773236,PLBIG0000016,4077323,,,MIL,XWAR,Warsaw Stock Exchange,PLN
22,"Europe, The Middle East and Africa",Central and Eastern Europe,Poland,ORANGE POLSKA SA,Telecommunications Services,Telecommunications,S55525513,PLTLKPL00017,5552551,,,OPL,XWAR,Warsaw Stock Exchange,PLN
23,"Europe, The Middle East and Africa",Central and Eastern Europe,Poland,PEPCO GROUP NV,Diversified Retail,Retail,,NL0015000AU7,BMXNYN0,,,PCO,XWAR,Warsaw Stock Exchange,PLN
24,"Europe, The Middle East and Africa",Central and Eastern Europe,Poland,BANK PEKAO SA,Banking Services,Banking,S54731138,PLPEKAO00016,5473113,,,PEO,XWAR,Warsaw Stock Exchange,PLN
25,"Europe, The Middle East and Africa",Central and Eastern Europe,Poland,PGE POLSKA GRUPA ENERGETYCZNA SA,Electrical Utilities & IPPs,Utilities,,PLPGER000010,B544PW9,,,PGE,XWAR,Warsaw Stock Exchange,PLN
26,"Europe, The Middle East and Africa",Central and Eastern Europe,Poland,ORLEN SA,Oil & Gas,Oil & Gas,S58100660,PLPKN0000018,5810066,,,PKN,XWAR,Warsaw Stock Exchange,PLN
27,"Europe, The Middle East and Africa",Central and Eastern Europe,Poland,POWSZECHNA KASA OSZCZEDNOSCI BANK,Banking Services,Banking,,PLPKO0000016,B03NGS5,,,PKO,XWAR,Warsaw Stock Exchange,PLN
28,"Europe, The Middle East and Africa",Central and Eastern Europe,Poland,PZU SA,Insurance,Insurance,,PLPZU0000011,B63DG21,,,PZU,XWAR,Warsaw Stock Exchange,PLN
29,"Europe, The Middle East and Africa",Central and Eastern Europe,Poland,SANTANDER BANK POLSKA SA,Banking Services,Banking,S71536395,PLBZ00000044,7153639,,,SPL,XWAR,Warsaw Stock Exchange,PLN
30,"Europe, The Middle East and Africa",Central and Eastern Europe,Poland,TAURON POLSKA ENERGIA SA,Integrated Utilities,Utilities,,PLTAURN00011,B5P7L41,,,TPE,XWAR,Warsaw Stock Exchange,PLN
31,"Europe, The Middle East and Africa",Central and Eastern Europe,Poland,XTB SA,Investment & Securities Firms,Investment Services,,PLXTRDM00011,BZ059D5,,,XTB,XWAR,Warsaw Stock Exchange,PLN
32,"Europe, The Middle East and Africa",Central Europe,Austria,AGRANA BETEILIGUNGS AG,Food & Tobacco,Food & Beverage,,AT000AGRANA3,BF0X9L7,,,AGR,XWBO,Wiener Boerse,EUR
33,"Europe, The Middle East and Africa",Central Europe,Austria,ANDRITZ AG,"Machinery, Equipment & Components",Machinery,,AT0000730007,B1WVF68,,,ANDR,XWBO,Wiener Boerse,EUR
34,"Europe, The Middle East and Africa",Central Europe,Austria,AT & S AUSTRIA TECHNOLOGIE & SYSTE,Semiconductors & Chip Technologies,Semiconductors,,AT0000969985,B2RK5K1,,,ATS,XWBO,Wiener Boerse,EUR
35,"Europe, The Middle East and Africa",Central Europe,Austria,BAWAG GROUP AG,Banking Services,Banking,,AT0000BAWAG2,BZ1GZ06,,,BG,XWBO,Wiener Boerse,EUR
36,"Europe, The Middle East and Africa",Central Europe,Austria,CA IMMOBILIEN ANLAGEN AG,Real Estate Operations,Real Estate,S56810468,AT0000641352,5681046,,,CAI,XWBO,Wiener Boerse,EUR
37,"Europe, The Middle East and Africa",Central Europe,Austria,DO & CO AKTIENGESELLSCHAFT AG,Hotels & Entertainment Services,"Leisure, Hospitality & Travel",S54923453,AT0000818802,5492345,,,DOC,XWBO,Wiener Boerse,EUR
38,"Europe, The Middle East and Africa",Central Europe,Austria,ERSTE GROUP BANK AG,Banking Services,Banking,S52898376,AT0000652011,5289837,,,EBS,XWBO,Wiener Boerse,EUR
39,"Europe, The Middle East and Africa",Central Europe,Austria,EVN AG,Electrical Utilities & IPPs,Utilities,S42953745,AT0000741053,4295374,,,EVN,XWBO,Wiener Boerse,EUR
40,"Europe, The Middle East and Africa",Central Europe,Austria,IMMOFINANZ AG,Real Estate Operations,Real Estate,,AT0000A21KS2,BFZ5BQ7,,,IIA,XWBO,Wiener Boerse,EUR
41,"Europe, The Middle East and Africa",Central Europe,Austria,LENZING AG,Chemicals,Chemicals,S45123304,AT0000644505,4512330,,,LNZ,XWBO,Wiener Boerse,EUR
42,"Europe, The Middle East and Africa",Central Europe,Austria,MAYR-MELNHOF KARTON AG ,Containers & Packaging,Packaging,,AT0000938204,,,,MMK,XWBO,Wiener Boerse,EUR
43,"Europe, The Middle East and Africa",Central Europe,Austria,OMV AG,Oil & Gas,Oil & Gas,S46514592,AT0000743059,4651459,,,OMV,XWBO,Wiener Boerse,EUR
44,"Europe, The Middle East and Africa",Central Europe,Austria,PALFINGER AG,"Machinery, Equipment & Components",Machinery,S57003501,AT0000758305,5700350,,,PAL,XWBO,Wiener Boerse,EUR
45,"Europe, The Middle East and Africa",Central Europe,Austria,PORR AG,Construction & Engineering,Construction & Engineering,S40199507,AT0000609607,4019950,,,POS,XWBO,Wiener Boerse,EUR
46,"Europe, The Middle East and Africa",Central Europe,Austria,OSTERREICHISCHE POST AG,Freight & Logistics Services,Logistics,,AT0000APOST4,B1577G7,,,POST,XWBO,Wiener Boerse,EUR
47,"Europe, The Middle East and Africa",Central Europe,Austria,RAIFFEISEN BANK INTERNATIONAL AG,Banking Services,Banking,,AT0000606306,B0704T9,,,RBI,XWBO,Wiener Boerse,EUR
48,"Europe, The Middle East and Africa",Central Europe,Austria,SCHOELLER-BLECKMANN OILFIELD EQUIP,Energy Equipment & Services,Energy Equipment & Services,S75713057,AT0000946652,7571305,,,SBO,XWBO,Wiener Boerse,EUR
49,"Europe, The Middle East and Africa",Central Europe,Austria,SEMPERIT HOLDING AG,Automobiles & Auto Parts,Automotive,S57602807,AT0000785555,5760280,,,SEM,XWBO,Wiener Boerse,EUR
50,"Europe, The Middle East and Africa",Central Europe,Austria,STRABAG SE ,Construction & Engineering,Construction & Engineering,,AT000000STR1,,,,STR,XWBO,Wiener Boerse,EUR
51,"Europe, The Middle East and Africa",Central Europe,Austria,UNIQA INSURANCE GROUP AG,Insurance,Insurance,S44223329,AT0000821103,4422332,,,UQA,XWBO,Wiener Boerse,EUR
52,"Europe, The Middle East and Africa",Central Europe,Austria,VERBUND AG,Electrical Utilities & IPPs,Utilities,S46616074,AT0000746409,4661607,,,VER,XWBO,Wiener Boerse,EUR
53,"Europe, The Middle East and Africa",Central Europe,Austria,VIENNA INSURANCE GROUP AG,Insurance,Insurance,,AT0000908504,B0BKSS2,,,VIG,XWBO,Wiener Boerse,EUR
54,"Europe, The Middle East and Africa",Central Europe,Austria,VOESTALPINE AG,Metals & Mining,Mining,S49434020,AT0000937503,4943402,,,VOE,XWBO,Wiener Boerse,EUR
55,"Europe, The Middle East and Africa",Central Europe,Austria,WIENERBERGER AG,Construction Materials,Construction Materials,S56993736,AT0000831706,5699373,,,WIE,XWBO,Wiener Boerse,EUR
56,"Europe, The Middle East and Africa",Middle East,Israel,Afi Properties Ltd,Real Estate Operations,Real Estate,,IL0010913544,B034CL3,,,AFPR,XTAE,Tel Aviv Stock Exchange,ILS
57,"Europe, The Middle East and Africa",Middle East,Israel,Africa Israel Residences Ltd,Residential Construction & Materials,Residential Construction,,IL0010979487,B1JLLZ2,,,AFRE,XTAE,Tel Aviv Stock Exchange,ILS
58,"Europe, The Middle East and Africa",Middle East,Israel,Alony-Hetz Properties And Investme,Real Estate Operations,Real Estate,S60131547,IL0003900136,6013154,,,ALHE,XTAE,Tel Aviv Stock Exchange,ILS
59,"Europe, The Middle East and Africa",Middle East,Israel,Altshuler Shaham Financial Service,Investment & Securities Firms,Investment Services,,IL0011849366,BN11PN0,,,ALTF,XTAE,Tel Aviv Stock Exchange,ILS
60,"Europe, The Middle East and Africa",Middle East,Israel,Amot Investments Ltd,Real Estate Operations,Real Estate,,IL0010972789,B18MCB9,,,AMOT,XTAE,Tel Aviv Stock Exchange,ILS
61,"Europe, The Middle East and Africa",Middle East,Israel,Arad Investment And Industrial Ltd,Consumer Goods Conglomerates,Diversified Consumer Goods,S60476363,IL0007310183,6047636,,,ARAD,XTAE,Tel Aviv Stock Exchange,ILS
62,"Europe, The Middle East and Africa",Middle East,Israel,Airport City Ltd,Real Estate Operations,Real Estate,,IL0010958358,B0Z7M21,,,ARPT,XTAE,Tel Aviv Stock Exchange,ILS
63,"Europe, The Middle East and Africa",Middle East,Israel,Ashtrom Group Ltd,Construction & Engineering,Construction & Engineering,,IL0011323156,BN5SBF1,,,ASHG,XTAE,Tel Aviv Stock Exchange,ILS
64,"Europe, The Middle East and Africa",Middle East,Israel,Azrieli Group Ltd,Real Estate Operations,Real Estate,,IL0011194789,B5MN1W0,,,AZRG,XTAE,Tel Aviv Stock Exchange,ILS
65,"Europe, The Middle East and Africa",Middle East,Israel,Azorim Investment Development And,Residential Construction & Materials,Residential Construction,S60685294,IL0007150118,6068529,,,AZRM,XTAE,Tel Aviv Stock Exchange,ILS
66,"Europe, The Middle East and Africa",Middle East,Israel,Brack Capital Nv,Real Estate Operations,Real Estate,,NL0009690619,B556PC4,,,BCNV,XTAE,Tel Aviv Stock Exchange,ILS
67,"Europe, The Middle East and Africa",Middle East,Israel,Bezeq Israeli Telecommunication Co,Telecommunications Services,Telecommunications,S60980323,IL0002300114,6098032,,,BEZQ,XTAE,Tel Aviv Stock Exchange,ILS
68,"Europe, The Middle East and Africa",Middle East,Israel,Big Shopping Centers Ltd,Real Estate Operations,Real Estate,,IL0010972607,B1KZR22,,,BIG,XTAE,Tel Aviv Stock Exchange,ILS
69,"Europe, The Middle East and Africa",Middle East,Israel,Blue Square Real Estate Ltd,Real Estate Operations,Real Estate,,IL0010985658,B1NV2H7,,,BLSR,XTAE,Tel Aviv Stock Exchange,ILS
70,"Europe, The Middle East and Africa",Middle East,Israel,Camtek Ltd,Semiconductors & Chip Technologies,Semiconductors,,IL0010952641,B0WG737,,,CAMT,XTAE,Tel Aviv Stock Exchange,ILS
71,"Europe, The Middle East and Africa",Middle East,Israel,Cellcom Ltd,Telecommunications Services,Telecommunications,,IL0011015349,B23WQK8,,,CEL,XTAE,Tel Aviv Stock Exchange,ILS
72,"Europe, The Middle East and Africa",Middle East,Israel,Check Point Software Technologies,Software & IT Solutions / Digital Services,Software & Digital Services,M22465104,IL0010824113,2181334,,,CHKP,XNAS,Nasdaq Stock Market,USD
73,"Europe, The Middle East and Africa",Middle East,Israel,Cellebrite Di Ltd,Software & IT Solutions / Digital Services,Software & Digital Services,,IL0011794802,BN7GN02,,,CLBT,XNAS,Nasdaq Stock Market,USD
74,"Europe, The Middle East and Africa",Middle East,Israel,Clal Insurance Enterprises Ltd,Insurance,Insurance,S62006002,IL0002240146,6200600,,,CLIS,XTAE,Tel Aviv Stock Exchange,ILS
75,"Europe, The Middle East and Africa",Middle East,Israel,Carasso Motors Ltd,Specialty Retailers,Retail,,IL0011238503,B5MTMX6,,,CRSM,XTAE,Tel Aviv Stock Exchange,ILS
76,"Europe, The Middle East and Africa",Middle East,Israel,Cyber Ark Software Ltd,Software & IT Solutions / Digital Services,Software & Digital Services,M2682V108,IL0011334468,BQT3XY6,,,CYBR,XNAS,Nasdaq Stock Market,USD
77,"Europe, The Middle East and Africa",Middle East,Israel,Danel Adir Yehoshua Ltd,Professional & Commercial Services,Professional Services,S62534334,IL0003140139,6253433,,,DANE,XTAE,Tel Aviv Stock Exchange,ILS
78,"Europe, The Middle East and Africa",Middle East,Israel,Delta Galil Industries Ltd,Textiles & Apparel,Textiles & Apparel,S62620208,IL0006270347,6262020,,,DELG,XTAE,Tel Aviv Stock Exchange,ILS
79,"Europe, The Middle East and Africa",Middle East,Israel,Yh Dimri Construction And Developm,Residential Construction & Materials,Residential Construction,,IL0010903156,B02SX80,,,DIMRI,XTAE,Tel Aviv Stock Exchange,ILS
80,"Europe, The Middle East and Africa",Middle East,Israel,Discount Investment Corp. Ltd.,Real Estate Operations,Real Estate,,,,,,DISI,XTAE,Tel Aviv Stock Exchange,ILS
81,"Europe, The Middle East and Africa",Middle East,Israel,Delek Automotive Systems Ltd,Specialty Retailers,Retail,S62663018,IL0008290103,6266301,,,DLEA,XTAE,Tel Aviv Stock Exchange,ILS
82,"Europe, The Middle East and Africa",Middle East,Israel,Delek Group Ltd,Oil & Gas,Oil & Gas,S62196407,IL0010841281,6219640,,,DLEKG,XTAE,Tel Aviv Stock Exchange,ILS
83,"Europe, The Middle East and Africa",Middle East,Israel,Danya Cebus Ltd,Construction & Engineering,Construction & Engineering,,IL0011731374,BNKHD79,,,DNYA,XTAE,Tel Aviv Stock Exchange,ILS
84,"Europe, The Middle East and Africa",Middle East,Israel,Doral Group Renewable Energy Resou,Renewable Energy,Renewable Energy,,IL0011667685,BMHMVP4,,,DORL,XTAE,Tel Aviv Stock Exchange,ILS
85,"Europe, The Middle East and Africa",Middle East,Israel,Israel Discount Bank Ltd,Banking Services,Banking,465074201,IL0006912120,6451271,,,DSCT,XTAE,Tel Aviv Stock Exchange,ILS
86,"Europe, The Middle East and Africa",Middle East,Israel,Electra Consumer Products Ltd,Specialty Retailers,Retail,,IL0050101299,B536CY7,,,ECP,XTAE,Tel Aviv Stock Exchange,ILS
87,"Europe, The Middle East and Africa",Middle East,Israel,Elco Ltd,Construction & Engineering,Construction & Engineering,S63075451,IL0006940345,6307545,,,ELCO,XTAE,Tel Aviv Stock Exchange,ILS
88,"Europe, The Middle East and Africa",Middle East,Israel,Electra Real Estate Ltd,Real Estate Operations,Real Estate,,IL0010940448,B0H5D31,,,ELCRE,XTAE,Tel Aviv Stock Exchange,ILS
89,"Europe, The Middle East and Africa",Middle East,Israel,Electra Ltd,Construction & Engineering,Construction & Engineering,S62988217,IL0007390375,6298821,,,ELTR,XTAE,Tel Aviv Stock Exchange,ILS
90,"Europe, The Middle East and Africa",Middle East,Israel,Enlight Renewable Energy Ltd,Electrical Utilities & IPPs,Utilities,S67676775,IL0007200111,6767677,,,ENLT,XTAE,Tel Aviv Stock Exchange,ILS
91,"Europe, The Middle East and Africa",Middle East,Israel,Energean Plc,Oil & Gas,Oil & Gas,,,,,,ENOG,XTAE,Tel Aviv Stock Exchange,ILS
92,"Europe, The Middle East and Africa",Middle East,Israel,Energix Renewable Energies Ltd,Electrical Utilities & IPPs,Utilities,,IL0011233553,B469X43,,,ENRG,XTAE,Tel Aviv Stock Exchange,ILS
93,"Europe, The Middle East and Africa",Middle East,Israel,Equital Ltd,Oil & Gas,Oil & Gas,S66773565,IL0007550176,6677356,,,EQTL,XTAE,Tel Aviv Stock Exchange,ILS
94,"Europe, The Middle East and Africa",Middle East,Israel,Elbit Systems Ltd,Aerospace & Defense,Aerospace & Defense,S63089130,IL0010811243,6308913,,,ESLT,XTAE,Tel Aviv Stock Exchange,ILS
95,"Europe, The Middle East and Africa",Middle East,Israel,First International Bank Ltd,Banking Services,Banking,S61238150,IL0005930388,6123815,,,FIBI,XTAE,Tel Aviv Stock Exchange,ILS
96,"Europe, The Middle East and Africa",Middle East,Israel,Fibi Bank Holding Ltd,Banking Services,Banking,S63394290,IL0007630119,6339429,,,FIBIH,XTAE,Tel Aviv Stock Exchange,ILS
97,"Europe, The Middle East and Africa",Middle East,Israel,Formula Systems Ltd,Software & IT Solutions / Digital Services,Software & Digital Services,S63484257,IL0002560162,6348425,,,FORTY,XTAE,Tel Aviv Stock Exchange,ILS
98,"Europe, The Middle East and Africa",Middle East,Israel,Fox Wizel Ltd,Specialty Retailers,Retail,S65417412,IL0010870223,6541741,,,FOX,XTAE,Tel Aviv Stock Exchange,ILS
99,"Europe, The Middle East and Africa",Middle East,Israel,Fattal Holdings Ltd,Hotels & Entertainment Services,"Leisure, Hospitality & Travel",,IL0011434292,BG1YKN5,,,FTAL,XTAE,Tel Aviv Stock Exchange,ILS
100,"Europe, The Middle East and Africa",Middle East,Israel,Fiverr International Ltd,Software & IT Solutions / Digital Services,Software & Digital Services,,IL0011582033,BKKDH30,,,FVRR,XNYS,New York Stock Exchange,USD
101,"Europe, The Middle East and Africa",Middle East,Israel,G City Ltd,Real Estate Operations,Real Estate,S65853962,IL0001260111,6585396,,,GCT,XTAE,Tel Aviv Stock Exchange,ILS
102,"Europe, The Middle East and Africa",Middle East,Israel,Gav-Yam Land Corp Ltd,Real Estate Operations,Real Estate,S60897246,IL0007590198,6089724,,,GVYM,XTAE,Tel Aviv Stock Exchange,ILS
103,"Europe, The Middle East and Africa",Middle East,Israel,Harel Insurance Investments & Fina,Insurance,Insurance,S64107006,IL0005850180,6410700,,,HARL,XTAE,Tel Aviv Stock Exchange,ILS
104,"Europe, The Middle East and Africa",Middle East,Israel,Hilan Ltd,Software & IT Solutions / Digital Services,Software & Digital Services,S62672308,IL0010846983,6267230,,,HLAN,XTAE,Tel Aviv Stock Exchange,ILS
105,"Europe, The Middle East and Africa",Middle East,Israel,Icl Group Ltd,Chemicals,Chemicals,S64555303,IL0002810146,6455530,,,ICL,XTAE,Tel Aviv Stock Exchange,ILS
106,"Europe, The Middle East and Africa",Middle East,Israel,Idi Insurance Company Ltd,Insurance,Insurance,,IL0011295016,BD04HH8,,,IDIN,XTAE,Tel Aviv Stock Exchange,ILS
107,"Europe, The Middle East and Africa",Middle East,Israel,Israel Corporation Ltd,Chemicals,Chemicals,S68896786,IL0005760173,6889678,,,ILCO,XTAE,Tel Aviv Stock Exchange,ILS
108,"Europe, The Middle East and Africa",Middle East,Israel,Inmode Ltd,Medical Devices & Supplies,Medical Devices,,IL0011595993,BK5Z9R9,,,INMD,XNAS,Nasdaq Stock Market,USD
109,"Europe, The Middle East and Africa",Middle East,Israel,Innoviz Technologies Ltd,Electronic Components & Systems,Electronics,,IL0011745804,BMH7Z68,,,INVZ,XNAS,Nasdaq Stock Market,USD
110,"Europe, The Middle East and Africa",Middle East,Israel,Isracard Ltd,Banking Services,Banking,,IL0011574030,BJ0CJC3,,,ISCD,XTAE,Tel Aviv Stock Exchange,ILS
111,"Europe, The Middle East and Africa",Middle East,Israel,Israel-Canada Ltd,Real Estate Operations,Real Estate,S67426296,IL0004340191,6742629,,,ISCN,XTAE,Tel Aviv Stock Exchange,ILS
112,"Europe, The Middle East and Africa",Middle East,Israel,Isras Investment Company Ltd,Real Estate Operations,Real Estate,S64614969,IL0006130343,6461496,,,ISRS,XTAE,Tel Aviv Stock Exchange,ILS
113,"Europe, The Middle East and Africa",Middle East,Israel,Ituran Location And Control Ltd,Communications & Networking,Communications Equipment,,IL0010818685,B0LNCS9,,,ITRN,XNAS,Nasdaq Stock Market,USD
114,"Europe, The Middle East and Africa",Middle East,Israel,Kenon Holdings Ltd,Electrical Utilities & IPPs,Utilities,,SG9999012629,BV8WW64,,,KEN,XTAE,Tel Aviv Stock Exchange,ILS
115,"Europe, The Middle East and Africa",Middle East,Israel,Kornit Digital Ltd,"Machinery, Equipment & Components",Machinery,,IL0011216723,BWFRFD7,,,KRNT,XNAS,Nasdaq Stock Market,USD
116,"Europe, The Middle East and Africa",Middle East,Israel,Bank Leumi Le Israel,Banking Services,Banking,S60764255,IL0006046119,6076425,,,LUMI,XTAE,Tel Aviv Stock Exchange,ILS
117,"Europe, The Middle East and Africa",Middle East,Israel,Mehadrin Ltd,Food & Tobacco,Food & Beverage,S65761744,IL0006860147,6576174,,,MEDN,XTAE,Tel Aviv Stock Exchange,ILS
118,"Europe, The Middle East and Africa",Middle East,Israel,Migdal Insurance And Financial Hol,Insurance,Insurance,S65090623,IL0010811656,6509062,,,MGDL,XTAE,Tel Aviv Stock Exchange,ILS
119,"Europe, The Middle East and Africa",Middle East,Israel,Magic Software Enterprises Ltd,Software & IT Solutions / Digital Services,Software & Digital Services,559166103,IL0010823123,6328074,,,MGIC,XTAE,Tel Aviv Stock Exchange,ILS
120,"Europe, The Middle East and Africa",Middle East,Israel,Mega Or Holdings Ltd,Real Estate Operations,Real Estate,,IL0011044885,B2N78D0,,,MGOR,XTAE,Tel Aviv Stock Exchange,ILS
121,"Europe, The Middle East and Africa",Middle East,Israel,Melisron Ltd,Real Estate Operations,Real Estate,S65653107,IL0003230146,6565310,,,MLSR,XTAE,Tel Aviv Stock Exchange,ILS
122,"Europe, The Middle East and Africa",Middle East,Israel,Menorah Mivtachim Holdings Ltd,Insurance,Insurance,S65778763,IL0005660183,6577876,,,MMHD,XTAE,Tel Aviv Stock Exchange,ILS
123,"Europe, The Middle East and Africa",Middle East,Israel,Mondaycom Ltd,Software & IT Solutions / Digital Services,Software & Digital Services,,IL0011762130,BMHRYX8,,,MNDY,XNAS,Nasdaq Stock Market,USD
124,"Europe, The Middle East and Africa",Middle East,Israel,Maytronics Ltd,Electronic Components & Systems,Electronics,,IL0010910656,B034DS7,,,MTRN,XTAE,Tel Aviv Stock Exchange,ILS
125,"Europe, The Middle East and Africa",Middle East,Israel,Matrix It Ltd,Software & IT Solutions / Digital Services,Software & Digital Services,S67477547,IL0004450156,6747754,,,MTRX,XTAE,Tel Aviv Stock Exchange,ILS
126,"Europe, The Middle East and Africa",Middle East,Israel,Mivne Real Estate Ltd,Real Estate Operations,Real Estate,S64169808,IL0002260193,6416980,,,MVNE,XTAE,Tel Aviv Stock Exchange,ILS
127,"Europe, The Middle East and Africa",Middle East,Israel,Mizrahi Tefahot Bank Ltd,Banking Services,Banking,S69167039,IL0006954379,6916703,,,MZTF,XTAE,Tel Aviv Stock Exchange,ILS
128,"Europe, The Middle East and Africa",Middle East,Israel,Naphtha Israel Petroleum Corp Ltd,Oil & Gas,Oil & Gas,S66219668,IL0006430156,6621966,,,NFTA,XTAE,Tel Aviv Stock Exchange,ILS
129,"Europe, The Middle East and Africa",Middle East,Israel,Neogames S A Sa,Software & IT Solutions / Digital Services,Software & Digital Services,,LU2263803020,BLD51J4,,,NGMS,XNAS,Nasdaq Stock Market,USD
130,"Europe, The Middle East and Africa",Middle East,Israel,Nice Ltd,Software & IT Solutions / Digital Services,Software & Digital Services,S66471335,IL0002730112,6647133,,,NICE,XTAE,Tel Aviv Stock Exchange,ILS
131,"Europe, The Middle East and Africa",Middle East,Israel,Nano Dimension Sponsored Adr Repr,Electronic Components & Systems,Electronics,63008G203,US63008G2030,BKTR9P9,,,NNDM,XNAS,Nasdaq Stock Market,USD
132,"Europe, The Middle East and Africa",Middle East,Israel,Nano X Imaging Ltd,Medical Devices & Supplies,Medical Devices,,IL0011681371,BLB2P06,,,NNOX,XNAS,Nasdaq Stock Market,USD
133,"Europe, The Middle East and Africa",Middle East,Israel,O.Y. Nofar Energy Ltd,Electrical Utilities & IPPs,Utilities,,IL0011708778,BMTS893,,,NOFR,XTAE,Tel Aviv Stock Exchange,ILS
134,"Europe, The Middle East and Africa",Middle East,Israel,Neto Malinda Trading Ltd,Food & Tobacco,Food & Beverage,,IL0011050973,B3CR0Y3,,,NTML,XTAE,Tel Aviv Stock Exchange,ILS
135,"Europe, The Middle East and Africa",Middle East,Israel,Nova Ltd,Semiconductors & Chip Technologies,Semiconductors,S65341612,IL0010845571,6534161,,,NVMI,XTAE,Tel Aviv Stock Exchange,ILS
136,"Europe, The Middle East and Africa",Middle East,Israel,Nayax Ltd,Fintech Services / Digital Financial Platforms,FinTech,,IL0011751166,BMXT7N9,,,NYAX,XTAE,Tel Aviv Stock Exchange,ILS
137,"Europe, The Middle East and Africa",Middle East,Israel,One Software Technologies Ltd,Software & IT Solutions / Digital Services,Software & Digital Services,S69877090,IL0001610182,6987709,,,ONE,XTAE,Tel Aviv Stock Exchange,ILS
138,"Europe, The Middle East and Africa",Middle East,Israel,Opc Energy Ltd,Electrical Utilities & IPPs,Utilities,,IL0011415713,BF8KKX9,,,OPCE,XTAE,Tel Aviv Stock Exchange,ILS
139,"Europe, The Middle East and Africa",Middle East,Israel,"Ormat Technologies, Inc.",Electrical Utilities & IPPs,Utilities,,,,,,ORA,XTAE,Tel Aviv Stock Exchange,ILS
140,"Europe, The Middle East and Africa",Middle East,Israel,Oil Refineries Ltd,Oil & Gas,Oil & Gas,,IL0025902482,B1S0581,,,ORL,XTAE,Tel Aviv Stock Exchange,ILS
141,"Europe, The Middle East and Africa",Middle East,Israel,Perion Network Ltd,Software & IT Solutions / Digital Services,Software & Digital Services,,IL0010958192,B29NPD1,,,PERI,XTAE,Tel Aviv Stock Exchange,ILS
142,"Europe, The Middle East and Africa",Middle East,Israel,Phoenix Holdings Ltd,Insurance,Insurance,S64605900,IL0007670123,6460590,,,PHOE,XTAE,Tel Aviv Stock Exchange,ILS
143,"Europe, The Middle East and Africa",Middle East,Israel,Bank Hapoalim Bm,Banking Services,Banking,S60758083,IL0006625771,6075808,,,POLI,XTAE,Tel Aviv Stock Exchange,ILS
144,"Europe, The Middle East and Africa",Middle East,Israel,Prashkovsky Investments & Construc,Residential Construction & Materials,Residential Construction,,IL0011021289,B3CR140,,,PRSK,XTAE,Tel Aviv Stock Exchange,ILS
145,"Europe, The Middle East and Africa",Middle East,Israel,Property & Bldg Corp Ltd,Real Estate Operations,Real Estate,S67057414,IL0006990175,6705741,,,PTBL,XTAE,Tel Aviv Stock Exchange,ILS
146,"Europe, The Middle East and Africa",Middle East,Israel,Partner Communications Ltd,Telecommunications Services,Telecommunications,S63744205,IL0010834849,6374420,,,PTNR,XTAE,Tel Aviv Stock Exchange,ILS
147,"Europe, The Middle East and Africa",Middle East,Israel,Paz Oil Co Ltd,Oil & Gas,Oil & Gas,,IL0011000077,B1L3K60,,,PZOL,XTAE,Tel Aviv Stock Exchange,ILS
148,"Europe, The Middle East and Africa",Middle East,Israel,Radware Ltd,Software & IT Solutions / Digital Services,Software & Digital Services,M81873107,IL0010834765,2494548,,,RDWR,XNAS,Nasdaq Stock Market,USD
149,"Europe, The Middle East and Africa",Middle East,Israel,Reit Reit Ltd,Real Estate Investment Trusts (REITs),Real Estate Investment Trusts (REITs),,IL0010989205,B1NYV46,,,RIT1,XTAE,Tel Aviv Stock Exchange,ILS
150,"Europe, The Middle East and Africa",Middle East,Israel,Rami Levi Chain Stores Hashikma Ma,Diversified Retail,Retail,,IL0011042491,B3CR162,,,RMLI,XTAE,Tel Aviv Stock Exchange,ILS
151,"Europe, The Middle East and Africa",Middle East,Israel,Riskified Ltd Class A,Software & IT Solutions / Digital Services,Software & Digital Services,,IL0011786493,BMGTPT8,,,RSKD,XNYS,New York Stock Exchange,USD
152,"Europe, The Middle East and Africa",Middle East,Israel,Retailors Ltd,Specialty Retailers,Retail,,IL0011754889,BMC2Y16,,,RTLS,XTAE,Tel Aviv Stock Exchange,ILS
153,"Europe, The Middle East and Africa",Middle East,Israel,Shufersal Ltd,Food & Drug Retailing,Food Retail,S68605435,IL0007770378,6860543,,,SAE,XTAE,Tel Aviv Stock Exchange,ILS
154,"Europe, The Middle East and Africa",Middle East,Israel,Shikun & Binui Energy Ltd,Electrical Utilities & IPPs,Utilities,,,,,,SBEN,XTAE,Tel Aviv Stock Exchange,ILS
155,"Europe, The Middle East and Africa",Middle East,Israel,Scope Metals Group Ltd,Metals & Mining,Mining,S67800722,IL0002880198,6780072,,,SCOP,XTAE,Tel Aviv Stock Exchange,ILS
156,"Europe, The Middle East and Africa",Middle East,Israel,Shikun And Binui Ltd,Construction & Engineering,Construction & Engineering,S61512927,IL0010819428,6151292,,,SKBN,XTAE,Tel Aviv Stock Exchange,ILS
157,"Europe, The Middle East and Africa",Middle East,Israel,Sella Captial Real Estate Ltd,Real Estate Investment Trusts (REITs),Real Estate Investment Trusts (REITs),,IL0011096448,B2QF712,,,SLARL,XTAE,Tel Aviv Stock Exchange,ILS
158,"Europe, The Middle East and Africa",Middle East,Israel,Summit Real Estate Holdings Ltd,Real Estate Operations,Real Estate,S63049779,IL0010816861,6304977,,,SMT,XTAE,Tel Aviv Stock Exchange,ILS
159,"Europe, The Middle East and Africa",Middle East,Israel,Shapir Engineering And Industry Lt,Construction Materials,Construction Materials,,IL0011338758,BTF8CZ0,,,SPEN,XTAE,Tel Aviv Stock Exchange,ILS
160,"Europe, The Middle East and Africa",Middle East,Israel,Sapiens International Nv,Software & IT Solutions / Digital Services,Software & Digital Services,,KYG7T16G1039,BFZXZ36,,,SPNS,XTAE,Tel Aviv Stock Exchange,ILS
161,"Europe, The Middle East and Africa",Middle East,Israel,Strauss Group Ltd,Food & Tobacco,Food & Beverage,S63041156,IL0007460160,6304115,,,STRS,XTAE,Tel Aviv Stock Exchange,ILS
162,"Europe, The Middle East and Africa",Middle East,Israel,Taro Pharmaceutical Industries Ltd,Pharmaceuticals,Pharmaceuticals,M8737E108,IL0010827181,2872423,,,TARO,XNYS,New York Stock Exchange,USD
163,"Europe, The Middle East and Africa",Middle East,Israel,Tel Aviv Stock Exchange Ltd,Investment & Securities Firms,Investment Services,,IL0011590291,BK5HCP4,,,TASE,XTAE,Tel Aviv Stock Exchange,ILS
164,"Europe, The Middle East and Africa",Middle East,Israel,Taboola.Com Ltd,Software & IT Solutions / Digital Services,Software & Digital Services,,IL0011754137,BMC4ZR5,,,TBLA,XNAS,Nasdaq Stock Market,USD
165,"Europe, The Middle East and Africa",Middle East,Israel,Tadiran Group Ltd,Renewable Energy,Renewable Energy,S69048940,IL0002580129,6904894,,,TDRN,XTAE,Tel Aviv Stock Exchange,ILS
166,"Europe, The Middle East and Africa",Middle East,Israel,Teva Pharmaceutical Industries Adr,Pharmaceuticals,Pharmaceuticals,881624209,US8816242098,2883878,,,TEVA,XNYS,New York Stock Exchange,USD
167,"Europe, The Middle East and Africa",Middle East,Israel,Turpaz Industries Ltd,Food & Tobacco,Food & Beverage,,IL0011756116,BKPH801,,,TRPZ,XTAE,Tel Aviv Stock Exchange,ILS
168,"Europe, The Middle East and Africa",Middle East,Israel,Tower Semiconductor Ltd,Semiconductors & Chip Technologies,Semiconductors,S63206056,IL0010823792,6320605,,,TSEM,XTAE,Tel Aviv Stock Exchange,ILS
169,"Europe, The Middle East and Africa",Middle East,Israel,Wix.Com Ltd,Software & IT Solutions / Digital Services,Software & Digital Services,,IL0011301780,BFZCHN7,,,WIX,XNAS,Nasdaq Stock Market,USD
170,"Europe, The Middle East and Africa",Middle East,Israel,Walkme Ltd,Software & IT Solutions / Digital Services,Software & Digital Services,,IL0011765851,BNNVY86,,,WKME,XNAS,Nasdaq Stock Market,USD
171,"Europe, The Middle East and Africa",Middle East,Israel,Yochananof Ltd,Food & Drug Retailing,Food Retail,,IL0011612640,BK6FDL0,,,YHNF,XTAE,Tel Aviv Stock Exchange,ILS
172,"Europe, The Middle East and Africa",Middle East,Israel,Zim Integrated Shipping Services L,Freight & Logistics Services,Logistics,,IL0065100930,BLC90J0,,,ZIM,XNYS,New York Stock Exchange,USD
173,"Europe, The Middle East and Africa",Northern Europe,Sweden,Abb,"Machinery, Equipment & Components",Machinery,,,,,,ABB,XSTO,NASDAQ Stockholm,SEK
174,"Europe, The Middle East and Africa",Northern Europe,Norway,Aker Carbon Capture Asa,Professional & Commercial Services,Professional Services,,,BMPRVC8,,,ACC,XOSL,Oslo Bors Asa,NOK
175,"Europe, The Middle East and Africa",Northern Europe,Norway,Adevinta Asa,Software & IT Solutions / Digital Services,Software & Digital Services,,,BJ0DP40,,,ADE,XOSL,Oslo Bors Asa,NOK
176,"Europe, The Middle East and Africa",Northern Europe,Norway,Akastor Asa,Energy Equipment & Services,Energy Equipment & Services,,,,,,AKAST,XOSL,Oslo Bors Asa,NOK
177,"Europe, The Middle East and Africa",Northern Europe,Norway,Aker Asa-A Shares,Oil & Gas,Oil & Gas,,,B02R4D9,,,AKER,XOSL,Oslo Bors Asa,NOK
178,"Europe, The Middle East and Africa",Northern Europe,Norway,Aker Horizons Asa,Electrical Utilities & IPPs,Utilities,,,BMG4FY8,,,AKH,XOSL,Oslo Bors Asa,NOK
179,"Europe, The Middle East and Africa",Northern Europe,Norway,Aker Bp Asa,Oil & Gas,Oil & Gas,,,B1L95G3,,,AKRBP,XOSL,Oslo Bors Asa,NOK
180,"Europe, The Middle East and Africa",Northern Europe,Norway,Aker Solutions Asa,Energy Equipment & Services,Energy Equipment & Services,,,BQN1C50,,,AKSO,XOSL,Oslo Bors Asa,NOK
181,"Europe, The Middle East and Africa",Northern Europe,Finland,Aktia Bank Class A,Banking Services,Banking,,FI4000058870,BBVJ5R4,,,AKTIA,XHEL,NASDAQ Helsinki,EUR
182,"Europe, The Middle East and Africa",Northern Europe,Sweden,Alfa Laval,"Machinery, Equipment & Components",Machinery,S73326878,SE0000695876,7332687,,,ALFA,XSTO,NASDAQ Stockholm,SEK
183,"Europe, The Middle East and Africa",Northern Europe,Sweden,Autoliv Inc. Sdb,Automobiles & Auto Parts,Automotive,,,,,,ALIV SDB,XSTO,NASDAQ Stockholm,SEK
184,"Europe, The Middle East and Africa",Northern Europe,Denmark,Alk-Abello Class B,Pharmaceuticals,Pharmaceuticals,,DK0061802139,BNHSHK6,,,ALK B,XCSE,Nasdaq Copenhagen,DKK
185,"Europe, The Middle East and Africa",Northern Europe,Denmark,Alm Brand,Insurance,Insurance,S43500248,DK0015250344,4350024,,,ALMB,XCSE,Nasdaq Copenhagen,DKK
186,"Europe, The Middle East and Africa",Northern Europe,Denmark,Ambu Class B,Medical Devices & Supplies,Medical Devices,,DK0060946788,BD9G333,,,AMBU B,XCSE,Nasdaq Copenhagen,DKK
187,"Europe, The Middle East and Africa",Northern Europe,Finland,Anora Group,Beverages,Food & Beverage,,FI4000292438,BFMHDN7,,,ANORA,XHEL,NASDAQ Helsinki,EUR
188,"Europe, The Middle East and Africa",Northern Europe,Sweden,Assa Abloy B,Residential Construction & Materials,Residential Construction,,SE0007100581,BYPC1T4,,,ASSA B,XSTO,NASDAQ Stockholm,SEK
189,"Europe, The Middle East and Africa",Northern Europe,Sweden,Atlas Copco Class A,"Machinery, Equipment & Components",Machinery,,SE0017486889,BLDBN41,,,ATCO A,XSTO,NASDAQ Stockholm,SEK
190,"Europe, The Middle East and Africa",Northern Europe,Sweden,Atlas Copco Class B,"Machinery, Equipment & Components",Machinery,,SE0017486897,BLDBN52,,,ATCO B,XSTO,NASDAQ Stockholm,SEK
191,"Europe, The Middle East and Africa",Northern Europe,Norway,Atea Asa,Software & IT Solutions / Digital Services,Software & Digital Services,,,B12TR11,,,ATEA,XOSL,Oslo Bors Asa,NOK
192,"Europe, The Middle East and Africa",Northern Europe,Norway,Austevoll Seafood Asa,Food & Tobacco,Food & Beverage,,,B16MKT5,,,AUSS,XOSL,Oslo Bors Asa,NOK
193,"Europe, The Middle East and Africa",Northern Europe,Sweden,Astrazeneca,Pharmaceuticals,Pharmaceuticals,,,,,,AZN,XSTO,NASDAQ Stockholm,SEK
194,"Europe, The Middle East and Africa",Northern Europe,Norway,Bakkafrost P/F,Food & Tobacco,Food & Beverage,,,B6632T7,,,BAKKA,XOSL,Oslo Bors Asa,NOK
195,"Europe, The Middle East and Africa",Northern Europe,Sweden,Fastighets Balder Class B,Real Estate Operations,Real Estate,,SE0017832488,BPMRNZ9,,,BALD B,XSTO,NASDAQ Stockholm,SEK
196,"Europe, The Middle East and Africa",Northern Europe,Denmark,Bavarian Nordic,Pharmaceuticals,Pharmaceuticals,S55646194,DK0015998017,5564619,,,BAVA,XCSE,Nasdaq Copenhagen,DKK
197,"Europe, The Middle East and Africa",Northern Europe,Sweden,Beijer Ref Class B,"Machinery, Equipment & Components",Machinery,,SE0015949748,BP2NJ48,,,BEIJ B,XSTO,NASDAQ Stockholm,SEK
198,"Europe, The Middle East and Africa",Northern Europe,Norway,Belships Asa,Freight & Logistics Services,Logistics,,,4109174,,,BELCO,XOSL,Oslo Bors Asa,NOK
199,"Europe, The Middle East and Africa",Northern Europe,Norway,Bewi As,Containers & Packaging,Packaging,,,BN15TW9,,,BEWI,XOSL,Oslo Bors Asa,NOK
200,"Europe, The Middle East and Africa",Northern Europe,Norway,Bluenord Asa,Oil & Gas,Oil & Gas,,,B23D2M5,,,BNOR,XOSL,Oslo Bors Asa,NOK
201,"Europe, The Middle East and Africa",Northern Europe,Sweden,Boliden,Metals & Mining,Mining,,SE0020050417,BPYTZ57,,,BOL,XSTO,NASDAQ Stockholm,SEK
202,"Europe, The Middle East and Africa",Northern Europe,Norway,Bonheur Asa,Renewable Energy,Renewable Energy,,,B1662B3,,,BONHR,XOSL,Oslo Bors Asa,NOK
203,"Europe, The Middle East and Africa",Northern Europe,Norway,Borr Drilling Ltd,Energy Equipment & Services,Energy Equipment & Services,,,BPK3P64,,,BORR,XOSL,Oslo Bors Asa,NOK
204,"Europe, The Middle East and Africa",Northern Europe,Norway,Borregaard Asa,Chemicals,Chemicals,,,B8B6WX9,,,BRG,XOSL,Oslo Bors Asa,NOK
205,"Europe, The Middle East and Africa",Northern Europe,Norway,Bw Energy Ltd,Oil & Gas,Oil & Gas,,,BKM1QH9,,,BWE,XOSL,Oslo Bors Asa,NOK
206,"Europe, The Middle East and Africa",Northern Europe,Norway,Bw Lpg Ltd,Energy Equipment & Services,Energy Equipment & Services,,,BGLPC98,,,BWLPG,XOSL,Oslo Bors Asa,NOK
207,"Europe, The Middle East and Africa",Northern Europe,Norway,Bw Offshore Ltd,Energy Equipment & Services,Energy Equipment & Services,,,BYYNFR4,,,BWO,XOSL,Oslo Bors Asa,NOK
208,"Europe, The Middle East and Africa",Northern Europe,Norway,Cadeler A/S,Construction & Engineering,Construction & Engineering,,,BMYDHR4,,,CADLR,XOSL,Oslo Bors Asa,NOK
209,"Europe, The Middle East and Africa",Northern Europe,Denmark,Carlsberg As Cl B,Beverages,Food & Beverage,S41692195,DK0010181759,4169219,,,CARL B,XCSE,Nasdaq Copenhagen,DKK
210,"Europe, The Middle East and Africa",Northern Europe,Finland,Caverion,Construction & Engineering,Construction & Engineering,,FI4000062781,BBP6J80,,,CAV1V,XHEL,NASDAQ Helsinki,EUR
211,"Europe, The Middle East and Africa",Northern Europe,Denmark,Cbrain,Software & IT Solutions / Digital Services,Software & Digital Services,,DK0060030286,B0Y9080,,,CBRAIN,XCSE,Nasdaq Copenhagen,DKK
212,"Europe, The Middle East and Africa",Northern Europe,Finland,Cargotec Corp Class B,"Machinery, Equipment & Components",Machinery,,FI0009013429,B09M9L0,,,CGCBV,XHEL,NASDAQ Helsinki,EUR
213,"Europe, The Middle East and Africa",Northern Europe,Denmark,Chemometec,Medical Devices & Supplies,Medical Devices,,DK0060055861,B1KBGS9,,,CHEMM,XCSE,Nasdaq Copenhagen,DKK
214,"Europe, The Middle East and Africa",Northern Europe,Denmark,Chr Hansen Holding,Food & Tobacco,Food & Beverage,,DK0060227585,B573M11,,,CHR,XCSE,Nasdaq Copenhagen,DKK
215,"Europe, The Middle East and Africa",Northern Europe,Norway,Cool Co Ltd,Energy Equipment & Services,Energy Equipment & Services,,,BPBKK81,,,CLCO,XOSL,Oslo Bors Asa,NOK
216,"Europe, The Middle East and Africa",Northern Europe,Denmark,Coloplast B,Medical Devices & Supplies,Medical Devices,,DK0060448595,B8FMRX8,,,COLO B,XCSE,Nasdaq Copenhagen,DKK
217,"Europe, The Middle East and Africa",Northern Europe,Norway,Crayon Group Holding As,Software & IT Solutions / Digital Services,Software & Digital Services,,,BD9PZ12,,,CRAYN,XOSL,Oslo Bors Asa,NOK
218,"Europe, The Middle East and Africa",Northern Europe,Finland,Citycon,Real Estate Operations,Real Estate,,FI4000369947,BHWV281,,,CTY1S,XHEL,NASDAQ Helsinki,EUR
219,"Europe, The Middle East and Africa",Northern Europe,Denmark,Danske Bank,Banking Services,Banking,S45888252,DK0010274414,4588825,,,DANSKE,XCSE,Nasdaq Copenhagen,DKK
220,"Europe, The Middle East and Africa",Northern Europe,Denmark,Demant,Medical Devices & Supplies,Medical Devices,,DK0060738599,BZ01RF1,,,DEMANT,XCSE,Nasdaq Copenhagen,DKK
221,"Europe, The Middle East and Africa",Northern Europe,Denmark,Dfds,Freight & Logistics Services,Logistics,,DK0060655629,BYSS4Q7,,,DFDS,XCSE,Nasdaq Copenhagen,DKK
222,"Europe, The Middle East and Africa",Northern Europe,Norway,Dnb Bank Asa,Banking Services,Banking,,,BNG7113,,,DNB,XOSL,Oslo Bors Asa,NOK
223,"Europe, The Middle East and Africa",Northern Europe,Norway,Dno Asa,Oil & Gas,Oil & Gas,,,B15GGN4,,,DNO,XOSL,Oslo Bors Asa,NOK
224,"Europe, The Middle East and Africa",Northern Europe,Denmark,Dampskibsselskabet Norden,Freight & Logistics Services,Logistics,,DK0060083210,B1WP656,,,DNORD,XCSE,Nasdaq Copenhagen,DKK
225,"Europe, The Middle East and Africa",Northern Europe,Denmark,Dsv,Freight & Logistics Services,Logistics,,DK0060079531,B1WT5G2,,,DSV,XCSE,Nasdaq Copenhagen,DKK
226,"Europe, The Middle East and Africa",Northern Europe,Finland,Elisa,Telecommunications Services,Telecommunications,S57015133,FI0009007884,5701513,,,ELISA,XHEL,NASDAQ Helsinki,EUR
227,"Europe, The Middle East and Africa",Northern Europe,Norway,Elkem Asa,Chemicals,Chemicals,,,BG0T3J8,,,ELK,XOSL,Oslo Bors Asa,NOK
228,"Europe, The Middle East and Africa",Northern Europe,Norway,Elopak Asa,Containers & Packaging,Packaging,,,BMCQVP1,,,ELO,XOSL,Oslo Bors Asa,NOK
229,"Europe, The Middle East and Africa",Northern Europe,Sweden,Electrolux B,Consumer & Household Products,Household Products,,,,,,ELUX B,XSTO,NASDAQ Stockholm,SEK
230,"Europe, The Middle East and Africa",Northern Europe,Sweden,Embracer Group,Software & IT Solutions / Digital Services,Software & Digital Services,,SE0016828511,BMDTR73,,,EMBRAC B,XSTO,NASDAQ Stockholm,SEK
231,"Europe, The Middle East and Africa",Northern Europe,Norway,Entra Asa,Real Estate Operations,Real Estate,,,BRJ2VC4,,,ENTRA,XOSL,Oslo Bors Asa,NOK
232,"Europe, The Middle East and Africa",Northern Europe,Sweden,Epiroc Class A,"Machinery, Equipment & Components",Machinery,,SE0015658109,BMD58R8,,,EPI A,XSTO,NASDAQ Stockholm,SEK
233,"Europe, The Middle East and Africa",Northern Europe,Sweden,Epiroc Class B,"Machinery, Equipment & Components",Machinery,,SE0015658117,BMD58W3,,,EPI B,XSTO,NASDAQ Stockholm,SEK
234,"Europe, The Middle East and Africa",Northern Europe,Norway,Europris Asa,Diversified Retail,Retail,,,BZ07696,,,EPR,XOSL,Oslo Bors Asa,NOK
235,"Europe, The Middle East and Africa",Northern Europe,Norway,Equinor Asa,Oil & Gas,Oil & Gas,,,7133608,,,EQNR,XOSL,Oslo Bors Asa,NOK
236,"Europe, The Middle East and Africa",Northern Europe,Sweden,Eqt,Investment & Securities Firms,Investment Services,,SE0012853455,BJ7W9K4,,,EQT,XSTO,NASDAQ Stockholm,SEK
237,"Europe, The Middle East and Africa",Northern Europe,Sweden,Ericsson B,Communications & Networking,Communications Equipment,S59593780,SE0000108656,5959378,,,ERIC B,XSTO,NASDAQ Stockholm,SEK
238,"Europe, The Middle East and Africa",Northern Europe,Sweden,Essity Class B,Consumer & Household Products,Household Products,,SE0009922164,BF1K7P7,,,ESSITY B,XSTO,NASDAQ Stockholm,SEK
239,"Europe, The Middle East and Africa",Northern Europe,Sweden,Evolution,Hotels & Entertainment Services,"Leisure, Hospitality & Travel",,SE0012673267,BJXSCH4,,,EVO,XSTO,NASDAQ Stockholm,SEK
240,"Europe, The Middle East and Africa",Northern Europe,Finland,Finnair,Passenger Transportation Services,Transportation,S43363928,FI0009003230,4336392,,,FIA1S,XHEL,NASDAQ Helsinki,EUR
241,"Europe, The Middle East and Africa",Northern Europe,Norway,Flex Lng Ltd,Energy Equipment & Services,Energy Equipment & Services,,,BJJMGB2,,,FLNG,XOSL,Oslo Bors Asa,NOK
242,"Europe, The Middle East and Africa",Northern Europe,Denmark,Flsmidth And Co.,Metals & Mining,Mining,S52635745,DK0010234467,5263574,,,FLS,XCSE,Nasdaq Copenhagen,DKK
243,"Europe, The Middle East and Africa",Northern Europe,Finland,Fortum,Electrical Utilities & IPPs,Utilities,S55795504,FI0009007132,5579550,,,FORTUM,XHEL,NASDAQ Helsinki,EUR
244,"Europe, The Middle East and Africa",Northern Europe,Norway,Frontline Plc,Energy Equipment & Services,Energy Equipment & Services,,,BMHDM54,,,FRO,XOSL,Oslo Bors Asa,NOK
245,"Europe, The Middle East and Africa",Northern Europe,Finland,F-Secure Oyj,Software & IT Solutions / Digital Services,Software & Digital Services,,FI4000519236,BMH2HP6,,,FSECURE,XHEL,NASDAQ Helsinki,EUR
246,"Europe, The Middle East and Africa",Northern Europe,Sweden,Getinge B,Medical Devices & Supplies,Medical Devices,S76983568,SE0000202624,7698356,,,GETI B,XSTO,NASDAQ Stockholm,SEK
247,"Europe, The Middle East and Africa",Northern Europe,Norway,Gjensidige Forsikring Asa,Insurance,Insurance,,,B4PH0C5,,,GJF,XOSL,Oslo Bors Asa,NOK
248,"Europe, The Middle East and Africa",Northern Europe,Denmark,Genmab,Biotechnology & Life Sciences,Biotechnology,S45957396,DK0010272202,4595739,,,GMAB,XCSE,Nasdaq Copenhagen,DKK
249,"Europe, The Middle East and Africa",Northern Europe,Denmark,Gn Store Nord,Consumer Electronics,Consumer Electronics,S45010931,DK0010272632,4501093,,,GN,XCSE,Nasdaq Copenhagen,DKK
250,"Europe, The Middle East and Africa",Northern Europe,Norway,Golden Ocean Group Ltd,Freight & Logistics Services,Logistics,,,BDCHQL2,,,GOGL,XOSL,Oslo Bors Asa,NOK
251,"Europe, The Middle East and Africa",Northern Europe,Norway,Grieg Seafood Asa,Food & Tobacco,Food & Beverage,,,B1Y1P66,,,GSF,XOSL,Oslo Bors Asa,NOK
252,"Europe, The Middle East and Africa",Northern Europe,Norway,Hafnia Ltd,Energy Equipment & Services,Energy Equipment & Services,,,BJK0P85,,,HAFNI,XOSL,Oslo Bors Asa,NOK
253,"Europe, The Middle East and Africa",Northern Europe,Norway,Hoegh Autoliners Asa,Freight & Logistics Services,Logistics,,,BMFDP24,,,HAUTO,XOSL,Oslo Bors Asa,NOK
254,"Europe, The Middle East and Africa",Northern Europe,Norway,Hexagon Composites Asa,"Machinery, Equipment & Components",Machinery,,,5186002,,,HEX,XOSL,Oslo Bors Asa,NOK
255,"Europe, The Middle East and Africa",Northern Europe,Sweden,Hexagon Class B,Electronic Components & Systems,Electronics,,SE0015961909,BNZFHC1,,,HEXA B,XSTO,NASDAQ Stockholm,SEK
256,"Europe, The Middle East and Africa",Northern Europe,Denmark,H. Lundbeck Class A,Pharmaceuticals,Pharmaceuticals,,DK0061804697,BMGTJR4,,,HLUN A,XCSE,Nasdaq Copenhagen,DKK
257,"Europe, The Middle East and Africa",Northern Europe,Denmark,H. Lundbeck Class B,Pharmaceuticals,Pharmaceuticals,,DK0061804770,BMGTJT6,,,HLUN B,XCSE,Nasdaq Copenhagen,DKK
258,"Europe, The Middle East and Africa",Northern Europe,Sweden,Hennes & Mauritz,Specialty Retailers,Retail,S56874316,SE0000106270,5687431,,,HM B,XSTO,NASDAQ Stockholm,SEK
259,"Europe, The Middle East and Africa",Northern Europe,Sweden,Holmen Class B,Paper & Forest Products,Paper & Forest Products,,SE0011090018,BDQQ1Q5,,,HOLM B,XSTO,NASDAQ Stockholm,SEK
260,"Europe, The Middle East and Africa",Northern Europe,Norway,Hexagon Purus Asa,Renewable Energy,Renewable Energy,,,BN7FJV2,,,HPUR,XOSL,Oslo Bors Asa,NOK
261,"Europe, The Middle East and Africa",Northern Europe,Finland,Huhtamaki,Containers & Packaging,Packaging,S44474765,FI0009000459,4447476,,,HUH1V,XHEL,NASDAQ Helsinki,EUR
262,"Europe, The Middle East and Africa",Northern Europe,Sweden,Husqvarna,Consumer & Household Products,Household Products,,SE0001662230,B12PJ24,,,HUSQ B,XSTO,NASDAQ Stockholm,SEK
263,"Europe, The Middle East and Africa",Northern Europe,Finland,Incap,"Machinery, Equipment & Components",Machinery,S52494333,FI0009006407,5249433,,,ICP1V,XHEL,NASDAQ Helsinki,EUR
264,"Europe, The Middle East and Africa",Northern Europe,Sweden,Indutrade,"Machinery, Equipment & Components",Machinery,,SE0001515552,B0LDBX7,,,INDT,XSTO,NASDAQ Stockholm,SEK
265,"Europe, The Middle East and Africa",Northern Europe,Denmark,Iss A S,Professional & Commercial Services,Professional Services,,DK0060542181,BKJ9RT5,,,ISS,XCSE,Nasdaq Copenhagen,DKK
266,"Europe, The Middle East and Africa",Northern Europe,Denmark,Jyske Bank,Banking Services,Banking,,DK0010307958,B0386J1,,,JYSK,XCSE,Nasdaq Copenhagen,DKK
267,"Europe, The Middle East and Africa",Northern Europe,Norway,Kahoot! Asa,Software & IT Solutions / Digital Services,Software & Digital Services,,,BZ17B89,,,KAHOT,XOSL,Oslo Bors Asa,NOK
268,"Europe, The Middle East and Africa",Northern Europe,Finland,Konecranes,"Machinery, Equipment & Components",Machinery,,FI0009005870,B11WFP1,,,KCR,XHEL,NASDAQ Helsinki,EUR
269,"Europe, The Middle East and Africa",Northern Europe,Finland,Kemira,Chemicals,Chemicals,S45136124,FI0009004824,4513612,,,KEMIRA,XHEL,NASDAQ Helsinki,EUR
270,"Europe, The Middle East and Africa",Northern Europe,Finland,Kempower,"Machinery, Equipment & Components",Machinery,,FI4000513593,BP6VMQ1,,,KEMPOWR,XHEL,NASDAQ Helsinki,EUR
271,"Europe, The Middle East and Africa",Northern Europe,Finland,Kesko Class B,Food & Drug Retailing,Food Retail,S44900058,FI0009000202,4490005,,,KESKOB,XHEL,NASDAQ Helsinki,EUR
272,"Europe, The Middle East and Africa",Northern Europe,Norway,Kitron Asa,Electronic Components & Systems,Electronics,,,5399684,,,KIT,XOSL,Oslo Bors Asa,NOK
273,"Europe, The Middle East and Africa",Northern Europe,Finland,Kone,"Machinery, Equipment & Components",Machinery,,FI0009013403,B09M9D2,,,KNEBV,XHEL,NASDAQ Helsinki,EUR
274,"Europe, The Middle East and Africa",Northern Europe,Norway,Kongsberg Gruppen Asa,Aerospace & Defense,Aerospace & Defense,,,5208241,,,KOG,XOSL,Oslo Bors Asa,NOK
275,"Europe, The Middle East and Africa",Northern Europe,Finland,Kojamo,Real Estate Operations,Real Estate,,FI4000312251,BFYR8L8,,,KOJAMO,XHEL,NASDAQ Helsinki,EUR
276,"Europe, The Middle East and Africa",Northern Europe,Sweden,Lifco Class B,Consumer Goods Conglomerates,Diversified Consumer Goods,,SE0015949201,BL6K7K9,,,LIFCO B,XSTO,NASDAQ Stockholm,SEK
277,"Europe, The Middle East and Africa",Northern Europe,Norway,Leroy Seafood Group Asa,Food & Tobacco,Food & Beverage,,,4691916,,,LSG,XOSL,Oslo Bors Asa,NOK
278,"Europe, The Middle East and Africa",Northern Europe,Denmark,A P Moller Maersk,Freight & Logistics Services,Logistics,S42530592,DK0010244425,4253059,,,MAERSK A,XCSE,Nasdaq Copenhagen,DKK
279,"Europe, The Middle East and Africa",Northern Europe,Denmark,A P Moller Maersk B,Freight & Logistics Services,Logistics,S42530485,DK0010244508,4253048,,,MAERSK B,XCSE,Nasdaq Copenhagen,DKK
280,"Europe, The Middle East and Africa",Northern Europe,Denmark,Matas,Specialty Retailers,Retail,,DK0060497295,BBL4QM1,,,MATAS,XCSE,Nasdaq Copenhagen,DKK
281,"Europe, The Middle East and Africa",Northern Europe,Finland,Marimekko,Textiles & Apparel,Textiles & Apparel,S56458375,FI0009007660,5645837,,,MEKKO,XHEL,NASDAQ Helsinki,EUR
282,"Europe, The Middle East and Africa",Northern Europe,Finland,Metsa Board Class B,Containers & Packaging,Packaging,S50714328,FI0009000665,5071432,,,METSB,XHEL,NASDAQ Helsinki,EUR
283,"Europe, The Middle East and Africa",Northern Europe,Finland,Metso Oyj Npv,"Machinery, Equipment & Components",Machinery,,FI0009014575,B1FN8X9,,,METSO,XHEL,NASDAQ Helsinki,EUR
284,"Europe, The Middle East and Africa",Northern Europe,Norway,Sparebank 1 Smn,Banking Services,Banking,,,B0LGG75,,,MING,XOSL,Oslo Bors Asa,NOK
285,"Europe, The Middle East and Africa",Northern Europe,Norway,Mowi Asa,Food & Tobacco,Food & Beverage,,,B02L486,,,MOWI,XOSL,Oslo Bors Asa,NOK
286,"Europe, The Middle East and Africa",Northern Europe,Norway,Mpc Container Ships As,Freight & Logistics Services,Logistics,,,BF20GN7,,,MPCC,XOSL,Oslo Bors Asa,NOK
287,"Europe, The Middle East and Africa",Northern Europe,Finland,Musti Group,Specialty Retailers,Retail,,FI4000410758,BKT6105,,,MUSTI,XHEL,NASDAQ Helsinki,EUR
288,"Europe, The Middle East and Africa",Northern Europe,Norway,Norwegian Air Shuttle As,Passenger Transportation Services,Transportation,,,7742123,,,NAS,XOSL,Oslo Bors Asa,NOK
289,"Europe, The Middle East and Africa",Northern Europe,Denmark,Nordea Bank,Banking Services,Banking,,,,,,NDA DK,XCSE,Nasdaq Copenhagen,DKK
290,"Europe, The Middle East and Africa",Northern Europe,Finland,Nordea Bank,Banking Services,Banking,,,,,,NDA FI,XHEL,NASDAQ Helsinki,EUR
291,"Europe, The Middle East and Africa",Northern Europe,Sweden,Nordea Bank,Banking Services,Banking,,FI4000297767,BYZF9J9,,,NDA SE,XSTO,NASDAQ Stockholm,SEK
292,"Europe, The Middle East and Africa",Northern Europe,Norway,Nel Asa,Renewable Energy,Renewable Energy,,,B02NR83,,,NEL,XOSL,Oslo Bors Asa,NOK
293,"Europe, The Middle East and Africa",Northern Europe,Finland,Neste,Oil & Gas,Oil & Gas,,FI0009013296,B06YV46,,,NESTE,XHEL,NASDAQ Helsinki,EUR
294,"Europe, The Middle East and Africa",Northern Europe,Denmark,Netcompany Group,Software & IT Solutions / Digital Services,Software & Digital Services,,DK0060952919,BFYDWS1,,,NETC,XCSE,Nasdaq Copenhagen,DKK
295,"Europe, The Middle East and Africa",Northern Europe,Norway,Norsk Hydro Asa,Metals & Mining,Mining,,,B11HK39,,,NHY,XOSL,Oslo Bors Asa,NOK
296,"Europe, The Middle East and Africa",Northern Europe,Sweden,Nibe Industrier Class B,"Machinery, Equipment & Components",Machinery,,SE0015988019,BN7BZM3,,,NIBE B,XSTO,NASDAQ Stockholm,SEK
297,"Europe, The Middle East and Africa",Northern Europe,Denmark,Nkt,"Machinery, Equipment & Components",Machinery,S71063549,DK0010287663,7106354,,,NKT,XCSE,Nasdaq Copenhagen,DKK
298,"Europe, The Middle East and Africa",Northern Europe,Denmark,Nilfisk Holding,"Machinery, Equipment & Components",Machinery,,DK0060907293,BZ01ZR9,,,NLFSK,XCSE,Nasdaq Copenhagen,DKK
299,"Europe, The Middle East and Africa",Northern Europe,Norway,Nordic Semiconductor Asa,Semiconductors & Chip Technologies,Semiconductors,,,B00ZG06,,,NOD,XOSL,Oslo Bors Asa,NOK
300,"Europe, The Middle East and Africa",Northern Europe,Finland,Nokia,Communications & Networking,Communications Equipment,S59029413,FI0009000681,5902941,,,NOKIA,XHEL,NASDAQ Helsinki,EUR
301,"Europe, The Middle East and Africa",Northern Europe,Norway,Sparebank 1 Nord-Norge,Banking Services,Banking,,,B06T259,,,NONG,XOSL,Oslo Bors Asa,NOK
302,"Europe, The Middle East and Africa",Northern Europe,Denmark,Novo Nordisk Class B,Pharmaceuticals,Pharmaceuticals,,DK0060534915,BHC8X90,,,NOVO B,XCSE,Nasdaq Copenhagen,DKK
303,"Europe, The Middle East and Africa",Northern Europe,Norway,Norske Skog Asa,Paper & Forest Products,Paper & Forest Products,,,BKTRF73,,,NSKOG,XOSL,Oslo Bors Asa,NOK
304,"Europe, The Middle East and Africa",Northern Europe,Denmark,Ntg Nordic Transport Group,Freight & Logistics Services,Logistics,,DK0061141215,BGV1V77,,,NTG,XCSE,Nasdaq Copenhagen,DKK
305,"Europe, The Middle East and Africa",Northern Europe,Norway,Nykode Therapeutics Asa,Biotechnology & Life Sciences,Biotechnology,,,BL1GQG1,,,NYKD,XOSL,Oslo Bors Asa,NOK
306,"Europe, The Middle East and Africa",Northern Europe,Denmark,Novozymes B,Chemicals,Chemicals,,DK0060336014,B798FW0,,,NZYM B,XCSE,Nasdaq Copenhagen,DKK
307,"Europe, The Middle East and Africa",Northern Europe,Norway,Odfjell Drilling Ltd,Energy Equipment & Services,Energy Equipment & Services,,,BDX87W2,,,ODL,XOSL,Oslo Bors Asa,NOK
308,"Europe, The Middle East and Africa",Northern Europe,Finland,Oriola Class B,Pharmaceuticals,Pharmaceuticals,,FI0009014351,B17NY95,,,OKDBV,XHEL,NASDAQ Helsinki,EUR
309,"Europe, The Middle East and Africa",Northern Europe,Norway,Orkla Asa,Food & Tobacco,Food & Beverage,,,B1VQF42,,,ORK,XOSL,Oslo Bors Asa,NOK
310,"Europe, The Middle East and Africa",Northern Europe,Finland,Orion Class B,Pharmaceuticals,Pharmaceuticals,,FI0009014377,B17NY40,,,ORNBV,XHEL,NASDAQ Helsinki,EUR
311,"Europe, The Middle East and Africa",Northern Europe,Denmark,Orsted,Electrical Utilities & IPPs,Utilities,,DK0060094928,BYT16L4,,,ORSTED,XCSE,Nasdaq Copenhagen,DKK
312,"Europe, The Middle East and Africa",Northern Europe,Finland,Outokumpu,Metals & Mining,Mining,S46651485,FI0009002422,4665148,,,OUT1V,XHEL,NASDAQ Helsinki,EUR
313,"Europe, The Middle East and Africa",Northern Europe,Denmark,Per Aarsleff Holding Class B,Construction & Engineering,Construction & Engineering,,DK0060700516,BYMM001,,,PAAL B,XCSE,Nasdaq Copenhagen,DKK
314,"Europe, The Middle East and Africa",Northern Europe,Norway,Pgs Asa,Energy Equipment & Services,Energy Equipment & Services,,,B1L7YL5,,,PGS,XOSL,Oslo Bors Asa,NOK
315,"Europe, The Middle East and Africa",Northern Europe,Denmark,Pandora,Textiles & Apparel,Textiles & Apparel,,DK0060252690,B44XTX8,,,PNDORA,XCSE,Nasdaq Copenhagen,DKK
316,"Europe, The Middle East and Africa",Northern Europe,Norway,Protector Forsikring Asa,Insurance,Insurance,,,B182K93,,,PROT,XOSL,Oslo Bors Asa,NOK
317,"Europe, The Middle East and Africa",Northern Europe,Finland,Puuilo,Diversified Retail,Retail,,FI4000507124,BL979V2,,,PUUILO,XHEL,NASDAQ Helsinki,EUR
318,"Europe, The Middle East and Africa",Northern Europe,Finland,Qt Group,Software & IT Solutions / Digital Services,Software & Digital Services,,FI4000198031,BYZQHX2,,,QTCOM,XHEL,NASDAQ Helsinki,EUR
319,"Europe, The Middle East and Africa",Northern Europe,Denmark,Royal Unibrew,Beverages,Food & Beverage,,DK0060634707,BX8ZX20,,,RBREW,XCSE,Nasdaq Copenhagen,DKK
320,"Europe, The Middle East and Africa",Northern Europe,Norway,Rec Silicon Asa,Chemicals,Chemicals,,,B01VHW2,,,RECSI,XOSL,Oslo Bors Asa,NOK
321,"Europe, The Middle East and Africa",Northern Europe,Finland,Revenio Group,Medical Devices & Supplies,Medical Devices,S71958243,FI0009010912,7195824,,,REG1V,XHEL,NASDAQ Helsinki,EUR
322,"Europe, The Middle East and Africa",Northern Europe,Denmark,Ringkjobing Landbobank,Banking Services,Banking,,DK0060854669,BF1KD82,,,RILBA,XCSE,Nasdaq Copenhagen,DKK
323,"Europe, The Middle East and Africa",Northern Europe,Denmark,Rockwool International B,Construction Materials,Construction Materials,S47134903,DK0010219153,4713490,,,ROCK B,XCSE,Nasdaq Copenhagen,DKK
324,"Europe, The Middle East and Africa",Northern Europe,Sweden,Saab B,Aerospace & Defense,Aerospace & Defense,S54695549,SE0000112385,5469554,,,SAAB B,XSTO,NASDAQ Stockholm,SEK
325,"Europe, The Middle East and Africa",Northern Europe,Sweden,Sagax Class B,Real Estate Operations,Real Estate,,SE0005127818,B9M3PK4,,,SAGA B,XSTO,NASDAQ Stockholm,SEK
326,"Europe, The Middle East and Africa",Northern Europe,Norway,Salmar Asa,Food & Tobacco,Food & Beverage,,,B1W5NW2,,,SALM,XOSL,Oslo Bors Asa,NOK
327,"Europe, The Middle East and Africa",Northern Europe,Finland,Sampo,Insurance,Insurance,S52260387,FI0009003305,5226038,,,SAMPO,XHEL,NASDAQ Helsinki,EUR
328,"Europe, The Middle East and Africa",Northern Europe,Sweden,Sandvik,Metals & Mining,Mining,,SE0000667891,B1VQ252,,,SAND,XSTO,NASDAQ Stockholm,SEK
329,"Europe, The Middle East and Africa",Northern Europe,Sweden,Samhallsbyggnadsbolaget,Real Estate Operations,Real Estate,,,,,,SBB B,XSTO,NASDAQ Stockholm,SEK
330,"Europe, The Middle East and Africa",Northern Europe,Sweden,Svenska Cellulosa B,Paper & Forest Products,Paper & Forest Products,,SE0000112724,B1VVGZ5,,,SCA B,XSTO,NASDAQ Stockholm,SEK
331,"Europe, The Middle East and Africa",Northern Europe,Norway,Scatec Asa,Electrical Utilities & IPPs,Utilities,,,BQSSWW3,,,SCATC,XOSL,Oslo Bors Asa,NOK
332,"Europe, The Middle East and Africa",Northern Europe,Norway,Schibsted Asa-Cl A,Media & Publishing,Media,,,4790534,,,SCHA,XOSL,Oslo Bors Asa,NOK
333,"Europe, The Middle East and Africa",Northern Europe,Norway,Schibsted Asa-B Shs,Media & Publishing,Media,,,BWVFKQ3,,,SCHB,XOSL,Oslo Bors Asa,NOK
334,"Europe, The Middle East and Africa",Northern Europe,Denmark,Schouw And Co,Food & Tobacco,Food & Beverage,S56908593,DK0010253921,5690859,,,SCHO,XCSE,Nasdaq Copenhagen,DKK
335,"Europe, The Middle East and Africa",Northern Europe,Sweden,Skandinaviska Enskilda Banken,Banking Services,Banking,S48133458,SE0000148884,4813345,,,SEB A,XSTO,NASDAQ Stockholm,SEK
336,"Europe, The Middle East and Africa",Northern Europe,Sweden,Securitas B,Professional & Commercial Services,Professional Services,S55540413,SE0000163594,5554041,,,SECU B,XSTO,NASDAQ Stockholm,SEK
337,"Europe, The Middle East and Africa",Northern Europe,Sweden,Svenska Handelsbanken-A Shs,Banking Services,Banking,,SE0007100599,BXDZ9Q1,,,SHB A,XSTO,NASDAQ Stockholm,SEK
338,"Europe, The Middle East and Africa",Northern Europe,Denmark,Simcorp,Software & IT Solutions / Digital Services,Software & Digital Services,,DK0060495240,BBCR9N1,,,SIM,XCSE,Nasdaq Copenhagen,DKK
339,"Europe, The Middle East and Africa",Northern Europe,Sweden,Sinch Ab,Software & IT Solutions / Digital Services,Software & Digital Services,,,,,,SINCH,XSTO,NASDAQ Stockholm,SEK
340,"Europe, The Middle East and Africa",Northern Europe,Sweden,Skanska B,Construction & Engineering,Construction & Engineering,S71420913,SE0000113250,7142091,,,SKA B,XSTO,NASDAQ Stockholm,SEK
341,"Europe, The Middle East and Africa",Northern Europe,Sweden,Skf B,"Machinery, Equipment & Components",Machinery,,SE0000108227,B1Q3J35,,,SKF B,XSTO,NASDAQ Stockholm,SEK
342,"Europe, The Middle East and Africa",Northern Europe,Norway,Stolt-Nielsen Ltd,Freight & Logistics Services,Logistics,,,B4PKZG3,,,SNI,XOSL,Oslo Bors Asa,NOK
343,"Europe, The Middle East and Africa",Northern Europe,Sweden,Swedish Orphan Biovitrum,Pharmaceuticals,Pharmaceuticals,,SE0000872095,B1CC9H0,,,SOBI,XSTO,NASDAQ Stockholm,SEK
344,"Europe, The Middle East and Africa",Northern Europe,Denmark,Solar Class B,Construction & Engineering,Construction & Engineering,S48216725,DK0010274844,4821672,,,SOLAR B,XCSE,Nasdaq Copenhagen,DKK
345,"Europe, The Middle East and Africa",Northern Europe,Denmark,Spar Nord Bank,Banking Services,Banking,,DK0060036564,B14LS01,,,SPNO,XCSE,Nasdaq Copenhagen,DKK
346,"Europe, The Middle East and Africa",Northern Europe,Norway,Sparebank 1 Oestlandet,Banking Services,Banking,,,BZ12WQ9,,,SPOL,XOSL,Oslo Bors Asa,NOK
347,"Europe, The Middle East and Africa",Northern Europe,Norway,Sparebank 1 Sr Bank Asa,Banking Services,Banking,,,B40JTQ3,,,SRBNK,XOSL,Oslo Bors Asa,NOK
348,"Europe, The Middle East and Africa",Northern Europe,Finland,Ssab B,Metals & Mining,Mining,,,,,,SSABBH,XHEL,NASDAQ Helsinki,EUR
349,"Europe, The Middle East and Africa",Northern Europe,Norway,Storebrand Asa,Investment & Securities Firms,Investment Services,,,4852832,,,STB,XOSL,Oslo Bors Asa,NOK
350,"Europe, The Middle East and Africa",Northern Europe,Finland,Stora Enso Class R,Containers & Packaging,Packaging,S50726736,FI0009005961,5072673,,,STERV,XHEL,NASDAQ Helsinki,EUR
351,"Europe, The Middle East and Africa",Northern Europe,Denmark,Scandinavian Tobacco Group,Food & Tobacco,Food & Beverage,,DK0060696300,BYZGMM6,,,STG,XCSE,Nasdaq Copenhagen,DKK
352,"Europe, The Middle East and Africa",Northern Europe,Norway,Subsea 7 Sa,Energy Equipment & Services,Energy Equipment & Services,,,5258246,,,SUBC,XOSL,Oslo Bors Asa,NOK
353,"Europe, The Middle East and Africa",Northern Europe,Sweden,Swedbank,Banking Services,Banking,S48465231,SE0000242455,4846523,,,SWED A,XSTO,NASDAQ Stockholm,SEK
354,"Europe, The Middle East and Africa",Northern Europe,Denmark,Sydbank,Banking Services,Banking,,DK0010311471,B06JSP1,,,SYDB,XCSE,Nasdaq Copenhagen,DKK
355,"Europe, The Middle East and Africa",Northern Europe,Norway,Telenor Asa,Telecommunications Services,Telecommunications,,,4732495,,,TEL,XOSL,Oslo Bors Asa,NOK
356,"Europe, The Middle East and Africa",Northern Europe,Sweden,Tele2 B,Telecommunications Services,Telecommunications,,SE0005190238,B97C733,,,TEL2 B,XSTO,NASDAQ Stockholm,SEK
357,"Europe, The Middle East and Africa",Northern Europe,Sweden,Telia Company,Telecommunications Services,Telecommunications,S59783845,SE0000667925,5978384,,,TELIA,XSTO,NASDAQ Stockholm,SEK
358,"Europe, The Middle East and Africa",Northern Europe,Finland,Telia Company,Telecommunications Services,Telecommunications,,,,,,TELIA1,XHEL,NASDAQ Helsinki,EUR
359,"Europe, The Middle East and Africa",Northern Europe,Norway,Tgs Asa,Energy Equipment & Services,Energy Equipment & Services,,,B15SLC4,,,TGS,XOSL,Oslo Bors Asa,NOK
360,"Europe, The Middle East and Africa",Northern Europe,Finland,Tieto,Software & IT Solutions / Digital Services,Software & Digital Services,S54797022,FI0009000277,5479702,,,TIETO,XHEL,NASDAQ Helsinki,EUR
361,"Europe, The Middle East and Africa",Northern Europe,Finland,Talenom,Professional & Commercial Services,Professional Services,,FI4000153580,BWVFL82,,,TNOM,XHEL,NASDAQ Helsinki,EUR
362,"Europe, The Middle East and Africa",Northern Europe,Finland,Tokmanni Group Corporation,Diversified Retail,Retail,,FI4000197934,BD3CWG3,,,TOKMAN,XHEL,NASDAQ Helsinki,EUR
363,"Europe, The Middle East and Africa",Northern Europe,Norway,Tomra Systems Asa,"Machinery, Equipment & Components",Machinery,,,BPLXRG7,,,TOM,XOSL,Oslo Bors Asa,NOK
364,"Europe, The Middle East and Africa",Northern Europe,Denmark,Topdanmark,Insurance,Insurance,,DK0060477503,B94P973,,,TOP,XCSE,Nasdaq Copenhagen,DKK
365,"Europe, The Middle East and Africa",Northern Europe,Denmark,Trifork Holding Ag,Software & IT Solutions / Digital Services,Software & Digital Services,,CH1111227810,BL9ZH89,,,TRIFOR,XCSE,Nasdaq Copenhagen,DKK
366,"Europe, The Middle East and Africa",Northern Europe,Denmark,Torm Plc Class A,Energy Equipment & Services,Energy Equipment & Services,,GB00BZ3CNK81,BZ3CNK8,,,TRMD A,XCSE,Nasdaq Copenhagen,DKK
367,"Europe, The Middle East and Africa",Northern Europe,Denmark,Tryg,Insurance,Insurance,,DK0060636678,BXDZ972,,,TRYG,XCSE,Nasdaq Copenhagen,DKK
368,"Europe, The Middle East and Africa",Northern Europe,Finland,Nokian Renkaat,Automobiles & Auto Parts,Automotive,,FI0009005318,B07G378,,,TYRES,XHEL,NASDAQ Helsinki,EUR
369,"Europe, The Middle East and Africa",Northern Europe,Finland,Upm-Kymmene,Paper & Forest Products,Paper & Forest Products,S50512524,FI0009005987,5051252,,,UPM,XHEL,NASDAQ Helsinki,EUR
370,"Europe, The Middle East and Africa",Northern Europe,Finland,Uponor Oyj,Residential Construction & Materials,Residential Construction,S52326717,FI0009002158,5232671,,,UPONOR,XHEL,NASDAQ Helsinki,EUR
371,"Europe, The Middle East and Africa",Northern Europe,Finland,Valmet,"Machinery, Equipment & Components",Machinery,,FI4000074984,BH6XZT5,,,VALMT,XHEL,NASDAQ Helsinki,EUR
372,"Europe, The Middle East and Africa",Northern Europe,Norway,Veidekke Asa,Construction & Engineering,Construction & Engineering,,,B1XCHJ7,,,VEI,XOSL,Oslo Bors Asa,NOK
373,"Europe, The Middle East and Africa",Northern Europe,Sweden,Volvo Car Class B,Automobiles & Auto Parts,Automotive,,SE0016844831,BMXC0X9,,,VOLCAR B,XSTO,NASDAQ Stockholm,SEK
374,"Europe, The Middle East and Africa",Northern Europe,Sweden,Volvo Class A,"Machinery, Equipment & Components",Machinery,928856202,SE0000115420,B1QH7Y4,,,VOLV A,XSTO,NASDAQ Stockholm,SEK
375,"Europe, The Middle East and Africa",Northern Europe,Sweden,Volvo Class B,"Machinery, Equipment & Components",Machinery,928856301,SE0000115446,B1QH830,,,VOLV B,XSTO,NASDAQ Stockholm,SEK
376,"Europe, The Middle East and Africa",Northern Europe,Denmark,Vestas Wind Systems,Renewable Energy,Renewable Energy,,DK0061539921,BN4MYF5,,,VWS,XCSE,Nasdaq Copenhagen,DKK
377,"Europe, The Middle East and Africa",Northern Europe,Norway,Wallenius Wilhelmsen Asa,Freight & Logistics Services,Logistics,,,B55WMQ5,,,WAWI,XOSL,Oslo Bors Asa,NOK
378,"Europe, The Middle East and Africa",Northern Europe,Finland,Wartsila,"Machinery, Equipment & Components",Machinery,S45251899,FI0009003727,4525189,,,WRT1V,XHEL,NASDAQ Helsinki,EUR
379,"Europe, The Middle East and Africa",Northern Europe,Norway,Yara International Asa,Chemicals,Chemicals,,,7751259,,,YAR,XOSL,Oslo Bors Asa,NOK
380,"Europe, The Middle East and Africa",Northern Europe,Finland,Yit,Residential Construction & Materials,Residential Construction,,FI0009800643,B11BQV1,,,YIT,XHEL,NASDAQ Helsinki,EUR
381,"Europe, The Middle East and Africa",Northern Europe,Denmark,Zealand Pharma,Biotechnology & Life Sciences,Biotechnology,,DK0060257814,B0SDJB4,,,ZEAL,XCSE,Nasdaq Copenhagen,DKK
382,"Europe, The Middle East and Africa",Southern Europe,Italy,A2A SpA,Electrical Utilities & IPPs,Utilities,,,,,,A2A,XMIL,Borsa Italiana,EUR
383,"Europe, The Middle East and Africa",Southern Europe,Spain,Acs Actividades De Construccion Y,Construction & Engineering,Construction & Engineering,,ES0167050915,B01FLQ6,,,ACS,BMEX,Bolsas y Mercados Espanoles,EUR
384,"Europe, The Middle East and Africa",Southern Europe,Spain,Acerinox,Metals & Mining,Mining,,,,,,ACX,BMEX,Bolsas y Mercados Espanoles,EUR
385,"Europe, The Middle East and Africa",Southern Europe,Spain,Aena Sme Sa,Transport Infrastructure,Transportation Infrastructure,,ES0105046009,BVRZ8L1,,,AENA,BMEX,Bolsas y Mercados Espanoles,EUR
386,"Europe, The Middle East and Africa",Southern Europe,Portugal,ALTRI SGPS SA,Paper & Forest Products,Paper & Forest Products,,PTALT0AE0002,B13ZSL5,,,ALTR,XLIS,Euronext Lisbon,EUR
387,"Europe, The Middle East and Africa",Southern Europe,Italy,Amplifon,Medical Devices & Supplies,Medical Devices,,IT0004056880,B14NJ71,,,AMP,XMIL,Borsa Italiana,EUR
388,"Europe, The Middle East and Africa",Southern Europe,Spain,Amadeus It Group Sa,Software & IT Solutions / Digital Services,Software & Digital Services,,ES0109067019,B3MSM28,,,AMS,BMEX,Bolsas y Mercados Espanoles,EUR
389,"Europe, The Middle East and Africa",Southern Europe,Spain,Acciona Sa,Construction & Engineering,Construction & Engineering,S55791073,ES0125220311,5579107,,,ANA,BMEX,Bolsas y Mercados Espanoles,EUR
390,"Europe, The Middle East and Africa",Southern Europe,Spain,Corporacion Acciona Energias Renov,Electrical Utilities & IPPs,Utilities,,ES0105563003,BP7L895,,,ANE,BMEX,Bolsas y Mercados Espanoles,EUR
391,"Europe, The Middle East and Africa",Southern Europe,Italy,Azimut Holding SpA,Investment & Securities Firms,Investment Services,,,,,,AZM,XMIL,Borsa Italiana,EUR
392,"Europe, The Middle East and Africa",Southern Europe,Italy,Banco BPM SpA,Banking Services,Banking,,,,,,BAMI,XMIL,Borsa Italiana,EUR
393,"Europe, The Middle East and Africa",Southern Europe,Spain,Banco Bilbao Vizcaya Argentaria Sa,Banking Services,Banking,S55019061,ES0113211835,5501906,,,BBVA,BMEX,Bolsas y Mercados Espanoles,EUR
394,"Europe, The Middle East and Africa",Southern Europe,Portugal,BANCO COM PORT-R,Banking Services,Banking,,PTBCP0AM0015,BZCNN35,,,BCP,XLIS,Euronext Lisbon,EUR
395,"Europe, The Middle East and Africa",Southern Europe,Italy,Banca Generali SpA,Banking Services,Banking,,,,,,BGN,XMIL,Borsa Italiana,EUR
396,"Europe, The Middle East and Africa",Southern Europe,Spain,Bankinter,Banking Services,Banking,,,,,,BKT,BMEX,Bolsas y Mercados Espanoles,EUR
397,"Europe, The Middle East and Africa",Southern Europe,Italy,Banca Mediolanum SpA,Banking Services,Banking,,,,,,BMED,XMIL,Borsa Italiana,EUR
398,"Europe, The Middle East and Africa",Southern Europe,Italy,Banca Monte dei Paschi di Siena SpA,Banking Services,Banking,,,,,,BMPS,XMIL,Borsa Italiana,EUR
399,"Europe, The Middle East and Africa",Southern Europe,Italy,Bper Banca SpA,Banking Services,Banking,,,,,,BPE,XMIL,Borsa Italiana,EUR
400,"Europe, The Middle East and Africa",Southern Europe,Spain,Caixabank Sa,Banking Services,Banking,,ES0140609019,B283W97,,,CABK,BMEX,Bolsas y Mercados Espanoles,EUR
401,"Europe, The Middle East and Africa",Southern Europe,Spain,Cellnex Telecom Sa,Telecommunications Services,Telecommunications,,ES0105066007,BX90C05,,,CLNX,BMEX,Bolsas y Mercados Espanoles,EUR
402,"Europe, The Middle East and Africa",Southern Europe,Italy,Cnh Industrial Nv,"Machinery, Equipment & Components",Machinery,,NL0010545661,BDSV2V0,,,CNHI,XNYS,New York Stock Exchange,USD
403,"Europe, The Middle East and Africa",Southern Europe,Spain,Inmobiliaria Colonial,Real Estate Investment Trusts (REITs),Real Estate Investment Trusts (REITs),,,,,,COL,BMEX,Bolsas y Mercados Espanoles,EUR
404,"Europe, The Middle East and Africa",Southern Europe,Portugal,CORTICEIRA AMORIM SA,Paper & Forest Products,Paper & Forest Products,,PTCOR0AE0006,4657736,,,COR,XLIS,Euronext Lisbon,EUR
405,"Europe, The Middle East and Africa",Southern Europe,Italy,Davide Campari Milano Nv,Beverages,Food & Beverage,,NL0015435975,BMQ5W17,,,CPR,XMIL,Borsa Italiana,EUR
406,"Europe, The Middle East and Africa",Southern Europe,Portugal,CTT-CORREIOS DE PORTUGAL,Freight & Logistics Services,Logistics,,PTCTT0AM0001,BGQYC45,,,CTT,XLIS,Euronext Lisbon,EUR
407,"Europe, The Middle East and Africa",Southern Europe,Italy,Diasorin,Medical Devices & Supplies,Medical Devices,,IT0003492391,B234WN9,,,DIA,XMIL,Borsa Italiana,EUR
408,"Europe, The Middle East and Africa",Southern Europe,Portugal,EDP,Electrical Utilities & IPPs,Utilities,,PTEDP0AM0009,4103596,,,EDP,XLIS,Euronext Lisbon,EUR
409,"Europe, The Middle East and Africa",Southern Europe,Portugal,EDP RENOVAVEIS SA,Electrical Utilities & IPPs,Utilities,,ES0127797019,B39GNW2,,,EDPR,XLIS,Euronext Lisbon,EUR
410,"Europe, The Middle East and Africa",Southern Europe,Portugal,MOTA ENGIL SGPS SA,Construction & Engineering,Construction & Engineering,,PTMEN0AE0005,7025471,,,EGL,XLIS,Euronext Lisbon,EUR
411,"Europe, The Middle East and Africa",Southern Europe,Spain,Endesa Sa,Electrical Utilities & IPPs,Utilities,S52717824,ES0130670112,5271782,,,ELE,BMEX,Bolsas y Mercados Espanoles,EUR
412,"Europe, The Middle East and Africa",Southern Europe,Italy,Enel,Electrical Utilities & IPPs,Utilities,S71445696,IT0003128367,7144569,,,ENEL,XMIL,Borsa Italiana,EUR
413,"Europe, The Middle East and Africa",Southern Europe,Spain,Enagas Sa,Energy Equipment & Services,Energy Equipment & Services,S73830721,ES0130960018,7383072,,,ENG,BMEX,Bolsas y Mercados Espanoles,EUR
414,"Europe, The Middle East and Africa",Southern Europe,Italy,Eni,Oil & Gas,Oil & Gas,S71450563,IT0003132476,7145056,,,ENI,XMIL,Borsa Italiana,EUR
415,"Europe, The Middle East and Africa",Southern Europe,Italy,ERG SpA,Electrical Utilities & IPPs,Utilities,,,,,,ERG,XMIL,Borsa Italiana,EUR
416,"Europe, The Middle East and Africa",Southern Europe,Italy,Finecobank Banca Fineco,Banking Services,Banking,,IT0000072170,BNGN9Z1,,,FBK,XMIL,Borsa Italiana,EUR
417,"Europe, The Middle East and Africa",Southern Europe,Spain,Fluidra,Leisure Products,Leisure Products,,,,,,FDR,BMEX,Bolsas y Mercados Espanoles,EUR
418,"Europe, The Middle East and Africa",Southern Europe,Spain,Ferrovial Se,Construction & Engineering,Construction & Engineering,,NL0015001FS8,BRS7CF0,,,FER,BMEX,Bolsas y Mercados Espanoles,EUR
419,"Europe, The Middle East and Africa",Southern Europe,Italy,Assicurazioni Generali,Insurance,Insurance,S40567190,IT0000062072,4056719,,,G,XMIL,Borsa Italiana,EUR
420,"Europe, The Middle East and Africa",Southern Europe,Portugal,GALP ENERGIA SGPS SA,Oil & Gas,Oil & Gas,,PTGAL0AM0009,B1FW751,,,GALP,XLIS,Euronext Lisbon,EUR
421,"Europe, The Middle East and Africa",Southern Europe,Spain,Grifols Sa Class A,Pharmaceuticals,Pharmaceuticals,,ES0171996087,BYY3DX6,,,GRF,BMEX,Bolsas y Mercados Espanoles,EUR
422,"Europe, The Middle East and Africa",Southern Europe,Portugal,GREENVOLT-ENERGI,Electrical Utilities & IPPs,Utilities,,PTGNV0AM0001,BMFBLL9,,,GVOLT,XLIS,Euronext Lisbon,EUR
423,"Europe, The Middle East and Africa",Southern Europe,Italy,Hera SpA,Integrated Utilities,Utilities,,,,,,HER,XMIL,Borsa Italiana,EUR
424,"Europe, The Middle East and Africa",Southern Europe,Spain,International Airlines Group,Passenger Transportation Services,Transportation,,,,,,IAG,BMEX,Bolsas y Mercados Espanoles,EUR
425,"Europe, The Middle East and Africa",Southern Europe,Spain,Iberdrola Sa,Electrical Utilities & IPPs,Utilities,,ES0144580Y14,B288C92,,,IBE,BMEX,Bolsas y Mercados Espanoles,EUR
426,"Europe, The Middle East and Africa",Southern Europe,Portugal,IBERSOL SGPS SA,Hotels & Entertainment Services,"Leisure, Hospitality & Travel",,PTIBS0AM0008,7003671,,,IBS,XLIS,Euronext Lisbon,EUR
427,"Europe, The Middle East and Africa",Southern Europe,Spain,Indra,Software & IT Solutions / Digital Services,Software & Digital Services,,,,,,IDR,BMEX,Bolsas y Mercados Espanoles,EUR
428,"Europe, The Middle East and Africa",Southern Europe,Italy,Italgas SpA,Natural Gas Utilities,Utilities,,,,,,IG,XMIL,Borsa Italiana,EUR
429,"Europe, The Middle East and Africa",Southern Europe,Italy,Infrastrutture Wireless Italiane,Telecommunications Services,Telecommunications,,IT0005090300,BZ0P4R4,,,INW,XMIL,Borsa Italiana,EUR
430,"Europe, The Middle East and Africa",Southern Europe,Italy,Interpump Group SpA,"Machinery, Equipment & Components",Machinery,,,,,,IP,XMIL,Borsa Italiana,EUR
431,"Europe, The Middle East and Africa",Southern Europe,Italy,Intesa Sanpaolo,Banking Services,Banking,S40768368,IT0000072618,4076836,,,ISP,XMIL,Borsa Italiana,EUR
432,"Europe, The Middle East and Africa",Southern Europe,Spain,Industria De Diseno Textil Inditex,Specialty Retailers,Retail,,ES0148396007,BP9DL90,,,ITX,BMEX,Bolsas y Mercados Espanoles,EUR
433,"Europe, The Middle East and Africa",Southern Europe,Italy,Iveco Group NV,"Machinery, Equipment & Components",Machinery,,,,,,IVG,XMIL,Borsa Italiana,EUR
434,"Europe, The Middle East and Africa",Southern Europe,Portugal,JERONIMO MARTINS,Food & Drug Retailing,Food Retail,,PTJMT0AE0001,B1Y1SQ7,,,JMT,XLIS,Euronext Lisbon,EUR
435,"Europe, The Middle East and Africa",Southern Europe,Italy,Leonardo SpA,Aerospace & Defense,Aerospace & Defense,,,,,,LDO,XMIL,Borsa Italiana,EUR
436,"Europe, The Middle East and Africa",Southern Europe,Spain,Logista,Freight & Logistics Services,Logistics,,,,,,LOG,BMEX,Bolsas y Mercados Espanoles,EUR
437,"Europe, The Middle East and Africa",Southern Europe,Spain,Mapfre,Insurance,Insurance,,,,,,MAP,BMEX,Bolsas y Mercados Espanoles,EUR
438,"Europe, The Middle East and Africa",Southern Europe,Italy,Mediobanca Banca Di Credito Finanz,Banking Services,Banking,S45748134,IT0000062957,4574813,,,MB,XMIL,Borsa Italiana,EUR
439,"Europe, The Middle East and Africa",Southern Europe,Spain,Meliá Hotels,Hotels & Entertainment Services,"Leisure, Hospitality & Travel",,,,,,MEL,BMEX,Bolsas y Mercados Espanoles,EUR
440,"Europe, The Middle East and Africa",Southern Europe,Italy,Moncler,Textiles & Apparel,Textiles & Apparel,,IT0004965148,BGLP232,,,MONC,XMIL,Borsa Italiana,EUR
441,"Europe, The Middle East and Africa",Southern Europe,Spain,Merlin Properties,Real Estate Investment Trusts (REITs),Real Estate Investment Trusts (REITs),,,,,,MRL,BMEX,Bolsas y Mercados Espanoles,EUR
442,"Europe, The Middle East and Africa",Southern Europe,Spain,ArcelorMittal,Metals & Mining,Mining,,,,,,MTS,BMEX,Bolsas y Mercados Espanoles,EUR
443,"Europe, The Middle East and Africa",Southern Europe,Italy,Nexi,Professional & Commercial Services,Professional Services,,IT0005366767,BJ1F880,,,NEXI,XMIL,Borsa Italiana,EUR
444,"Europe, The Middle East and Africa",Southern Europe,Portugal,NOS SGPS,Telecommunications Services,Telecommunications,,PTZON0AM0006,B0B9GS5,,,NOS,XLIS,Euronext Lisbon,EUR
445,"Europe, The Middle East and Africa",Southern Europe,Spain,Naturgy Energy Sa,Natural Gas Utilities,Utilities,S56504228,ES0116870314,5650422,,,NTGY,BMEX,Bolsas y Mercados Espanoles,EUR
446,"Europe, The Middle East and Africa",Southern Europe,Portugal,NAVIGATOR CO SA/THE,Paper & Forest Products,Paper & Forest Products,,PTPTI0AM0006,7018556,,,NVG,XLIS,Euronext Lisbon,EUR
447,"Europe, The Middle East and Africa",Southern Europe,Portugal,PHAROL SGPS SA,Telecommunications Services,Telecommunications,,,5817186,,,PHR,XLIS,Euronext Lisbon,EUR
448,"Europe, The Middle East and Africa",Southern Europe,Italy,Pirelli & C SpA,Automobiles & Auto Parts,Automotive,,,,,,PIRC,XMIL,Borsa Italiana,EUR
449,"Europe, The Middle East and Africa",Southern Europe,Italy,Prysmian,"Machinery, Equipment & Components",Machinery,,IT0004176001,B1W4V69,,,PRY,XMIL,Borsa Italiana,EUR
450,"Europe, The Middle East and Africa",Southern Europe,Italy,Poste Italiane,Freight & Logistics Services,Logistics,,IT0003796171,BYYN701,,,PST,XMIL,Borsa Italiana,EUR
451,"Europe, The Middle East and Africa",Southern Europe,Italy,Ferrari Nv,Automobiles & Auto Parts,Automotive,,NL0011585146,BD6G507,,,RACE,XMIL,Borsa Italiana,EUR
452,"Europe, The Middle East and Africa",Southern Europe,Portugal,RAMADA INVESTIME,Metals & Mining,Mining,,,B39Z233,,,RAM,XLIS,Euronext Lisbon,EUR
453,"Europe, The Middle East and Africa",Southern Europe,Italy,Recordati Industria Chimica E Farm,Pharmaceuticals,Pharmaceuticals,,IT0003828271,B07DRZ5,,,REC,XMIL,Borsa Italiana,EUR
454,"Europe, The Middle East and Africa",Southern Europe,Spain,Redeia Corporacion Sa,Electrical Utilities & IPPs,Utilities,,ES0173093024,BD6FXN3,,,RED,BMEX,Bolsas y Mercados Espanoles,EUR
455,"Europe, The Middle East and Africa",Southern Europe,Portugal,REN-REDE ENERGET,Electrical Utilities & IPPs,Utilities,,PTREL0AM0008,B233HR5,,,RENE,XLIS,Euronext Lisbon,EUR
456,"Europe, The Middle East and Africa",Southern Europe,Spain,Repsol Sa,Oil & Gas,Oil & Gas,S56693542,ES0173516115,5669354,,,REP,BMEX,Bolsas y Mercados Espanoles,EUR
457,"Europe, The Middle East and Africa",Southern Europe,Spain,Laboratorios Rovi [es],Pharmaceuticals,Pharmaceuticals,,,,,,ROVI,BMEX,Bolsas y Mercados Espanoles,EUR
458,"Europe, The Middle East and Africa",Southern Europe,Spain,Banco Sabadell,Banking Services,Banking,,,,,,SAB,BMEX,Bolsas y Mercados Espanoles,EUR
459,"Europe, The Middle East and Africa",Southern Europe,Spain,Sacyr,Construction & Engineering,Construction & Engineering,,,,,,SACYR,BMEX,Bolsas y Mercados Espanoles,EUR
460,"Europe, The Middle East and Africa",Southern Europe,Spain,Banco Santander Sa,Banking Services,Banking,S57059461,ES0113900J37,5705946,,,SAN,BMEX,Bolsas y Mercados Espanoles,EUR
461,"Europe, The Middle East and Africa",Southern Europe,Portugal,SEMAPA,Paper & Forest Products,Paper & Forest Products,,PTSEM0AM0004,5962934,,,SEM,XLIS,Euronext Lisbon,EUR
462,"Europe, The Middle East and Africa",Southern Europe,Spain,Solaria,Electrical Utilities & IPPs,Utilities,,,,,,SLR,BMEX,Bolsas y Mercados Espanoles,EUR
463,"Europe, The Middle East and Africa",Southern Europe,Portugal,SONAE,Food & Drug Retailing,Food Retail,,PTSON0AM0001,5973992,,,SON,XLIS,Euronext Lisbon,EUR
464,"Europe, The Middle East and Africa",Southern Europe,Italy,Saipem SpA,Energy Equipment & Services,Energy Equipment & Services,,,,,,SPM,XMIL,Borsa Italiana,EUR
465,"Europe, The Middle East and Africa",Southern Europe,Italy,Snam,Energy Equipment & Services,Energy Equipment & Services,S72514706,IT0003153415,7251470,,,SRG,XMIL,Borsa Italiana,EUR
466,"Europe, The Middle East and Africa",Southern Europe,Italy,Stellantis Nv,Automobiles & Auto Parts,Automotive,,NL00150001Q9,BMD8KX7,,,STLAM,XMIL,Borsa Italiana,EUR
467,"Europe, The Middle East and Africa",Southern Europe,Italy,STMicroelectronics NV,Semiconductors & Chip Technologies,Semiconductors,,,,,,STM,XNYS,New York Stock Exchange,USD
468,"Europe, The Middle East and Africa",Southern Europe,Spain,Telefonica Sa,Telecommunications Services,Telecommunications,879382109,ES0178430E18,5732524,,,TEF,BMEX,Bolsas y Mercados Espanoles,EUR
469,"Europe, The Middle East and Africa",Southern Europe,Italy,Tenaris Sa,Energy Equipment & Services,Energy Equipment & Services,S75385153,LU0156801721,7538515,,,TEN,XMIL,Borsa Italiana,EUR
470,"Europe, The Middle East and Africa",Southern Europe,Italy,Telecom Italia,Telecommunications Services,Telecommunications,S76343946,IT0003497168,7634394,,,TIT,XMIL,Borsa Italiana,EUR
471,"Europe, The Middle East and Africa",Southern Europe,Italy,Terna Rete Elettrica Nazionale,Electrical Utilities & IPPs,Utilities,,IT0003242622,B01BN57,,,TRN,XMIL,Borsa Italiana,EUR
472,"Europe, The Middle East and Africa",Southern Europe,Italy,Unicredit,Banking Services,Banking,,IT0005239360,BYMXPS7,,,UCG,XMIL,Borsa Italiana,EUR
473,"Europe, The Middle East and Africa",Southern Europe,Italy,Unipol Gruppo SpA,Insurance,Insurance,,,,,,UNI,XMIL,Borsa Italiana,EUR
474,"Europe, The Middle East and Africa",Southern Europe,Spain,Unicaja,Banking Services,Banking,,,,,,UNI,BMEX,Bolsas y Mercados Espanoles,EUR
475,"Europe, The Middle East and Africa",Sub-Saharan Africa,South Africa,Absa Group Ltd,Banking Services,Banking,,ZAE000255915,BFX05H3,,,ABG,XJSE,Johannesburg Stock Exchange,ZAR
476,"Europe, The Middle East and Africa",Sub-Saharan Africa,South Africa,Anglo,Metals & Mining,Mining,,,,,,AGL,XJSE,Johannesburg Stock Exchange,ZAR
477,"Europe, The Middle East and Africa",Sub-Saharan Africa,South Africa,Anglo American Platinum Ltd,Metals & Mining,Mining,S9122P108,ZAE000013181,6761000,,,AMS,XJSE,Johannesburg Stock Exchange,ZAR
478,"Europe, The Middle East and Africa",Sub-Saharan Africa,South Africa,Anglogold Ashanti Ltd,Metals & Mining,Mining,S04255196,ZAE000043485,6565655,,,ANG,XJSE,Johannesburg Stock Exchange,ZAR
479,"Europe, The Middle East and Africa",Sub-Saharan Africa,South Africa,Ab Inbev,Beverages,Food & Beverage,,,,,,ANH,XJSE,Johannesburg Stock Exchange,ZAR
480,"Europe, The Middle East and Africa",Sub-Saharan Africa,South Africa,Aspen Pharmacare Ltd,Pharmaceuticals,Pharmaceuticals,S0754A105,ZAE000066692,B09C0Z1,,,APN,XJSE,Johannesburg Stock Exchange,ZAR
481,"Europe, The Middle East and Africa",Sub-Saharan Africa,South Africa,African Rainbow Mineral Ltd,Metals & Mining,Mining,S60411220,ZAE000054045,6041122,,,ARI,XJSE,Johannesburg Stock Exchange,ZAR
482,"Europe, The Middle East and Africa",Sub-Saharan Africa,South Africa,Bhp,Metals & Mining,Mining,,,,,,BHG,XJSE,Johannesburg Stock Exchange,ZAR
483,"Europe, The Middle East and Africa",Sub-Saharan Africa,South Africa,Bid Corporation Ltd,Food & Drug Retailing,Food Retail,,ZAE000216537,BZBFKT7,,,BID,XJSE,Johannesburg Stock Exchange,ZAR
484,"Europe, The Middle East and Africa",Sub-Saharan Africa,South Africa,Bats,Food & Tobacco,Food & Beverage,,,,,,BTI,XJSE,Johannesburg Stock Exchange,ZAR
485,"Europe, The Middle East and Africa",Sub-Saharan Africa,South Africa,Bidvest Group Ltd,Consumer Goods Conglomerates,Diversified Consumer Goods,S1201R162,ZAE000117321,6100089,,,BVT,XJSE,Johannesburg Stock Exchange,ZAR
486,"Europe, The Middle East and Africa",Sub-Saharan Africa,South Africa,Richemont,Textiles & Apparel,Textiles & Apparel,,,,,,CFR,XJSE,Johannesburg Stock Exchange,ZAR
487,"Europe, The Middle East and Africa",Sub-Saharan Africa,South Africa,Clicks Group Ltd,Food & Drug Retailing,Food Retail,S61055786,ZAE000134854,6105578,,,CLS,XJSE,Johannesburg Stock Exchange,ZAR
488,"Europe, The Middle East and Africa",Sub-Saharan Africa,South Africa,Capitec Ltd,Banking Services,Banking,S64408594,ZAE000035861,6440859,,,CPI,XJSE,Johannesburg Stock Exchange,ZAR
489,"Europe, The Middle East and Africa",Sub-Saharan Africa,South Africa,Discovery Ltd,Insurance,Insurance,S61778783,ZAE000022331,6177878,,,DSY,XJSE,Johannesburg Stock Exchange,ZAR
490,"Europe, The Middle East and Africa",Sub-Saharan Africa,South Africa,Exxaro Resources Ltd,Coal,Mining,S64188014,ZAE000084992,6418801,,,EXX,XJSE,Johannesburg Stock Exchange,ZAR
491,"Europe, The Middle East and Africa",Sub-Saharan Africa,South Africa,Firstrand Ltd,Banking Services,Banking,S5202Z131,ZAE000066304,6606996,,,FSR,XJSE,Johannesburg Stock Exchange,ZAR
492,"Europe, The Middle East and Africa",Sub-Saharan Africa,South Africa,Gold Fields Ltd,Metals & Mining,Mining,S31755101,ZAE000018123,6280215,,,GFI,XJSE,Johannesburg Stock Exchange,ZAR
493,"Europe, The Middle East and Africa",Sub-Saharan Africa,South Africa,Glencore,Metals & Mining,Mining,,,,,,GLN,XJSE,Johannesburg Stock Exchange,ZAR
494,"Europe, The Middle East and Africa",Sub-Saharan Africa,South Africa,Growthpoint Prop Ltd Shs,Real Estate Investment Trusts (REITs),Real Estate Investment Trusts (REITs),,ZAE000179420,BBGB5W0,,,GRT,XJSE,Johannesburg Stock Exchange,ZAR
495,"Europe, The Middle East and Africa",Sub-Saharan Africa,South Africa,Harmony Gold Mining Company Limite,Metals & Mining,Mining,S34320101,ZAE000015228,6410562,,,HAR,XJSE,Johannesburg Stock Exchange,ZAR
496,"Europe, The Middle East and Africa",Sub-Saharan Africa,South Africa,Impala Platinum Ltd,Metals & Mining,Mining,S37840113,ZAE000083648,B1FFT76,,,IMP,XJSE,Johannesburg Stock Exchange,ZAR
497,"Europe, The Middle East and Africa",Sub-Saharan Africa,South Africa,Invplc,Investment & Securities Firms,Investment Services,,,,,,INP,XJSE,Johannesburg Stock Exchange,ZAR
498,"Europe, The Middle East and Africa",Sub-Saharan Africa,South Africa,Kumba Iron Ore Ltd,Metals & Mining,Mining,S4341C103,ZAE000085346,B1G4262,,,KIO,XJSE,Johannesburg Stock Exchange,ZAR
499,"Europe, The Middle East and Africa",Sub-Saharan Africa,South Africa,Multichoice Group Ltd,Media & Publishing,Media,,ZAE000265971,BHZSKR4,,,MCG,XJSE,Johannesburg Stock Exchange,ZAR
500,"Europe, The Middle East and Africa",Sub-Saharan Africa,South Africa,Mondiplc,Containers & Packaging,Packaging,,,,,,MNP,XJSE,Johannesburg Stock Exchange,ZAR
501,"Europe, The Middle East and Africa",Sub-Saharan Africa,South Africa,Mr Price Group Ltd,Specialty Retailers,Retail,,ZAE000200457,BYXW419,,,MRP,XJSE,Johannesburg Stock Exchange,ZAR
502,"Europe, The Middle East and Africa",Sub-Saharan Africa,South Africa,Mtn Group Ltd,Telecommunications Services,Telecommunications,S8039R108,ZAE000042164,6563206,,,MTN,XJSE,Johannesburg Stock Exchange,ZAR
503,"Europe, The Middle East and Africa",Sub-Saharan Africa,South Africa,Nedbank Group Ltd,Banking Services,Banking,S5518R104,ZAE000004875,6628008,,,NED,XJSE,Johannesburg Stock Exchange,ZAR
504,"Europe, The Middle East and Africa",Sub-Saharan Africa,South Africa,Northam Platinum Hldgs Ltd,Metals & Mining,Mining,,ZAE000298253,BMZ1NS0,,,NPH,XJSE,Johannesburg Stock Exchange,ZAR
505,"Europe, The Middle East and Africa",Sub-Saharan Africa,South Africa,Naspers Limited N Ltd,Software & IT Solutions / Digital Services,Software & Digital Services,S66226911,ZAE000015889,6622691,,,NPN,XJSE,Johannesburg Stock Exchange,ZAR
506,"Europe, The Middle East and Africa",Sub-Saharan Africa,South Africa,Nepi Rockcastle Nv,Real Estate Operations,Real Estate,,NL0015000RT3,BLF9GQ6,,,NRP,XJSE,Johannesburg Stock Exchange,ZAR
507,"Europe, The Middle East and Africa",Sub-Saharan Africa,South Africa,Old Mutual Limited Ltd,Insurance,Insurance,,ZAE000255360,BDVPYN5,,,OMU,XJSE,Johannesburg Stock Exchange,ZAR
508,"Europe, The Middle East and Africa",Sub-Saharan Africa,South Africa,Outsurance Group Ltd,Insurance,Insurance,,ZAE000314084,BN6QSM0,,,OUT,XJSE,Johannesburg Stock Exchange,ZAR
509,"Europe, The Middle East and Africa",Sub-Saharan Africa,South Africa,Pepkor Holdings Shs Ltd,Diversified Retail,Retail,,ZAE000259479,BFXG366,,,PPH,XJSE,Johannesburg Stock Exchange,ZAR
510,"Europe, The Middle East and Africa",Sub-Saharan Africa,South Africa,Prosus,Software & IT Solutions / Digital Services,Software & Digital Services,,,,,,PRX,XJSE,Johannesburg Stock Exchange,ZAR
511,"Europe, The Middle East and Africa",Sub-Saharan Africa,South Africa,Reinet Investments S.C.A.,Investment & Securities Firms,Investment Services,,LU0383812293,BF52QF2,,,RNI,XJSE,Johannesburg Stock Exchange,ZAR
512,"Europe, The Middle East and Africa",Sub-Saharan Africa,South Africa,South32,Metals & Mining,Mining,,,,,,S32,XJSE,Johannesburg Stock Exchange,ZAR
513,"Europe, The Middle East and Africa",Sub-Saharan Africa,South Africa,Standard Bank Group,Banking Services,Banking,S80605140,ZAE000109815,B030GJ7,,,SBK,XJSE,Johannesburg Stock Exchange,ZAR
514,"Europe, The Middle East and Africa",Sub-Saharan Africa,South Africa,Shoprite Holdings Ltd,Food & Drug Retailing,Food Retail,S76263102,ZAE000012084,6801575,,,SHP,XJSE,Johannesburg Stock Exchange,ZAR
515,"Europe, The Middle East and Africa",Sub-Saharan Africa,South Africa,Sanlam Limited Ltd,Insurance,Insurance,S7302C137,ZAE000070660,B0L6750,,,SLM,XJSE,Johannesburg Stock Exchange,ZAR
516,"Europe, The Middle East and Africa",Sub-Saharan Africa,South Africa,Sasol Ltd,Chemicals,Chemicals,803866102,ZAE000006896,6777450,,,SOL,XJSE,Johannesburg Stock Exchange,ZAR
517,"Europe, The Middle East and Africa",Sub-Saharan Africa,South Africa,Sibanye Stillwater Ltd,Metals & Mining,Mining,,ZAE000259701,BL0L913,,,SSW,XJSE,Johannesburg Stock Exchange,ZAR
518,"Europe, The Middle East and Africa",Sub-Saharan Africa,South Africa,The Foschini Group Ltd,Specialty Retailers,Retail,S63496889,ZAE000148466,6349688,,,TFG,XJSE,Johannesburg Stock Exchange,ZAR
519,"Europe, The Middle East and Africa",Sub-Saharan Africa,South Africa,Vodacom Group Ltd,Telecommunications Services,Telecommunications,S9453B108,ZAE000132577,B65B4D0,,,VOD,XJSE,Johannesburg Stock Exchange,ZAR
520,"Europe, The Middle East and Africa",Sub-Saharan Africa,South Africa,Woolworths Holding Ltd,Diversified Retail,Retail,S98758121,ZAE000063863,B06KZ97,,,WHL,XJSE,Johannesburg Stock Exchange,ZAR
521,"Europe, The Middle East and Africa",Western Europe,United Kingdom,888 Holdings Plc,Hotels & Entertainment Services,"Leisure, Hospitality & Travel",,GI000A0F6407,B0L4LM9,,,888,XLON,London Stock Exchange,GBP
522,"Europe, The Middle East and Africa",Western Europe,Germany,Covestro Ag,Insurance,Insurance,,DE0006062144,BYTBWY9,,,1COV,XETR,Xetra,EUR
523,"Europe, The Middle East and Africa",Western Europe,Germany,1&1 Ag,Automobiles & Auto Parts,Automotive,S57346728,DE0005545503,5734672,,,1U1,XETR,Xetra,EUR
524,"Europe, The Middle East and Africa",Western Europe,Germany,Curevac Nv,Biotechnology & Life Sciences,Biotechnology,,NL0015436031,BKPTW05,,,5CV,XETR,Xetra,EUR
525,"Europe, The Middle East and Africa",Western Europe,Ireland,Great Western Min.,Metals & Mining,Mining,,,,,,8GW,XDUB,Euronext Dublin,EUR
526,"Europe, The Middle East and Africa",Western Europe,Ireland,Aib Group Plc,Banking Services,Banking,,IE00BF0L3536,BF0L353,,,A5G,XDUB,Euronext Dublin,EUR
527,"Europe, The Middle East and Africa",Western Europe,Germany,Amadeus Fire Ag,Professional & Commercial Services,Professional Services,S56236623,DE0005093108,5623662,,,AAD,XETR,Xetra,EUR
528,"Europe, The Middle East and Africa",Western Europe,United Kingdom,Airtel Africa Plc,Telecommunications Services,Telecommunications,,GB00BKDRYJ47,BKDRYJ4,,,AAF,XLON,London Stock Exchange,GBP
529,"Europe, The Middle East and Africa",Western Europe,United Kingdom,Anglo American Plc,Metals & Mining,Mining,,GB00B1XZS820,B1XZS82,,,AAL,XLON,London Stock Exchange,GBP
530,"Europe, The Middle East and Africa",Western Europe,Netherlands,Aalberts Nv,"Machinery, Equipment & Components",Machinery,,NL0000852564,B1W8P14,,,AALB,XAMS,Euronext Amsterdam,EUR
531,"Europe, The Middle East and Africa",Western Europe,Switzerland,Abb Ltd,"Machinery, Equipment & Components",Machinery,S71088991,CH0012221716,7108899,,,ABBN,XSWX,SIX Swiss Exchange,CHF
532,"Europe, The Middle East and Africa",Western Europe,United Kingdom,Abrdn Plc,Investment & Securities Firms,Investment Services,,GB00BF8Q6K64,BF8Q6K6,,,ABDN,XLON,London Stock Exchange,GBP
533,"Europe, The Middle East and Africa",Western Europe,United Kingdom,Ab Dynamics Plc,Automobiles & Auto Parts,Automotive,,GB00B9GQVG73,B9GQVG7,,,ABDP,XLON,London Stock Exchange,GBP
534,"Europe, The Middle East and Africa",Western Europe,United Kingdom,Associated British Foods Plc,Food & Tobacco,Food & Beverage,S06731236,GB0006731235,673123,,,ABF,XLON,London Stock Exchange,GBP
535,"Europe, The Middle East and Africa",Western Europe,Belgium,Anheuser-Busch Inbev Sa,Beverages,Food & Beverage,,BE0974293251,BYYHL23,,,ABI,XBRU,Euronext Brussels,EUR
536,"Europe, The Middle East and Africa",Western Europe,Netherlands,Abn Amro Bank Nv,Banking Services,Banking,,NL0011540547,BYQP136,,,ABN,XAMS,Euronext Amsterdam,EUR
537,"Europe, The Middle East and Africa",Western Europe,France,Accor Sa,Hotels & Entertainment Services,"Leisure, Hospitality & Travel",S58528423,FR0000120404,5852842,,,AC,XPAR,Euronext Paris,EUR
538,"Europe, The Middle East and Africa",Western Europe,France,Credit Agricole Sa,Banking Services,Banking,S72626104,FR0000045072,7262610,,,ACA,XPAR,Euronext Paris,EUR
539,"Europe, The Middle East and Africa",Western Europe,Belgium,Ackermans & Van Haaren Nv,Construction & Engineering,Construction & Engineering,S57157745,BE0003764785,5715774,,,ACKB,XBRU,Euronext Brussels,EUR
540,"Europe, The Middle East and Africa",Western Europe,Ireland,Accenture Public Limited Company,Software & IT Solutions / Digital Services,Software & Digital Services,G1151C101,IE00B4BNMY34,B4BNMY3,,1467373,ACN,XNYS,New York Stock Exchange,USD
541,"Europe, The Middle East and Africa",Western Europe,Netherlands,Koninklijke Ahold Delhaize Nv,Food & Drug Retailing,Food Retail,,NL0011794037,BD0Q398,,,AD,XAMS,Euronext Amsterdam,EUR
542,"Europe, The Middle East and Africa",Western Europe,Switzerland,Adecco Group Ag,Professional & Commercial Services,Professional Services,S71107205,CH0012138605,7110720,,,ADEN,XSWX,SIX Swiss Exchange,CHF
543,"Europe, The Middle East and Africa",Western Europe,United Kingdom,Admiral Group Plc,Insurance,Insurance,,GB00B02J6398,B02J639,,,ADM,XLON,London Stock Exchange,GBP
544,"Europe, The Middle East and Africa",Western Europe,Germany,Adesso K,"Machinery, Equipment & Components",Machinery,S59906230,DE000A0Z23Q5,5990623,,,ADN1,XETR,Xetra,EUR
545,"Europe, The Middle East and Africa",Western Europe,France,Aeroports De Paris Sa,Transport Infrastructure,Transportation Infrastructure,,FR0010340141,B164FY1,,,ADP,XPAR,Euronext Paris,EUR
546,"Europe, The Middle East and Africa",Western Europe,Germany,Adidas N Ag,Textiles & Apparel,Textiles & Apparel,S40319766,DE000A1EWWW0,4031976,,,ADS,XETR,Xetra,EUR
547,"Europe, The Middle East and Africa",Western Europe,Germany,Adtran Networks,Medical Devices & Supplies,Medical Devices,S56534878,DE0005103006,5653487,,,ADV,XETR,Xetra,EUR
548,"Europe, The Middle East and Africa",Western Europe,Netherlands,Adyen Nv,Fintech Services / Digital Financial Platforms,FinTech,,NL0012969182,BZ1HM42,,,ADYEN,XAMS,Euronext Amsterdam,EUR
549,"Europe, The Middle East and Africa",Western Europe,Belgium,Aedifica Nv,Real Estate Investment Trusts (REITs),Real Estate Investment Trusts (REITs),,BE0003851681,B1G5XP1,,,AED,XBRU,Euronext Brussels,EUR
550,"Europe, The Middle East and Africa",Western Europe,Netherlands,Aercap Holdings Nv,Professional & Commercial Services,Professional Services,,NL0000687663,B1HHKD3,,,AER,XFRA,Deutsche Boerse AG,EUR
551,"Europe, The Middle East and Africa",Western Europe,United Kingdom,Alpha Financial Markets Consulting,Professional & Commercial Services,Professional Services,,GB00BF16C058,BF16C05,,,AFM,XLON,London Stock Exchange,GBP
552,"Europe, The Middle East and Africa",Western Europe,Germany,Carl Zeiss Meditec Ag,Software & IT Solutions / Digital Services,Software & Digital Services,S59229617,DE0005313704,5922961,,,AFX,XETR,Xetra,EUR
553,"Europe, The Middle East and Africa",Western Europe,Germany,Auto1 Group,Medical Devices & Supplies,Medical Devices,,DE000A2LQ884,BL5C4C7,,,AG1,XETR,Xetra,EUR
554,"Europe, The Middle East and Africa",Western Europe,Belgium,Agfa-Gevaert Nv,Medical Devices & Supplies,Medical Devices,S56890510,BE0003755692,5689051,,,AGFB,XBRU,Euronext Brussels,EUR
555,"Europe, The Middle East and Africa",Western Europe,Netherlands,Aegon Nv,Insurance,Insurance,S59273755,NL0000303709,5927375,,,AGN,XAMS,Euronext Amsterdam,EUR
556,"Europe, The Middle East and Africa",Western Europe,United Kingdom,Assura Reit Plc,Real Estate Investment Trusts (REITs),Real Estate Investment Trusts (REITs),,GB00BVGBWW93,BVGBWW9,,,AGR,XLON,London Stock Exchange,GBP
557,"Europe, The Middle East and Africa",Western Europe,Belgium,Ageas Sa,Insurance,Insurance,,BE0974264930,B86S2N0,,,AGS,XBRU,Euronext Brussels,EUR
558,"Europe, The Middle East and Africa",Western Europe,United Kingdom,Avi Global Trust,Pooled Investment Vehicles,Investment Services,,,,,,AGT,XLON,London Stock Exchange,GBP
559,"Europe, The Middle East and Africa",Western Europe,United Kingdom,Ashtead Group Plc,Professional & Commercial Services,Professional Services,S00536730,GB0000536739,53673,,,AHT,XLON,London Stock Exchange,GBP
560,"Europe, The Middle East and Africa",Western Europe,France,Lair Liquide Societe Anonyme Pour,Chemicals,Chemicals,,FR0000120073,B1YXBJ7,,,AI,XPAR,Euronext Paris,EUR
561,"Europe, The Middle East and Africa",Western Europe,France,Airbus Group,Aerospace & Defense,Aerospace & Defense,S40122509,NL0000235190,4012250,,,AIR,XPAR,Euronext Paris,EUR
562,"Europe, The Middle East and Africa",Western Europe,Germany,Airbus,Aerospace & Defense,Aerospace & Defense,,,,,,AIR,XETR,Xetra,EUR
563,"Europe, The Middle East and Africa",Western Europe,Germany,Aixtron,"Machinery, Equipment & Components",Machinery,S54683461,DE000A0WMPJ6,5468346,,,AIXA,XETR,Xetra,EUR
564,"Europe, The Middle East and Africa",Western Europe,United Kingdom,Aj Bell Plc,Investment & Securities Firms,Investment Services,,GB00BFZNLB60,BFZNLB6,,,AJB,XLON,London Stock Exchange,GBP
565,"Europe, The Middle East and Africa",Western Europe,France,Arkema Sa,Chemicals,Chemicals,,FR0010313833,B0Z5YZ2,,,AKE,XPAR,Euronext Paris,EUR
566,"Europe, The Middle East and Africa",Western Europe,Netherlands,Akzo Nobel Nv,Chemicals,Chemicals,,NL0013267909,BJ2KSG2,,,AKZA,XAMS,Euronext Amsterdam,EUR
567,"Europe, The Middle East and Africa",Western Europe,Switzerland,Alcon Ag,Medical Devices & Supplies,Medical Devices,,CH0432492467,BJT1GR5,,,ALC,XSWX,SIX Swiss Exchange,CHF
568,"Europe, The Middle East and Africa",Western Europe,Netherlands,Alfen Nv,"Machinery, Equipment & Components",Machinery,,NL0012817175,BG0SJ42,,,ALFEN,XAMS,Euronext Amsterdam,EUR
569,"Europe, The Middle East and Africa",Western Europe,Ireland,Allegion Public Limited Company,Communications & Networking,Communications Equipment,G0176J109,IE00BFRT3W74,BFRT3W7,,1579241,ALLE,XNYS,New York Stock Exchange,USD
570,"Europe, The Middle East and Africa",Western Europe,Netherlands,Allfunds Group Plc,Fintech Services / Digital Financial Platforms,FinTech,,GB00BNTJ3546,BNTJ354,,,ALLFG,XAMS,Euronext Amsterdam,EUR
571,"Europe, The Middle East and Africa",Western Europe,France,Alstom Sa,"Machinery, Equipment & Components",Machinery,,FR0010220475,B0DJ8Q5,,,ALO,XPAR,Euronext Paris,EUR
572,"Europe, The Middle East and Africa",Western Europe,United Kingdom,Alpha Group International Plc,Investment & Securities Firms,Investment Services,,GB00BF1TM596,BF1TM59,,,ALPH,XLON,London Stock Exchange,GBP
573,"Europe, The Middle East and Africa",Western Europe,Germany,Allianz,Electrical Utilities & IPPs,Utilities,S52314853,DE0008404005,5231485,,,ALV,XETR,Xetra,EUR
574,"Europe, The Middle East and Africa",Western Europe,France,Dassault Aviation Sa,Aerospace & Defense,Aerospace & Defense,,FR0014004L86,BMT9L19,,,AM,XPAR,Euronext Paris,EUR
575,"Europe, The Middle East and Africa",Western Europe,Ireland,Ardagh Metal Packaging Sa,Containers & Packaging,Packaging,,LU2369833749,BMWT6B1,,,AMBP,XNYS,New York Stock Exchange,USD
576,"Europe, The Middle East and Africa",Western Europe,Netherlands,Amg Critical Materials Nv,Metals & Mining,Mining,,NL0000888691,B1Z95S1,,,AMG,XAMS,Euronext Amsterdam,EUR
577,"Europe, The Middle East and Africa",Western Europe,United Kingdom,Aston Martin Lagonda Global Holdin,Automobiles & Auto Parts,Automotive,,GB00BN7CG237,BN7CG23,,,AML,XLON,London Stock Exchange,GBP
578,"Europe, The Middle East and Africa",Western Europe,United Kingdom,Advanced Medical Solutions Group P,Medical Devices & Supplies,Medical Devices,S04536595,GB0004536594,453659,,,AMS,XLON,London Stock Exchange,GBP
579,"Europe, The Middle East and Africa",Western Europe,France,Amundi Sa,Investment & Securities Firms,Investment Services,,FR0004125920,BYZR014,,,AMUN,XPAR,Euronext Paris,EUR
580,"Europe, The Middle East and Africa",Western Europe,United Kingdom,Antofagasta Plc,Metals & Mining,Mining,S00456145,GB0000456144,45614,,,ANTO,XLON,London Stock Exchange,GBP
581,"Europe, The Middle East and Africa",Western Europe,United Kingdom,Ao World,Specialty Retailers,Retail,,GB00BJTNFH41,BJTNFH4,,,AO,XLON,London Stock Exchange,GBP
582,"Europe, The Middle East and Africa",Western Europe,Germany,Atoss Software Ag,Investment & Securities Firms,Investment Services,S59273532,DE0005104400,5927353,,,AOF,XETR,Xetra,EUR
583,"Europe, The Middle East and Africa",Western Europe,Ireland,Aon Plc,Insurance,Insurance,,IE00BLP1HW54,BLP1HW5,,315293,AON,XNYS,New York Stock Exchange,USD
584,"Europe, The Middle East and Africa",Western Europe,Belgium,Aperam,Metals & Mining,Mining,,,,,,APAM,XAMS,Euronext Amsterdam,EUR
585,"Europe, The Middle East and Africa",Western Europe,United Kingdom,Apax Global Alpha,Pooled Investment Vehicles,Investment Services,,,,,,APAX,XLON,London Stock Exchange,GBP
586,"Europe, The Middle East and Africa",Western Europe,United Kingdom,Abrdn Private Equity Opportunities Trust,Pooled Investment Vehicles,Investment Services,,,,,,APEO,XLON,London Stock Exchange,GBP
587,"Europe, The Middle East and Africa",Western Europe,United Kingdom,Alliance Pharma Plc,Pharmaceuticals,Pharmaceuticals,S31030810,GB0031030819,3103081,,,APH,XLON,London Stock Exchange,GBP
588,"Europe, The Middle East and Africa",Western Europe,Ireland,Aptiv Plc,Automobiles & Auto Parts,Automotive,G6095L109,JE00B783TY65,B783TY6,,1521332,APTV,XNYS,New York Stock Exchange,USD
589,"Europe, The Middle East and Africa",Western Europe,Netherlands,Arcadis Nv,Construction & Engineering,Construction & Engineering,S57692097,NL0006237562,5769209,,,ARCAD,XAMS,Euronext Amsterdam,EUR
590,"Europe, The Middle East and Africa",Western Europe,Belgium,Argenx,Biotechnology & Life Sciences,Biotechnology,,NL0010832176,BNHKYX4,,,ARGX,XBRU,Euronext Brussels,EUR
591,"Europe, The Middle East and Africa",Western Europe,United Kingdom,Arm Holdings,Semiconductors & Chip Technologies,Semiconductors,42068205,US0420682058,,,1973239,ARM,XNAS,Nasdaq Stock Market,USD
592,"Europe, The Middle East and Africa",Western Europe,United Kingdom,Asos Plc,Diversified Retail,Retail,S30927255,GB0030927254,3092725,,,ASC,XLON,London Stock Exchange,GBP
593,"Europe, The Middle East and Africa",Western Europe,United Kingdom,Ascential Plc,Media & Publishing,Media,,GB00BYM8GJ06,BYM8GJ0,,,ASCL,XLON,London Stock Exchange,GBP
594,"Europe, The Middle East and Africa",Western Europe,United Kingdom,Ashmore Group Plc,Investment & Securities Firms,Investment Services,,GB00B132NW22,B132NW2,,,ASHM,XLON,London Stock Exchange,GBP
595,"Europe, The Middle East and Africa",Western Europe,United Kingdom,Aberforth Smaller Companies Trust,Pooled Investment Vehicles,Investment Services,,,,,,ASL,XLON,London Stock Exchange,GBP
596,"Europe, The Middle East and Africa",Western Europe,Netherlands,Asm International Nv,Semiconductors & Chip Technologies,Semiconductors,S51652949,NL0000334118,5165294,,,ASM,XAMS,Euronext Amsterdam,EUR
597,"Europe, The Middle East and Africa",Western Europe,Netherlands,Asml Holding Nv,Semiconductors & Chip Technologies,Semiconductors,,NL0010273215,B929F46,,,ASML,XAMS,Nasdaq Stock Market,USD
598,"Europe, The Middle East and Africa",Western Europe,Netherlands,Asr Nederland Nv,Insurance,Insurance,,NL0011872643,BD9PNF2,,,ASRNL,XAMS,Euronext Amsterdam,EUR
599,"Europe, The Middle East and Africa",Western Europe,Germany,Aroundtown Sa,Banking Services,Banking,,LU1673108939,BF0CK44,,,AT1,XETR,Xetra,EUR
600,"Europe, The Middle East and Africa",Western Europe,United Kingdom,Auction Technology Group Plc,Software & IT Solutions / Digital Services,Software & Digital Services,,GB00BMVQDZ64,BMVQDZ6,,,ATG,XLON,London Stock Exchange,GBP
601,"Europe, The Middle East and Africa",Western Europe,United Kingdom,Alliance Trust,Pooled Investment Vehicles,Investment Services,,,,,,ATST,XLON,London Stock Exchange,GBP
602,"Europe, The Middle East and Africa",Western Europe,United Kingdom,Allianz Technology Trust,Pooled Investment Vehicles,Investment Services,,,,,,ATT,XLON,London Stock Exchange,GBP
603,"Europe, The Middle East and Africa",Western Europe,United Kingdom,Atalaya Mining Plc,Metals & Mining,Mining,,CY0106002112,BYZTVM8,,,ATYM,XLON,London Stock Exchange,GBP
604,"Europe, The Middle East and Africa",Western Europe,United Kingdom,Auto Trader Group Plc,Software & IT Solutions / Digital Services,Software & Digital Services,,GB00BVYVFW23,BVYVFW2,,,AUTO,XLON,London Stock Exchange,GBP
605,"Europe, The Middle East and Africa",Western Europe,United Kingdom,Aviva Plc,Insurance,Insurance,,GB00BPQY8M80,BPQY8M8,,,AV,XLON,London Stock Exchange,GBP
606,"Europe, The Middle East and Africa",Western Europe,United Kingdom,Avon Protection Plc,Aerospace & Defense,Aerospace & Defense,S00667014,GB0000667013,66701,,,AVON,XLON,London Stock Exchange,GBP
607,"Europe, The Middle East and Africa",Western Europe,United Kingdom,Alphawave Ip Group Plc,Semiconductors & Chip Technologies,Semiconductors,,GB00BNDRMJ14,BNDRMJ1,,,AWE,XLON,London Stock Exchange,GBP
608,"Europe, The Middle East and Africa",Western Europe,United Kingdom,Astrazeneca Plc,Pharmaceuticals,Pharmaceuticals,S09895293,GB0009895292,989529,,91832,AZN,XNAS,Nasdaq Stock Market,USD
609,"Europe, The Middle East and Africa",Western Europe,Germany,Metro Ag,Banking Services,Banking,,DE000BFB0019,BD6QT83,,,B4B,XETR,Xetra,EUR
610,"Europe, The Middle East and Africa",Western Europe,United Kingdom,Bae Systems Plc,Aerospace & Defense,Aerospace & Defense,S02634947,GB0002634946,263494,,,BA,XLON,London Stock Exchange,GBP
611,"Europe, The Middle East and Africa",Western Europe,United Kingdom,Babcock International Group Plc,Aerospace & Defense,Aerospace & Defense,S09697038,GB0009697037,969703,,,BAB,XLON,London Stock Exchange,GBP
612,"Europe, The Middle East and Africa",Western Europe,Switzerland,Julius Baer Gruppe Ag,Banking Services,Banking,,CH0102484968,B4R2R50,,,BAER,XSWX,SIX Swiss Exchange,CHF
613,"Europe, The Middle East and Africa",Western Europe,United Kingdom,A G Barr Plc,Beverages,Food & Beverage,,GB00B6XZKY75,B6XZKY7,,,BAG,XLON,London Stock Exchange,GBP
614,"Europe, The Middle East and Africa",Western Europe,United Kingdom,Bakkavör,Food & Tobacco,Food & Beverage,,,,,,BAKK,XLON,London Stock Exchange,GBP
615,"Europe, The Middle East and Africa",Western Europe,Switzerland,Baloise Holding Ag,Insurance,Insurance,S71245948,CH0012410517,7124594,,,BALN,XSWX,SIX Swiss Exchange,CHF
616,"Europe, The Middle East and Africa",Western Europe,Netherlands,Bam Groep Koninklijke Nv,Construction & Engineering,Construction & Engineering,,NL0000337319,B12W5Y9,,,BAMNB,XAMS,Euronext Amsterdam,EUR
617,"Europe, The Middle East and Africa",Western Europe,Switzerland,Bachem Holding Ag,Biotechnology & Life Sciences,Biotechnology,,CH1176493729,BMXVKB4,,,BANB,XSWX,SIX Swiss Exchange,CHF
618,"Europe, The Middle East and Africa",Western Europe,Belgium,Barco Nv,Electronic Components & Systems,Electronics,,BE0974362940,BMB3BN1,,,BAR,XBRU,Euronext Brussels,EUR
619,"Europe, The Middle East and Africa",Western Europe,United Kingdom,Barclays Plc,Banking Services,Banking,S31348659,GB0031348658,3134865,,,BARC,XLON,London Stock Exchange,GBP
620,"Europe, The Middle East and Africa",Western Europe,Switzerland,Barry Callebaut Ag,Food & Tobacco,Food & Beverage,S54769294,CH0009002962,5476929,,,BARN,XSWX,SIX Swiss Exchange,CHF
621,"Europe, The Middle East and Africa",Western Europe,Germany,Basf N,Banking Services,Banking,S50865773,DE000BASF111,5086577,,,BAS,XETR,Xetra,EUR
622,"Europe, The Middle East and Africa",Western Europe,United Kingdom,British American Tobacco Plc,Food & Tobacco,Food & Beverage,S02875805,GB0002875804,287580,,,BATS,XLON,London Stock Exchange,GBP
623,"Europe, The Middle East and Africa",Western Europe,Germany,Bayer Ag,Banking Services,Banking,S50692110,DE000BAY0017,5069211,,,BAYN,XETR,Xetra,EUR
624,"Europe, The Middle East and Africa",Western Europe,United Kingdom,Bbgi,Investment & Securities Firms,Investment Services,,,,,,BBGI,XLON,London Stock Exchange,GBP
625,"Europe, The Middle East and Africa",Western Europe,United Kingdom,Bellevue Healthcare Trust,Pooled Investment Vehicles,Investment Services,,,,,,BBH,XLON,London Stock Exchange,GBP
626,"Europe, The Middle East and Africa",Western Europe,United Kingdom,Tritax Big Box Reit Plc,Real Estate Investment Trusts (REITs),Real Estate Investment Trusts (REITs),,GB00BG49KP99,BG49KP9,,,BBOX,XLON,London Stock Exchange,GBP
627,"Europe, The Middle East and Africa",Western Europe,United Kingdom,Balfour Beatty Plc,Construction & Engineering,Construction & Engineering,S00961623,GB0000961622,96162,,,BBY,XLON,London Stock Exchange,GBP
628,"Europe, The Middle East and Africa",Western Europe,Germany,Bechtle Ag,Banking Services,Banking,S59324095,DE0005158703,5932409,,,BC8,XETR,Xetra,EUR
629,"Europe, The Middle East and Africa",Western Europe,United Kingdom,Baltic Classifieds,Software & IT Solutions / Digital Services,Software & Digital Services,,,,,,BCG,XLON,London Stock Exchange,GBP
630,"Europe, The Middle East and Africa",Western Europe,United Kingdom,Balanced Commercial Property Trust,Real Estate Investment Trusts (REITs),Real Estate Investment Trusts (REITs),,GG00B4ZPCJ00,B4ZPCJ0,,,BCPT,XLON,London Stock Exchange,GBP
631,"Europe, The Middle East and Africa",Western Europe,Switzerland,Bc Vaud N,Banking Services,Banking,,CH0531751755,BMFY8R3,,,BCVN,XSWX,SIX Swiss Exchange,CHF
632,"Europe, The Middle East and Africa",Western Europe,United Kingdom,Barratt Developments,Residential Construction & Materials,Residential Construction,S00811802,GB0000811801,81180,,,BDEV,XLON,London Stock Exchange,GBP
633,"Europe, The Middle East and Africa",Western Europe,Germany,Bertrandt Ag,Electrical Utilities & IPPs,Utilities,S51308617,DE0005232805,5130861,,,BDT,XETR,Xetra,EUR
634,"Europe, The Middle East and Africa",Western Europe,Germany,Beiersdorf Ag,Integrated Utilities,Utilities,S51074011,DE0005200000,5107401,,,BEI,XETR,Xetra,EUR
635,"Europe, The Middle East and Africa",Western Europe,Belgium,Bekaert (D) Sa,Metals & Mining,Mining,S58274317,BE0974258874,5827431,,,BEKB,XBRU,Euronext Brussels,EUR
636,"Europe, The Middle East and Africa",Western Europe,Netherlands,Be Semiconductor Industries Nv,Semiconductors & Chip Technologies,Semiconductors,,NL0012866412,BG0SCK9,,,BESI,XAMS,Euronext Amsterdam,EUR
637,"Europe, The Middle East and Africa",Western Europe,Ireland,Barryroe Offshore,Oil & Gas,Oil & Gas,,,,,,BEY,XDUB,Euronext Dublin,EUR
638,"Europe, The Middle East and Africa",Western Europe,United Kingdom,Beazley Plc,Insurance,Insurance,,GB00BYQ0JC66,BYQ0JC6,,,BEZ,XLON,London Stock Exchange,GBP
639,"Europe, The Middle East and Africa",Western Europe,Netherlands,Basic-Fit Nv,Hotels & Entertainment Services,"Leisure, Hospitality & Travel",,NL0011872650,BD9Y9B7,,,BFIT,XAMS,Euronext Amsterdam,EUR
640,"Europe, The Middle East and Africa",Western Europe,Germany,Befesa Sa,Natural Gas Utilities,Utilities,,LU1704650164,BDZRDG3,,,BFSA,XETR,Xetra,EUR
641,"Europe, The Middle East and Africa",Western Europe,United Kingdom,Bank Of Georgia Group Plc,Banking Services,Banking,,GB00BF4HYT85,BF4HYT8,,,BGEO,XLON,London Stock Exchange,GBP
642,"Europe, The Middle East and Africa",Western Europe,United Kingdom,Baillie Gifford Japan Trust,Pooled Investment Vehicles,Investment Services,,,,,,BGFD,XLON,London Stock Exchange,GBP
643,"Europe, The Middle East and Africa",Western Europe,United Kingdom,Bh Macro,Pooled Investment Vehicles,Investment Services,,,,,,BHMG,XLON,London Stock Exchange,GBP
644,"Europe, The Middle East and Africa",Western Europe,France,Biomerieux Sa,Medical Devices & Supplies,Medical Devices,,FR0013280286,BF0LBX7,,,BIM,XPAR,Euronext Paris,EUR
645,"Europe, The Middle East and Africa",Western Europe,Ireland,Bank Of Ireland Gp,Banking Services,Banking,,IE00BD1RP616,BD1RP61,,,BIRG,XDUB,Euronext Dublin,EUR
646,"Europe, The Middle East and Africa",Western Europe,United Kingdom,Berkeley Group Holdings (The) Plc,Residential Construction & Materials,Residential Construction,,GB00BLJNXL82,BLJNXL8,,,BKG,XLON,London Stock Exchange,GBP
647,"Europe, The Middle East and Africa",Western Europe,Switzerland,Bkw N Ag,Electrical Utilities & IPPs,Utilities,,CH0130293662,B76D410,,,BKW,XSWX,SIX Swiss Exchange,CHF
648,"Europe, The Middle East and Africa",Western Europe,United Kingdom,British Land Reit Plc,Real Estate Investment Trusts (REITs),Real Estate Investment Trusts (REITs),S01367010,GB0001367019,136701,,,BLND,XLON,London Stock Exchange,GBP
649,"Europe, The Middle East and Africa",Western Europe,United Kingdom,B&M European Value Retail Sa,Diversified Retail,Retail,,LU1072616219,BMTRW10,,,BME,XLON,London Stock Exchange,GBP
650,"Europe, The Middle East and Africa",Western Europe,Germany,Bmw Ag,"Machinery, Equipment & Components",Machinery,D12096109,DE0005190003,5756029,,,BMW,XETR,Xetra,EUR
651,"Europe, The Middle East and Africa",Western Europe,Germany,Bmw Pref Ag,Automobiles & Auto Parts,Automotive,S57560302,DE0005190037,5756030,,,BMW3,XETR,Xetra,EUR
652,"Europe, The Middle East and Africa",Western Europe,France,Danone Sa,Food & Tobacco,Food & Beverage,,FR0000120644,B1Y9TB3,,,BN,XPAR,Euronext Paris,EUR
653,"Europe, The Middle East and Africa",Western Europe,United Kingdom,Bankers Investment Trust,Pooled Investment Vehicles,Investment Services,,,,,,BNKR,XLON,London Stock Exchange,GBP
654,"Europe, The Middle East and Africa",Western Europe,France,Bnp Paribas Sa,Banking Services,Banking,S73096810,FR0000131104,7309681,,,BNP,XPAR,Euronext Paris,EUR
655,"Europe, The Middle East and Africa",Western Europe,Germany,Brenntag,Aerospace & Defense,Aerospace & Defense,,DE000A1DAHH0,B4YVF56,,,BNR,XETR,Xetra,EUR
656,"Europe, The Middle East and Africa",Western Europe,United Kingdom,Bunzl,Industrial Distributors,Industrial Distribution,,GB00B0744B38,B0744B3,,,BNZL,XLON,London Stock Exchange,GBP
657,"Europe, The Middle East and Africa",Western Europe,France,Bollore,Media & Publishing,Media,S45727096,FR0000039299,4572709,,,BOL,XPAR,Euronext Paris,EUR
658,"Europe, The Middle East and Africa",Western Europe,United Kingdom,Boohoo Group Plc,Specialty Retailers,Retail,,JE00BG6L7297,BG6L729,,,BOO,XLON,London Stock Exchange,GBP
659,"Europe, The Middle East and Africa",Western Europe,Germany,Hugo Boss N Ag,Textiles & Apparel,Textiles & Apparel,,DE000A1PHFF7,B88MHC4,,,BOSS,XETR,Xetra,EUR
660,"Europe, The Middle East and Africa",Western Europe,United Kingdom,Bodycote Plc,"Machinery, Equipment & Components",Machinery,,GB00B3FLWH99,B3FLWH9,,,BOY,XLON,London Stock Exchange,GBP
661,"Europe, The Middle East and Africa",Western Europe,United Kingdom,Bp Plc,Oil & Gas,Oil & Gas,S07980592,GB0007980591,798059,,,BP,XLON,London Stock Exchange,GBP
662,"Europe, The Middle East and Africa",Western Europe,Belgium,Bpost Sa,Freight & Logistics Services,Logistics,,BE0974268972,BBH7K66,,,BPOST,XBRU,Euronext Brussels,EUR
663,"Europe, The Middle East and Africa",Western Europe,United Kingdom,Bridgepoint Group Plc,Investment & Securities Firms,Investment Services,,GB00BND88V85,BND88V8,,,BPT,XLON,London Stock Exchange,GBP
664,"Europe, The Middle East and Africa",Western Europe,United Kingdom,Burberry Group Plc,Specialty Retailers,Retail,S31743008,GB0031743007,3174300,,,BRBY,XLON,London Stock Exchange,GBP
665,"Europe, The Middle East and Africa",Western Europe,United Kingdom,Breedon Group Plc,Construction Materials,Construction Materials,,GB00BM8NFJ84,BM8NFJ8,,,BREE,XLON,London Stock Exchange,GBP
666,"Europe, The Middle East and Africa",Western Europe,United Kingdom,Blackrock Greater Europe Investment Trust,Pooled Investment Vehicles,Investment Services,,,,,,BRGE,XLON,London Stock Exchange,GBP
667,"Europe, The Middle East and Africa",Western Europe,Netherlands,Brunel International Nv,Professional & Commercial Services,Professional Services,,NL0010776944,BN573R4,,,BRNL,XAMS,Euronext Amsterdam,EUR
668,"Europe, The Middle East and Africa",Western Europe,United Kingdom,Blackrock Smaller Companies Trust,Pooled Investment Vehicles,Investment Services,,,,,,BRSC,XLON,London Stock Exchange,GBP
669,"Europe, The Middle East and Africa",Western Europe,United Kingdom,Blackrock World Mining Trust,Pooled Investment Vehicles,Investment Services,,,,,,BRWM,XLON,London Stock Exchange,GBP
670,"Europe, The Middle East and Africa",Western Europe,Netherlands,B&S Group Sa,Software & IT Solutions / Digital Services,Software & Digital Services,,LU1789205884,BFMH1Z5,,,BSGR,XAMS,Euronext Amsterdam,EUR
671,"Europe, The Middle East and Africa",Western Europe,United Kingdom,Bluefield Solar Income Fund,Pooled Investment Vehicles,Investment Services,,,,,,BSIF,XLON,London Stock Exchange,GBP
672,"Europe, The Middle East and Africa",Western Europe,Germany,Basler Ag,Office Equipment,Office Equipment,S56445885,DE0005102008,5644588,,,BSL,XETR,Xetra,EUR
673,"Europe, The Middle East and Africa",Western Europe,United Kingdom,Bt Group Plc,Telecommunications Services,Telecommunications,S30913578,GB0030913577,3091357,,,BT-A,XLON,London Stock Exchange,GBP
674,"Europe, The Middle East and Africa",Western Europe,United Kingdom,Burford Capital Ltd,Investment & Securities Firms,Investment Services,,GG00BMGYLN96,BMGYLN9,,,BUR,XLON,London Stock Exchange,GBP
675,"Europe, The Middle East and Africa",Western Europe,Germany,Borussia Dortmund,Hotels & Entertainment Services,"Leisure, Hospitality & Travel",S46271938,DE0005493092,4627193,,,BVB,XETR,Xetra,EUR
676,"Europe, The Middle East and Africa",Western Europe,France,Bureau Veritas Sa,Professional & Commercial Services,Professional Services,,FR0006174348,B28DTJ6,,,BVI,XPAR,Euronext Paris,EUR
677,"Europe, The Middle East and Africa",Western Europe,United Kingdom,Britvic Plc,Beverages,Food & Beverage,,GB00B0N8QD54,B0N8QD5,,,BVIC,XLON,London Stock Exchange,GBP
678,"Europe, The Middle East and Africa",Western Europe,United Kingdom,Bellway Plc,Residential Construction & Materials,Residential Construction,S00904987,GB0000904986,90498,,,BWY,XLON,London Stock Exchange,GBP
679,"Europe, The Middle East and Africa",Western Europe,United Kingdom,Big Yellow Group Plc,Real Estate Investment Trusts (REITs),Real Estate Investment Trusts (REITs),S02869410,GB0002869419,286941,,,BYG,XLON,London Stock Exchange,GBP
680,"Europe, The Middle East and Africa",Western Europe,United Kingdom,Bytes Technology Group Plc,Software & IT Solutions / Digital Services,Software & Digital Services,,GB00BMH18Q19,BMH18Q1,,,BYIT,XLON,London Stock Exchange,GBP
681,"Europe, The Middle East and Africa",Western Europe,Germany,Baywa Ag,Insurance,Insurance,S58380577,DE0005194062,5838057,,,BYW6,XETR,Xetra,EUR
682,"Europe, The Middle East and Africa",Western Europe,Ireland,Cairn Homes Plc,Residential Construction & Materials,Residential Construction,,IE00BWY4ZF18,BF2NP06,,,C5H,XDUB,Euronext Dublin,EUR
683,"Europe, The Middle East and Africa",Western Europe,France,Carrefour Sa,Food & Drug Retailing,Food Retail,S56415672,FR0000120172,5641567,,,CA,XPAR,Euronext Paris,EUR
684,"Europe, The Middle East and Africa",Western Europe,United Kingdom,Central Asia Metals Plc,Metals & Mining,Mining,,GB00B67KBV28,B67KBV2,,,CAML,XLON,London Stock Exchange,GBP
685,"Europe, The Middle East and Africa",Western Europe,France,Capgemini,Software & IT Solutions / Digital Services,Software & Digital Services,S41634379,FR0000125338,4163437,,,CAP,XPAR,Euronext Paris,EUR
686,"Europe, The Middle East and Africa",Western Europe,Switzerland,Chubb Ltd,Insurance,Insurance,,CH0044328745,B3BQMF6,,896159,CB,XNYS,New York Stock Exchange,USD
687,"Europe, The Middle East and Africa",Western Europe,United Kingdom,Close Bros Group Plc,Banking Services,Banking,S07668072,GB0007668071,766807,,,CBG,XLON,London Stock Exchange,GBP
688,"Europe, The Middle East and Africa",Western Europe,Germany,Commerzbank Ag,Semiconductors & Chip Technologies,Semiconductors,,DE000CBK1001,B90LKT4,,,CBK,XETR,Xetra,EUR
689,"Europe, The Middle East and Africa",Western Europe,United Kingdom,Computacenter Plc,Software & IT Solutions / Digital Services,Software & Digital Services,,GB00BV9FP302,BV9FP30,,,CCC,XLON,London Stock Exchange,GBP
690,"Europe, The Middle East and Africa",Western Europe,United Kingdom,Coca Cola Europacific Partners Plc,Beverages,Food & Beverage,,GB00BDCPN049,BYQQ3P5,,1650107,CCEP,XNAS,Nasdaq Stock Market,USD
691,"Europe, The Middle East and Africa",Western Europe,United Kingdom,Coca Cola Hbc Ag,Beverages,Food & Beverage,,CH0198251305,B9895B7,,,CCH,XLON,London Stock Exchange,GBP
692,"Europe, The Middle East and Africa",Western Europe,United Kingdom,Carnival Plc,Hotels & Entertainment Services,"Leisure, Hospitality & Travel",S31215221,GB0031215220,3121522,,,CCL,XLON,London Stock Exchange,GBP
693,"Europe, The Middle East and Africa",Western Europe,Ireland,C C Group Plc,Beverages,Food & Beverage,,IE00B010DT83,B010DT8,,,CCR,XLON,London Stock Exchange,GBp
694,"Europe, The Middle East and Africa",Western Europe,United Kingdom,C C Group Plc,Beverages,Food & Beverage,,IE00B010DT83,B010DT8,,,CCR,XLON,London Stock Exchange,GBP
695,"Europe, The Middle East and Africa",Western Europe,Germany,Cropenergies Ag,Real Estate Investment Trusts (REITs),Real Estate Investment Trusts (REITs),,DE000A0LAUP1,B1FHFF2,,,CE2,XETR,Xetra,EUR
696,"Europe, The Middle East and Africa",Western Europe,Germany,Ceconomy Ag,Insurance,Insurance,S50414135,DE0007257503,5041413,,,CEC,XETR,Xetra,EUR
697,"Europe, The Middle East and Africa",Western Europe,United Kingdom,Centamin Plc,Metals & Mining,Mining,,JE00B5TT1872,B5TT187,,,CEY,XLON,London Stock Exchange,GBP
698,"Europe, The Middle East and Africa",Western Europe,Switzerland,Compagnie Financiere Richemont Sa,Textiles & Apparel,Textiles & Apparel,,CH0210483332,BCRWZ18,,,CFR,XSWX,SIX Swiss Exchange,CHF
699,"Europe, The Middle East and Africa",Western Europe,United Kingdom,Capital Gearing Trust,Pooled Investment Vehicles,Investment Services,,,,,,CGT,XLON,London Stock Exchange,GBP
700,"Europe, The Middle East and Africa",Western Europe,United Kingdom,Chemring Group Plc,Aerospace & Defense,Aerospace & Defense,,GB00B45C9X44,B45C9X4,,,CHG,XLON,London Stock Exchange,GBP
701,"Europe, The Middle East and Africa",Western Europe,United Kingdom,Clarkson Plc,Freight & Logistics Services,Logistics,S02018364,GB0002018363,201836,,,CKN,XLON,London Stock Exchange,GBP
702,"Europe, The Middle East and Africa",Western Europe,United Kingdom,Caledonia Investments,Pooled Investment Vehicles,Investment Services,,,,,,CLDN,XLON,London Stock Exchange,GBP
703,"Europe, The Middle East and Africa",Western Europe,United Kingdom,Cls Holdings Plc,Real Estate Operations,Real Estate,,GB00BF044593,BF04459,,,CLI,XLON,London Stock Exchange,GBP
704,"Europe, The Middle East and Africa",Western Europe,Switzerland,Clariant Ag,Chemicals,Chemicals,S71139901,CH0012142631,7113990,,,CLN,XSWX,SIX Swiss Exchange,CHF
705,"Europe, The Middle East and Africa",Western Europe,United Kingdom,Cmc Markets Plc,Investment & Securities Firms,Investment Services,,GB00B14SKR37,B14SKR3,,,CMCX,XLON,London Stock Exchange,GBP
706,"Europe, The Middle East and Africa",Western Europe,United Kingdom,Centrica Plc,Integrated Utilities,Utilities,,GB00B033F229,B033F22,,,CNA,XLON,London Stock Exchange,GBP
707,"Europe, The Middle East and Africa",Western Europe,United Kingdom,Capricorn Energy Plc,Oil & Gas,Oil & Gas,,GB00BQ98V038,BQ98V03,,,CNE,XLON,London Stock Exchange,GBP
708,"Europe, The Middle East and Africa",Western Europe,United Kingdom,Coats Group Plc,Textiles & Apparel,Textiles & Apparel,,GB00B4YZN328,B4YZN32,,,COA,XLON,London Stock Exchange,GBP
709,"Europe, The Middle East and Africa",Western Europe,Belgium,Cofinimmo Reit Sa,Real Estate Investment Trusts (REITs),Real Estate Investment Trusts (REITs),S41779885,BE0003593044,4177988,,,COFB,XBRU,Euronext Brussels,EUR
710,"Europe, The Middle East and Africa",Western Europe,Germany,Cancom,Communications & Networking,Communications Equipment,S57726275,DE0005419105,5772627,,,COK,XETR,Xetra,EUR
711,"Europe, The Middle East and Africa",Western Europe,Belgium,Etablissementen Franz Colruyt Nv,Food & Drug Retailing,Food Retail,S58062258,BE0974256852,5806225,,,COLR,XBRU,Euronext Brussels,EUR
712,"Europe, The Middle East and Africa",Western Europe,Germany,Continental Ag,Automobiles & Auto Parts,Automotive,S45985892,DE0005439004,4598589,,,CON,XETR,Xetra,EUR
713,"Europe, The Middle East and Africa",Western Europe,Germany,Compugroup Medical N,Metals & Mining,Mining,,DE000A288904,BMY7CH1,,,COP,XETR,Xetra,EUR
714,"Europe, The Middle East and Africa",Western Europe,Ireland,Corre Energy B.V.,Renewable Energy,Renewable Energy,,,,,,CORRE,XDUB,Euronext Dublin,EUR
715,"Europe, The Middle East and Africa",Western Europe,France,Covivio Sa,Real Estate Investment Trusts (REITs),Real Estate Investment Trusts (REITs),S77456382,FR0000064578,7745638,,,COV,XPAR,Euronext Paris,EUR
716,"Europe, The Middle East and Africa",Western Europe,United Kingdom,Compass Group Plc,Hotels & Entertainment Services,"Leisure, Hospitality & Travel",,GB00BD6K4575,BD6K457,,,CPG,XLON,London Stock Exchange,GBP
717,"Europe, The Middle East and Africa",Western Europe,United Kingdom,Capita Plc,Professional & Commercial Services,Professional Services,,GB00B23K0M20,B23K0M2,,,CPI,XLON,London Stock Exchange,GBP
718,"Europe, The Middle East and Africa",Western Europe,Netherlands,Corbion Nv,Chemicals,Chemicals,,NL0010583399,BFRSRR7,,,CRBN,XAMS,Euronext Amsterdam,EUR
719,"Europe, The Middle East and Africa",Western Europe,United Kingdom,Croda International Plc,Chemicals,Chemicals,,GB00BJFFLV09,BJFFLV0,,,CRDA,XLON,London Stock Exchange,GBP
720,"Europe, The Middle East and Africa",Western Europe,United Kingdom,Custodian Property Income Reit Plc,Real Estate Investment Trusts (REITs),Real Estate Investment Trusts (REITs),,GB00BJFLFT45,BJFLFT4,,,CREI,XLON,London Stock Exchange,GBP
721,"Europe, The Middle East and Africa",Western Europe,Ireland,Crh Plc Ord,Construction Materials,Construction Materials,S41822495,IE0001827041,4182249,,,CRG,XDUB,Euronext Dublin,EUR
722,"Europe, The Middle East and Africa",Western Europe,United Kingdom,Crh Plc,Construction Materials,Construction Materials,,IE0001827041,,,,CRH,XLON,London Stock Exchange,GBP
723,"Europe, The Middle East and Africa",Western Europe,United Kingdom,Crest Nicholson Holdings Plc,Residential Construction & Materials,Residential Construction,,GB00B8VZXT93,B8VZXT9,,,CRST,XLON,London Stock Exchange,GBP
724,"Europe, The Middle East and Africa",Western Europe,United Kingdom,Craneware Plc,Software & IT Solutions / Digital Services,Software & Digital Services,,GB00B2425G68,B2425G6,,,CRW,XLON,London Stock Exchange,GBP
725,"Europe, The Middle East and Africa",Western Europe,France,Axa Sa,Insurance,Insurance,S70884291,FR0000120628,7088429,,,CS,XPAR,Euronext Paris,EUR
726,"Europe, The Middle East and Africa",Western Europe,United Kingdom,Convatec Group Plc,Medical Devices & Supplies,Medical Devices,,GB00BD3VFW73,BD3VFW7,,,CTEC,XLON,London Stock Exchange,GBP
727,"Europe, The Middle East and Africa",Western Europe,United Kingdom,City Of London Investment Trust,Pooled Investment Vehicles,Investment Services,,,,,,CTY,XLON,London Stock Exchange,GBP
728,"Europe, The Middle East and Africa",Western Europe,United Kingdom,Currys Plc,Specialty Retailers,Retail,,GB00B4Y7R145,B4Y7R14,,,CURY,XLON,London Stock Exchange,GBP
729,"Europe, The Middle East and Africa",Western Europe,United Kingdom,Cvs Group Plc,Medical Devices & Supplies,Medical Devices,,GB00B2863827,B286382,,,CVSG,XLON,London Stock Exchange,GBP
730,"Europe, The Middle East and Africa",Western Europe,Germany,Cewe Stiftung,Chemicals,Chemicals,S57408064,DE0005403901,5740806,,,CWC,XETR,Xetra,EUR
731,"Europe, The Middle East and Africa",Western Europe,United Kingdom,Cranswick Plc,Food & Tobacco,Food & Beverage,S02318889,GB0002318888,231888,,,CWK,XLON,London Stock Exchange,GBP
732,"Europe, The Middle East and Africa",Western Europe,United Kingdom,Ceres Power Holdings Plc,Renewable Energy,Renewable Energy,,GB00BG5KQW09,BG5KQW0,,,CWR,XLON,London Stock Exchange,GBP
733,"Europe, The Middle East and Africa",Western Europe,Germany,Datagroup,Software & IT Solutions / Digital Services,Software & Digital Services,,DE000A0JC8S7,B1D7R92,,,D6H,XETR,Xetra,EUR
734,"Europe, The Middle East and Africa",Western Europe,United Kingdom,Darktrace Plc,Software & IT Solutions / Digital Services,Software & Digital Services,,GB00BNYK8G86,BNYK8G8,,,DARK,XLON,London Stock Exchange,GBP
735,"Europe, The Middle East and Africa",Western Europe,Germany,Deutsche Boerse Ag,Insurance,Insurance,S70219639,DE0005810055,7021963,,,DB1,XETR,Xetra,EUR
736,"Europe, The Middle East and Africa",Western Europe,Germany,Deutsche Beteiligungs Ag,Investment & Securities Firms,Investment Services,,DE000A1TNUT7,BBNBQJ7,,,DBAN,XETR,Xetra,EUR
737,"Europe, The Middle East and Africa",Western Europe,Germany,Deutsche Bank Ag,Banking Services,Banking,S57503559,DE0005140008,5750355,,,DBK,XETR,Xetra,EUR
738,"Europe, The Middle East and Africa",Western Europe,United Kingdom,Dcc Plc,Consumer Goods Conglomerates,Diversified Consumer Goods,,IE0002424939,242493,,,DCC,XLON,London Stock Exchange,GBP
739,"Europe, The Middle East and Africa",Western Europe,Ireland,Bank Of Ir Ncp Stf,Banking Services,Banking,,,,,,DD7D,XDUB,Euronext Dublin,EUR
740,"Europe, The Middle East and Africa",Western Europe,Ireland,Bank Of Ir Nc Pref,Banking Services,Banking,,,,,,DD7E,XDUB,Euronext Dublin,EUR
741,"Europe, The Middle East and Africa",Western Europe,Ireland,Crh Plc 5Pccumpref,Construction Materials,Construction Materials,,,,,,DD8A,XDUB,Euronext Dublin,EUR
742,"Europe, The Middle East and Africa",Western Europe,Ireland,Crh Plc 7Pccumpref,Construction Materials,Construction Materials,,,,,,DD8B,XDUB,Euronext Dublin,EUR
743,"Europe, The Middle East and Africa",Western Europe,United Kingdom,Diversified Energy Company Plc,Oil & Gas,Oil & Gas,,GB00BYX7JT74,BYX7JT7,,,DEC,XLON,London Stock Exchange,GBP
744,"Europe, The Middle East and Africa",Western Europe,Belgium,Deme Group Nv,Construction & Engineering,Construction & Engineering,,BE0974413453,BMYKVN9,,,DEME,XBRU,Euronext Brussels,EUR
745,"Europe, The Middle East and Africa",Western Europe,Germany,Deutsche Euroshop Ag,Real Estate Operations,Real Estate,S47549720,DE0007480204,4754972,,,DEQ,XETR,Xetra,EUR
746,"Europe, The Middle East and Africa",Western Europe,Germany,Deutz Ag,"Machinery, Equipment & Components",Machinery,S45578473,DE0006305006,4557847,,,DEZ,XETR,Xetra,EUR
747,"Europe, The Middle East and Africa",Western Europe,France,Vinci Sa,Construction & Engineering,Construction & Engineering,,FR0000125486,B1XH026,,,DG,XPAR,Euronext Paris,EUR
748,"Europe, The Middle East and Africa",Western Europe,United Kingdom,Diageo Plc,Beverages,Food & Beverage,S02374007,GB0002374006,237400,,,DGE,XLON,London Stock Exchange,GBP
749,"Europe, The Middle East and Africa",Western Europe,United Kingdom,Digital 9 Infrastructure,Pooled Investment Vehicles,Investment Services,,,,,,DGI9,XLON,London Stock Exchange,GBP
750,"Europe, The Middle East and Africa",Western Europe,Germany,Delivery Hero,Software & IT Solutions / Digital Services,Software & Digital Services,,DE000A2E4K43,BZCNB42,,,DHER,XETR,Xetra,EUR
751,"Europe, The Middle East and Africa",Western Europe,Ireland,Dalata Hotel Gp.,Hotels & Entertainment Services,"Leisure, Hospitality & Travel",,IE00BJMZDW83,BJMZDW8,,,DHG,XDUB,Euronext Dublin,EUR
752,"Europe, The Middle East and Africa",Western Europe,Germany,Deutsche Post Ag,Freight & Logistics Services,Logistics,S46178596,DE0005552004,4617859,,,DHL,XETR,Xetra,EUR
753,"Europe, The Middle East and Africa",Western Europe,Germany,Dic Asset Ag,Real Estate Operations,Real Estate,,DE000A1X3XX4,BD1NML3,,,DIC,XETR,Xetra,EUR
754,"Europe, The Middle East and Africa",Western Europe,Belgium,Dieteren (D) Sa,Specialty Retailers,Retail,S42474940,BE0974259880,4247494,,,DIE,XBRU,Euronext Brussels,EUR
755,"Europe, The Middle East and Africa",Western Europe,France,Sartorius Stedim Biotech Sa,Medical Devices & Supplies,Medical Devices,,FR0013154002,BYZ2QP5,,,DIM,XPAR,Euronext Paris,EUR
756,"Europe, The Middle East and Africa",Western Europe,Ireland,Datalex Plc,Software & IT Solutions / Digital Services,Software & Digital Services,,,,,,DLE,XDUB,Euronext Dublin,EUR
757,"Europe, The Middle East and Africa",Western Europe,United Kingdom,Direct Line Insurance Plc,Insurance,Insurance,,GB00BY9D0Y18,BY9D0Y1,,,DLG,XLON,London Stock Exchange,GBP
758,"Europe, The Middle East and Africa",Western Europe,United Kingdom,Derwent London Reit Plc,Real Estate Investment Trusts (REITs),Real Estate Investment Trusts (REITs),S02652741,GB0002652740,265274,,,DLN,XLON,London Stock Exchange,GBP
759,"Europe, The Middle East and Africa",Western Europe,Germany,Dermapharm Holding,Pharmaceuticals,Pharmaceuticals,,DE000A2GS5D8,BFYTTC2,,,DMP,XETR,Xetra,EUR
760,"Europe, The Middle East and Africa",Western Europe,United Kingdom,Dunelm Group Plc,Specialty Retailers,Retail,,GB00B1CKQ739,B1CKQ73,,,DNLM,XLON,London Stock Exchange,GBP
761,"Europe, The Middle East and Africa",Western Europe,United Kingdom,Dr. Martens Plc,Textiles & Apparel,Textiles & Apparel,,GB00BL6NGV24,BL6NGV2,,,DOCS,XLON,London Stock Exchange,GBP
762,"Europe, The Middle East and Africa",Western Europe,Ireland,Dole Plc,Food & Tobacco,Food & Beverage,,IE0003LFZ4U7,BMCLHR0,,,DOLE,XNYS,New York Stock Exchange,USD
763,"Europe, The Middle East and Africa",Western Europe,United Kingdom,Dominos Pizza Group Plc,Hotels & Entertainment Services,"Leisure, Hospitality & Travel",,GB00BYN59130,BYN5913,,,DOM,XLON,London Stock Exchange,GBP
764,"Europe, The Middle East and Africa",Western Europe,United Kingdom,Dechra Pharmaceuticals Plc,Pharmaceuticals,Pharmaceuticals,S09633181,GB0009633180,963318,,,DPH,XLON,London Stock Exchange,GBP
765,"Europe, The Middle East and Africa",Western Europe,United Kingdom,Diploma Plc,"Machinery, Equipment & Components",Machinery,S01826635,GB0001826634,182663,,,DPLM,XLON,London Stock Exchange,GBP
766,"Europe, The Middle East and Africa",Western Europe,Ireland,Donegal Investment,Food & Tobacco,Food & Beverage,,,,,,DQ7A,XDUB,Euronext Dublin,EUR
767,"Europe, The Middle East and Africa",Western Europe,Germany,Draegerwerk Pref Ag,Medical Devices & Supplies,Medical Devices,S51692184,DE0005550636,5169218,,,DRW3,XETR,Xetra,EUR
768,"Europe, The Middle East and Africa",Western Europe,Germany,Draegerwerk Ag Shs,Medical Devices & Supplies,Medical Devices,,DE0005550602,B3P3LW3,,,DRW8,XETR,Xetra,EUR
769,"Europe, The Middle East and Africa",Western Europe,United Kingdom,Drax Group Plc,Electrical Utilities & IPPs,Utilities,,GB00B1VNSX38,B1VNSX3,,,DRX,XLON,London Stock Exchange,GBP
770,"Europe, The Middle East and Africa",Western Europe,United Kingdom,Discoverie Group,Electronic Components & Systems,Electronics,S00055889,GB0000055888,5588,,,DSCV,XLON,London Stock Exchange,GBP
771,"Europe, The Middle East and Africa",Western Europe,Netherlands,Dsm Firmenich Ag,Consumer Goods Conglomerates,Diversified Consumer Goods,,CH1216478797,BPCPSD6,,,DSFIR,XAMS,Euronext Amsterdam,EUR
772,"Europe, The Middle East and Africa",Western Europe,France,Dassault Systemes,Software & IT Solutions / Digital Services,Software & Digital Services,,FR0014003TT8,BM8H5Y5,,,DSY,XPAR,Euronext Paris,EUR
773,"Europe, The Middle East and Africa",Western Europe,Germany,Deutsche Telekom N Ag,Telecommunications Services,Telecommunications,S58423591,DE0005557508,5842359,,,DTE,XETR,Xetra,EUR
774,"Europe, The Middle East and Africa",Western Europe,Germany,Daimler Truck Holding E Ag,"Machinery, Equipment & Components",Machinery,,DE000DTR0CK8,BP6VLQ4,,,DTG,XETR,Xetra,EUR
775,"Europe, The Middle East and Africa",Western Europe,Germany,Duerr Ag,"Machinery, Equipment & Components",Machinery,S51199016,DE0005565204,5119901,,,DUE,XETR,Xetra,EUR
776,"Europe, The Middle East and Africa",Western Europe,Switzerland,Dufry Ag,Specialty Retailers,Retail,,CH0023405456,B0R80X9,,,DUFN,XSWX,SIX Swiss Exchange,CHF
777,"Europe, The Middle East and Africa",Western Europe,United Kingdom,Dowlais Group,Automobiles & Auto Parts,Automotive,,GB00BMWRZ071,BMWRZ07,,,DWL,XLON,London Stock Exchange,GBP
778,"Europe, The Middle East and Africa",Western Europe,United Kingdom,Tritax Eurobox,Real Estate Operations,Real Estate,,,,,,EBOX,XLON,London Stock Exchange,GBP
779,"Europe, The Middle East and Africa",Western Europe,Netherlands,Ebusco Holding Nv,"Machinery, Equipment & Components",Machinery,,NL0015000CZ2,BL694D8,,,EBUS,XAMS,Euronext Amsterdam,EUR
780,"Europe, The Middle East and Africa",Western Europe,Netherlands,Eurocommercial Properties Nv,Real Estate Investment Trusts (REITs),Real Estate Investment Trusts (REITs),,NL0015000K93,BMZ4R21,,,ECMPA,XAMS,Euronext Amsterdam,EUR
781,"Europe, The Middle East and Africa",Western Europe,Germany,Encavis Ag,Electrical Utilities & IPPs,Utilities,S54919667,DE0006095003,5491966,,,ECV,XETR,Xetra,EUR
782,"Europe, The Middle East and Africa",Western Europe,France,Edenred,Professional & Commercial Services,Professional Services,,FR0010908533,B62G1B5,,,EDEN,XPAR,Euronext Paris,EUR
783,"Europe, The Middle East and Africa",Western Europe,United Kingdom,Edinburgh Investment Trust,Pooled Investment Vehicles,Investment Services,,,,,,EDIN,XLON,London Stock Exchange,GBP
784,"Europe, The Middle East and Africa",Western Europe,United Kingdom,Endeavour Mining,Metals & Mining,Mining,,GB00BL6K5J42,BL6K5J4,,,EDV,XLON,London Stock Exchange,GBP
785,"Europe, The Middle East and Africa",Western Europe,Ireland,Fbd Holdings Plc,Insurance,Insurance,S43302314,IE0003290289,4330231,,,EG7,XDUB,Euronext Dublin,EUR
786,"Europe, The Middle East and Africa",Western Europe,Germany,Einhell Germany Pref Ag,Consumer & Household Products,Household Products,S53402624,DE0005654933,5340262,,,EIN3,XETR,Xetra,EUR
787,"Europe, The Middle East and Africa",Western Europe,Germany,Energiekontor Ag,Electrical Utilities & IPPs,Utilities,S59709824,DE0005313506,5970982,,,EKT,XETR,Xetra,EUR
788,"Europe, The Middle East and Africa",Western Europe,France,Essilorluxottica Sa,Medical Devices & Supplies,Medical Devices,S72124779,FR0000121667,7212477,,,EL,XPAR,Euronext Paris,EUR
789,"Europe, The Middle East and Africa",Western Europe,Germany,Elmos Semiconductor,Semiconductors & Chip Technologies,Semiconductors,S56954233,DE0005677108,5695423,,,ELG,XETR,Xetra,EUR
790,"Europe, The Middle East and Africa",Western Europe,Belgium,Elia Group Sa,Electrical Utilities & IPPs,Utilities,,BE0003822393,B09M9F4,,,ELI,XBRU,Euronext Brussels,EUR
791,"Europe, The Middle East and Africa",Western Europe,United Kingdom,Elementis Plc,Chemicals,Chemicals,S02418549,GB0002418548,241854,,,ELM,XLON,London Stock Exchange,GBP
792,"Europe, The Middle East and Africa",Western Europe,United Kingdom,Man Group Plc,Investment & Securities Firms,Investment Services,,JE00BJ1DLW90,BJ1DLW9,,,EMG,XLON,London Stock Exchange,GBP
793,"Europe, The Middle East and Africa",Western Europe,United Kingdom,Emis Group Plc,Medical Devices & Supplies,Medical Devices,,GB00B61D1Y04,B61D1Y0,,,EMIS,XLON,London Stock Exchange,GBP
794,"Europe, The Middle East and Africa",Western Europe,Switzerland,Ems-Chemie Holding Ag,Chemicals,Chemicals,S76356104,CH0016440353,7635610,,,EMSN,XSWX,SIX Swiss Exchange,CHF
795,"Europe, The Middle East and Africa",Western Europe,France,Bouygues Sa,Construction & Engineering,Construction & Engineering,S40021214,FR0000120503,4002121,,,EN,XPAR,Euronext Paris,EUR
796,"Europe, The Middle East and Africa",Western Europe,France,Engie Sa,Integrated Utilities,Utilities,,FR0010208488,B0C2CQ3,,,ENGI,XPAR,Euronext Paris,EUR
797,"Europe, The Middle East and Africa",Western Europe,United Kingdom,Energean Plc,Oil & Gas,Oil & Gas,,GB00BG12Y042,BG12Y04,,,ENOG,XLON,London Stock Exchange,GBP
798,"Europe, The Middle East and Africa",Western Europe,United Kingdom,Enquest Plc,Oil & Gas,Oil & Gas,,GB00B635TG28,B635TG2,,,ENQ,XLON,London Stock Exchange,GBP
799,"Europe, The Middle East and Africa",Western Europe,Germany,Siemens Energy N Ag,Renewable Energy,Renewable Energy,,DE000ENER6Y0,BMTVQK9,,,ENR,XETR,Xetra,EUR
800,"Europe, The Middle East and Africa",Western Europe,United Kingdom,Entain Plc,Hotels & Entertainment Services,"Leisure, Hospitality & Travel",,IM00B5VQMV65,B5VQMV6,,,ENT,XLON,London Stock Exchange,GBP
801,"Europe, The Middle East and Africa",Western Europe,France,Euronext Nv,Investment & Securities Firms,Investment Services,,NL0006294274,BNBNSG0,,,ENX,XPAR,Euronext Paris,EUR
802,"Europe, The Middle East and Africa",Western Europe,Germany,E.On N,Integrated Utilities,Utilities,S49429046,DE000ENAG999,4942904,,,EOAN,XETR,Xetra,EUR
803,"Europe, The Middle East and Africa",Western Europe,United Kingdom,European Opportunities Trust,Pooled Investment Vehicles,Investment Services,,,,,,EOT,XLON,London Stock Exchange,GBP
804,"Europe, The Middle East and Africa",Western Europe,France,Eurofins Scientific,Medical Devices & Supplies,Medical Devices,,FR0014000MR3,BNDPYV1,,,ERF,XPAR,Euronext Paris,EUR
805,"Europe, The Middle East and Africa",Western Europe,United Kingdom,Ergomed Plc,Biotechnology & Life Sciences,Biotechnology,,GB00BN7ZCY67,BN7ZCY6,,,ERGO,XLON,London Stock Exchange,GBP
806,"Europe, The Middle East and Africa",Western Europe,United Kingdom,European Smaller Companies Trust,Pooled Investment Vehicles,Investment Services,,,,,,ESCT,XLON,London Stock Exchange,GBP
807,"Europe, The Middle East and Africa",Western Europe,United Kingdom,Essentra Plc,"Machinery, Equipment & Components",Machinery,,GB00B0744359,B074435,,,ESNT,XLON,London Stock Exchange,GBP
808,"Europe, The Middle East and Africa",Western Europe,United Kingdom,Empiric Student Property Plc,Real Estate Investment Trusts (REITs),Real Estate Investment Trusts (REITs),,GB00BLWDVR75,BLWDVR7,,,ESP,XLON,London Stock Exchange,GBP
809,"Europe, The Middle East and Africa",Western Europe,Ireland,Eaton Corporation Public Limited Company,"Machinery, Equipment & Components",Machinery,G29183103,IE00B8KQN827,B8KQN82,,1551182,ETN,XNYS,New York Stock Exchange,USD
810,"Europe, The Middle East and Africa",Western Europe,Belgium,Euronav Nv,Energy Equipment & Services,Energy Equipment & Services,,BE0003816338,B04M8J6,,,EURN,XBRU,Euronext Brussels,EUR
811,"Europe, The Middle East and Africa",Western Europe,Germany,Eckert & Ziegler Strahlen Und Medi,Office Equipment,Office Equipment,S56898570,DE0005659700,5689857,,,EUZ,XETR,Xetra,EUR
812,"Europe, The Middle East and Africa",Western Europe,Germany,Cts Eventim Ag,Software & IT Solutions / Digital Services,Software & Digital Services,S58818576,DE0005470306,5881857,,,EVD,XETR,Xetra,EUR
813,"Europe, The Middle East and Africa",Western Europe,Germany,Evonik Industries Ag,Chemicals,Chemicals,,DE000EVNK013,B5ZQ9D3,,,EVK,XETR,Xetra,EUR
814,"Europe, The Middle East and Africa",Western Europe,United Kingdom,Evraz,Metals & Mining,Mining,,GB00B71N6K86,,,,EVR,XLON,London Stock Exchange,GBP
815,"Europe, The Middle East and Africa",Western Europe,Germany,Evotec,Biotechnology & Life Sciences,Biotechnology,S58119173,DE0005664809,5811917,,,EVT,XETR,Xetra,EUR
816,"Europe, The Middle East and Africa",Western Europe,United Kingdom,Edinburgh Worldwide Investment Trust,Pooled Investment Vehicles,Investment Services,,,,,,EWI,XLON,London Stock Exchange,GBP
817,"Europe, The Middle East and Africa",Western Europe,Belgium,Exmar Nv,Energy Equipment & Services,Energy Equipment & Services,S76181940,BE0003808251,7618194,,,EXM,XBRU,Euronext Brussels,EUR
818,"Europe, The Middle East and Africa",Western Europe,Netherlands,Exor Nv,"Machinery, Equipment & Components",Machinery,,NL0012059018,BMJ1825,,,EXO,XAMS,Euronext Amsterdam,EUR
819,"Europe, The Middle East and Africa",Western Europe,United Kingdom,Experian Plc,Professional & Commercial Services,Professional Services,,GB00B19NLV48,B19NLV4,,,EXPN,XLON,London Stock Exchange,GBP
820,"Europe, The Middle East and Africa",Western Europe,United Kingdom,Easyjet Plc,Passenger Transportation Services,Transportation,,GB00B7KR2P84,B7KR2P8,,,EZJ,XLON,London Stock Exchange,GBP
821,"Europe, The Middle East and Africa",Western Europe,Belgium,Fagron Nv,Pharmaceuticals,Pharmaceuticals,,BE0003874915,B281L72,,,FAGR,XBRU,Euronext Brussels,EUR
822,"Europe, The Middle East and Africa",Western Europe,United Kingdom,Volution Group Plcinary,"Machinery, Equipment & Components",Machinery,,GB00BN3ZZ526,BN3ZZ52,,,FAN,XLON,London Stock Exchange,GBP
823,"Europe, The Middle East and Africa",Western Europe,Netherlands,Fastned Dutch Certificates,Electrical Utilities & IPPs,Utilities,,NL0013654809,BKDRZ13,,,FAST,XAMS,Euronext Amsterdam,EUR
824,"Europe, The Middle East and Africa",Western Europe,United Kingdom,F&C Investment Trust Plc,Pooled Investment Vehicles,Investment Services,,GB0003466074,,,,FCIT,XLON,London Stock Exchange,GBP
825,"Europe, The Middle East and Africa",Western Europe,United Kingdom,Fidelity China Special Situations,Pooled Investment Vehicles,Investment Services,,,,,,FCSS,XLON,London Stock Exchange,GBP
826,"Europe, The Middle East and Africa",Western Europe,France,La Francaise Des Jeux Sa,Hotels & Entertainment Services,"Leisure, Hospitality & Travel",,FR0013451333,BG0SC10,,,FDJ,XPAR,Euronext Paris,EUR
827,"Europe, The Middle East and Africa",Western Europe,United Kingdom,Fdm Group,Software & IT Solutions / Digital Services,Software & Digital Services,,,,,,FDM,XLON,London Stock Exchange,GBP
828,"Europe, The Middle East and Africa",Western Europe,United Kingdom,Fd Technologies Plc,Software & IT Solutions / Digital Services,Software & Digital Services,S31477771,GB0031477770,3147777,,,FDP,XLON,London Stock Exchange,GBP
829,"Europe, The Middle East and Africa",Western Europe,United Kingdom,Fidelity Emerging Markets,Pooled Investment Vehicles,Investment Services,,,,,,FEML,XLON,London Stock Exchange,GBP
830,"Europe, The Middle East and Africa",Western Europe,United Kingdom,Fidelity European Trust,Pooled Investment Vehicles,Investment Services,,,,,,FEV,XLON,London Stock Exchange,GBP
831,"Europe, The Middle East and Africa",Western Europe,United Kingdom,Fevertree Drinks Plc,Beverages,Food & Beverage,,GB00BRJ9BJ26,BRJ9BJ2,,,FEVR,XLON,London Stock Exchange,GBP
832,"Europe, The Middle East and Africa",Western Europe,United Kingdom,Firstgroup Plc,Passenger Transportation Services,Transportation,S03452174,GB0003452173,345217,,,FGP,XLON,London Stock Exchange,GBP
833,"Europe, The Middle East and Africa",Western Europe,France,Eiffage Sa,Construction & Engineering,Construction & Engineering,,FR0000130452,B13X013,,,FGR,XPAR,Euronext Paris,EUR
834,"Europe, The Middle East and Africa",Western Europe,United Kingdom,Finsbury Growth & Income Trust,Pooled Investment Vehicles,Investment Services,,,,,,FGT,XLON,London Stock Exchange,GBP
835,"Europe, The Middle East and Africa",Western Europe,Germany,Fielmann Group Ag,Specialty Retailers,Retail,S44092054,DE0005772206,4409205,,,FIE,XETR,Xetra,EUR
836,"Europe, The Middle East and Africa",Western Europe,Netherlands,Flow Traders Ltd,Investment & Securities Firms,Investment Services,,BMG3602E1084,BQJXXT1,,,FLOW,XAMS,Euronext Amsterdam,EUR
837,"Europe, The Middle East and Africa",Western Europe,Ireland,Flutter Entertain,Hotels & Entertainment Services,"Leisure, Hospitality & Travel",,IE00BWT6H894,BWT6H89,,,FLTR,XDUB,Euronext Dublin,EUR
838,"Europe, The Middle East and Africa",Western Europe,United Kingdom,Flutter Entertainment Plc,Hotels & Entertainment Services,"Leisure, Hospitality & Travel",,IE00BWT6H894,,,,FLTR,XLON,London Stock Exchange,GBP
839,"Europe, The Middle East and Africa",Western Europe,Germany,Fresenius Medical Care Ag,Medical Devices & Supplies,Medical Devices,S51290740,DE0005785802,5129074,,,FME,XETR,Xetra,EUR
840,"Europe, The Middle East and Africa",Western Europe,Germany,Freenet Ag,Telecommunications Services,Telecommunications,,DE000A0Z2ZZ5,B1SK0S6,,,FNTN,XETR,Xetra,EUR
841,"Europe, The Middle East and Africa",Western Europe,United Kingdom,Forterra Plc,Construction Materials,Construction Materials,,GB00BYYW3C20,BYYW3C2,,,FORT,XLON,London Stock Exchange,GBP
842,"Europe, The Middle East and Africa",Western Europe,United Kingdom,4Imprint Group Plc,Media & Publishing,Media,S06640973,GB0006640972,664097,,,FOUR,XLON,London Stock Exchange,GBP
843,"Europe, The Middle East and Africa",Western Europe,United Kingdom,4Imprint,Media & Publishing,Media,,,,,,FOUR,XLON,London Stock Exchange,GBP
844,"Europe, The Middle East and Africa",Western Europe,Germany,Fuchs Pref,Chemicals,Chemicals,,DE000A3E5D64,BNHRG84,,,FPE3,XETR,Xetra,EUR
845,"Europe, The Middle East and Africa",Western Europe,France,Valeo,Automobiles & Auto Parts,Automotive,,FR0013176526,BDC5ST8,,,FR,XPAR,Euronext Paris,EUR
846,"Europe, The Middle East and Africa",Western Europe,Germany,Fraport Frankfurt Airport Services,Transport Infrastructure,Transportation Infrastructure,S71075519,DE0005773303,7107551,,,FRA,XETR,Xetra,EUR
847,"Europe, The Middle East and Africa",Western Europe,United Kingdom,Frasers Group Plc,Specialty Retailers,Retail,,GB00B1QH8P22,B1QH8P2,,,FRAS,XLON,London Stock Exchange,GBP
848,"Europe, The Middle East and Africa",Western Europe,Germany,Fresenius Se And Co Kgaa,Medical Devices & Supplies,Medical Devices,S43520972,DE0005785604,4352097,,,FRE,XETR,Xetra,EUR
849,"Europe, The Middle East and Africa",Western Europe,United Kingdom,Fresnillo Plc,Metals & Mining,Mining,,GB00B2QPKJ12,,,,FRES,XLON,London Stock Exchange,GBP
850,"Europe, The Middle East and Africa",Western Europe,United Kingdom,Foresight Solar Fund,Pooled Investment Vehicles,Investment Services,,,,,,FSFL,XLON,London Stock Exchange,GBP
851,"Europe, The Middle East and Africa",Western Europe,United Kingdom,Fidelity Special Values,Pooled Investment Vehicles,Investment Services,,,,,,FSV,XLON,London Stock Exchange,GBP
852,"Europe, The Middle East and Africa",Western Europe,Germany,Flatexdegiro N Ag,Investment & Securities Firms,Investment Services,,DE000FTG1111,BYVQYG8,,,FTK,XETR,Xetra,EUR
853,"Europe, The Middle East and Africa",Western Europe,Netherlands,Fugro Nv,Energy Equipment & Services,Energy Equipment & Services,,NL00150003E1,BN0TYP0,,,FUR,XAMS,Euronext Amsterdam,EUR
854,"Europe, The Middle East and Africa",Western Europe,United Kingdom,Future Plc,Media & Publishing,Media,,GB00BYZN9041,BYZN904,,,FUTR,XLON,London Stock Exchange,GBP
855,"Europe, The Middle East and Africa",Western Europe,United Kingdom,Ferrexpo Plc,Metals & Mining,Mining,,GB00B1XH2C03,B1XH2C0,,,FXPO,XLON,London Stock Exchange,GBP
856,"Europe, The Middle East and Africa",Western Europe,Germany,Formycon Ag,Biotechnology & Life Sciences,Biotechnology,,DE000A1EWVY8,B50LF68,,,FYB,XETR,Xetra,EUR
857,"Europe, The Middle East and Africa",Western Europe,Germany,Gea Group Ag,"Machinery, Equipment & Components",Machinery,S45571049,DE0006602006,4557104,,,G1A,XETR,Xetra,EUR
858,"Europe, The Middle East and Africa",Western Europe,Germany,Scout24 N,Software & IT Solutions / Digital Services,Software & Digital Services,,DE000A12DM80,BYT9340,,,G24,XETR,Xetra,EUR
859,"Europe, The Middle East and Africa",Western Europe,United Kingdom,Gamma Communications Plc,Software & IT Solutions / Digital Services,Software & Digital Services,,GB00BQS10J50,BQS10J5,,,GAMA,XLON,London Stock Exchange,GBP
860,"Europe, The Middle East and Africa",Western Europe,United Kingdom,Games Workshop Group Plc,Leisure Products,Leisure Products,S03718475,GB0003718474,371847,,,GAW,XLON,London Stock Exchange,GBP
861,"Europe, The Middle East and Africa",Western Europe,Germany,Bilfinger,Construction & Engineering,Construction & Engineering,S51173813,DE0005909006,5117381,,,GBF,XETR,Xetra,EUR
862,"Europe, The Middle East and Africa",Western Europe,United Kingdom,Gb Group Plc,Software & IT Solutions / Digital Services,Software & Digital Services,S06870612,GB0006870611,687061,,,GBG,XLON,London Stock Exchange,GBP
863,"Europe, The Middle East and Africa",Western Europe,United Kingdom,Gcp Infrastructure Investments,Pooled Investment Vehicles,Investment Services,,,,,,GCP,XLON,London Stock Exchange,GBP
864,"Europe, The Middle East and Africa",Western Europe,Switzerland,Geberit Ag,Residential Construction & Materials,Residential Construction,,CH0030170408,B1WGG93,,,GEBN,XSWX,SIX Swiss Exchange,CHF
865,"Europe, The Middle East and Africa",Western Europe,United Kingdom,Genuit Group Plc,Residential Construction & Materials,Residential Construction,,GB00BKRC5K31,BKRC5K3,,,GEN,XLON,London Stock Exchange,GBP
866,"Europe, The Middle East and Africa",Western Europe,United Kingdom,Genel Energy Plc,Oil & Gas,Oil & Gas,,JE00B55Q3P39,B55Q3P3,,,GENL,XLON,London Stock Exchange,GBP
867,"Europe, The Middle East and Africa",Western Europe,France,Getlink,Transport Infrastructure,Transportation Infrastructure,,FR0010533075,B292JQ9,,,GET,XPAR,Euronext Paris,EUR
868,"Europe, The Middle East and Africa",Western Europe,France,Gecina Sa,Real Estate Investment Trusts (REITs),Real Estate Investment Trusts (REITs),S77424687,FR0010040865,7742468,,,GFC,XPAR,Euronext Paris,EUR
869,"Europe, The Middle East and Africa",Western Europe,Germany,Gft Technologies,Software & IT Solutions / Digital Services,Software & Digital Services,S57099483,DE0005800601,5709948,,,GFT,XETR,Xetra,EUR
870,"Europe, The Middle East and Africa",Western Europe,Ireland,Grafton Group Plc,Residential Construction & Materials,Residential Construction,,IE00B00MZ448,B00MZ44,,,GFTU,XLON,London Stock Exchange,GBp
871,"Europe, The Middle East and Africa",Western Europe,United Kingdom,Grafton Group Plc,Residential Construction & Materials,Residential Construction,,IE00B00MZ448,B00MZ44,,,GFTU,XLON,London Stock Exchange,GBP
872,"Europe, The Middle East and Africa",Western Europe,United Kingdom,Greatland Gold Plc,Metals & Mining,Mining,,GB00B15XDH89,B15XDH8,,,GGP,XLON,London Stock Exchange,GBP
873,"Europe, The Middle East and Africa",Western Europe,Ireland,Gh Research Plc,Biotechnology & Life Sciences,Biotechnology,,IE000GID8VI0,BP6C0S2,,,GHRS,XNAS,Nasdaq Stock Market,USD
874,"Europe, The Middle East and Africa",Western Europe,Switzerland,Givaudan Sa,Chemicals,Chemicals,S59806133,CH0010645932,5980613,,,GIVN,XSWX,SIX Swiss Exchange,CHF
875,"Europe, The Middle East and Africa",Western Europe,United Kingdom,Gulf Keystone Petroleum Ltd,Oil & Gas,Oil & Gas,,BMG4209G2077,BYVGFL0,,,GKP,XLON,London Stock Exchange,GBP
876,"Europe, The Middle East and Africa",Western Europe,Ireland,Glanbia Plc,Food & Tobacco,Food & Beverage,S40586299,IE0000669501,4058629,,,GL9,XDUB,Euronext Dublin,EUR
877,"Europe, The Middle East and Africa",Western Europe,France,Societe Generale Sa,Banking Services,Banking,S59665166,FR0000130809,5966516,,,GLE,XPAR,Euronext Paris,EUR
878,"Europe, The Middle East and Africa",Western Europe,United Kingdom,Glencore Plc,Metals & Mining,Mining,,JE00B4T3BW64,B4T3BW6,,,GLEN,XLON,London Stock Exchange,GBP
879,"Europe, The Middle East and Africa",Western Europe,Germany,Grenke N Ag,Banking Services,Banking,,DE000A161N30,BYR4KP7,,,GLJ,XETR,Xetra,EUR
880,"Europe, The Middle East and Africa",Western Europe,Belgium,Galapagos,Biotechnology & Life Sciences,Biotechnology,,,,,,GLPG,XAMS,Euronext Amsterdam,EUR
881,"Europe, The Middle East and Africa",Western Europe,United Kingdom,Greencore Group Plc,Food & Tobacco,Food & Beverage,,IE0003864109,386410,,,GNC,XLON,London Stock Exchange,GBP
882,"Europe, The Middle East and Africa",Western Europe,United Kingdom,Genus Plc,Biotechnology & Life Sciences,Biotechnology,S02074581,GB0002074580,207458,,,GNS,XLON,London Stock Exchange,GBP
883,"Europe, The Middle East and Africa",Western Europe,United Kingdom,Great Portland Estates Plc,Real Estate Investment Trusts (REITs),Real Estate Investment Trusts (REITs),,GB00BF5H9P87,BF5H9P8,,,GPE,XLON,London Stock Exchange,GBP
884,"Europe, The Middle East and Africa",Western Europe,United Kingdom,Greggs Plc,Hotels & Entertainment Services,"Leisure, Hospitality & Travel",,GB00B63QSB39,B63QSB3,,,GRG,XLON,London Stock Exchange,GBP
885,"Europe, The Middle East and Africa",Western Europe,United Kingdom,Grainger Plc,Real Estate Operations,Real Estate,,GB00B04V1276,B04V127,,,GRI,XLON,London Stock Exchange,GBP
886,"Europe, The Middle East and Africa",Western Europe,Switzerland,Garmin Ltd,Communications & Networking,Communications Equipment,H2906T109,CH0114405324,B3Z5T14,,1121788,GRMN,XNYS,New York Stock Exchange,USD
887,"Europe, The Middle East and Africa",Western Europe,United Kingdom,Molten Ventures Plc,Investment & Securities Firms,Investment Services,,GB00BY7QYJ50,BY7QYJ5,,,GROW,XLON,London Stock Exchange,GBP
888,"Europe, The Middle East and Africa",Western Europe,Ireland,Greencoat Ren.,Electrical Utilities & IPPs,Utilities,,,,,,GRP,XDUB,Euronext Dublin,EUR
889,"Europe, The Middle East and Africa",Western Europe,Ireland,Molten Ventures,Investment & Securities Firms,Investment Services,,,,,,GRW,XDUB,Euronext Dublin,EUR
890,"Europe, The Middle East and Africa",Western Europe,United Kingdom,Global Smaller Companies Trust,Pooled Investment Vehicles,Investment Services,,,,,,GSCT,XLON,London Stock Exchange,GBP
891,"Europe, The Middle East and Africa",Western Europe,United Kingdom,Glaxosmithkline,Pharmaceuticals,Pharmaceuticals,,GB00BN7SWP63,BN7SWP6,,,GSK,XLON,London Stock Exchange,GBP
892,"Europe, The Middle East and Africa",Western Europe,Ireland,Glenveagh Prop.Plc,Residential Construction & Materials,Residential Construction,,IE00BD6JX574,BD6JX57,,,GVR,XDUB,Euronext Dublin,EUR
893,"Europe, The Middle East and Africa",Western Europe,Germany,Gerresheimer Ag,Medical Devices & Supplies,Medical Devices,,DE000A0LD6E6,B1Y47Y7,,,GXI,XETR,Xetra,EUR
894,"Europe, The Middle East and Africa",Western Europe,Germany,Grand City Properties Sa,Real Estate Operations,Real Estate,,LU0775917882,B8K9X70,,,GYC,XETR,Xetra,EUR
895,"Europe, The Middle East and Africa",Western Europe,Ireland,Fd Technologies,Software & IT Solutions / Digital Services,Software & Digital Services,,,,,,GYQ,XDUB,Euronext Dublin,EUR
896,"Europe, The Middle East and Africa",Western Europe,Germany,Hamborner Reit Ag,Real Estate Investment Trusts (REITs),Real Estate Investment Trusts (REITs),,DE000A3H2333,BMH5DF7,,,HAB,XTSE,Toronto Stock Exchange,CAD
897,"Europe, The Middle East and Africa",Western Europe,Germany,Hensoldt Ag,Aerospace & Defense,Aerospace & Defense,,DE000HAG0005,BN0SDX8,,,HAG,XETR,Xetra,EUR
898,"Europe, The Middle East and Africa",Western Europe,United Kingdom,Hays Plc,Professional & Commercial Services,Professional Services,S04161022,GB0004161021,416102,,,HAS,XLON,London Stock Exchange,GBP
899,"Europe, The Middle East and Africa",Western Europe,Ireland,Healthbeacon Sha,Medical Devices & Supplies,Medical Devices,,,,,,HBCN,XDUB,Euronext Dublin,EUR
900,"Europe, The Middle East and Africa",Western Europe,Germany,Hornbach Holding Ag,Specialty Retailers,Retail,,DE0006083405,BZBWTJ1,,,HBH,XETR,Xetra,EUR
901,"Europe, The Middle East and Africa",Western Europe,United Kingdom,Harbour Energy Plc,Oil & Gas,Oil & Gas,,GB00BMBVGQ36,BMBVGQ3,,,HBR,XLON,London Stock Exchange,GBP
902,"Europe, The Middle East and Africa",Western Europe,Germany,Heidelberger Druckmaschinen Ag,"Machinery, Equipment & Components",Machinery,S53672275,DE0007314007,5367227,,,HDD,XETR,Xetra,EUR
903,"Europe, The Middle East and Africa",Western Europe,Germany,Heidelberg Materials Ag,Construction Materials,Construction Materials,S51206795,DE0006047004,5120679,,,HEI,XETR,Xetra,EUR
904,"Europe, The Middle East and Africa",Western Europe,Netherlands,Heineken Nv,Beverages,Food & Beverage,S77925592,NL0000009165,7792559,,,HEIA,XAMS,Euronext Amsterdam,EUR
905,"Europe, The Middle East and Africa",Western Europe,Netherlands,Heineken Holding Nv,Beverages,Food & Beverage,,NL0000008977,B0CCH46,,,HEIO,XAMS,Euronext Amsterdam,EUR
906,"Europe, The Middle East and Africa",Western Europe,Switzerland,Helvetia Holding Ag,Insurance,Insurance,,CH0466642201,BK6QWF0,,,HELN,XSWX,SIX Swiss Exchange,CHF
907,"Europe, The Middle East and Africa",Western Europe,Germany,Henkel Ag,Chemicals,Chemicals,S50024652,DE0006048408,5002465,,,HEN,XETR,Xetra,EUR
908,"Europe, The Middle East and Africa",Western Europe,Germany,Henkel & Kgaa Pref Ag,Chemicals,Chemicals,S50767052,DE0006048432,5076705,,,HEN3,XETR,Xetra,EUR
909,"Europe, The Middle East and Africa",Western Europe,United Kingdom,Halfords Group Plc,Specialty Retailers,Retail,,GB00B012TP20,B012TP2,,,HFD,XLON,London Stock Exchange,GBP
910,"Europe, The Middle East and Africa",Western Europe,Germany,Hellofresh,Food & Drug Retailing,Food Retail,,DE000A161408,BYWH8S0,,,HFG,XETR,Xetra,EUR
911,"Europe, The Middle East and Africa",Western Europe,United Kingdom,Hilton Food Group,Food & Tobacco,Food & Beverage,,,,,,HFG,XLON,London Stock Exchange,GBP
912,"Europe, The Middle East and Africa",Western Europe,United Kingdom,Hg Capital Trust,Pooled Investment Vehicles,Investment Services,,,,,,HGT,XLON,London Stock Exchange,GBP
913,"Europe, The Middle East and Africa",Western Europe,Germany,Hamburger Hafen Und Logistik Ag,Transport Infrastructure,Transportation Infrastructure,,DE000A0S8488,B28SK09,,,HHFA,XETR,Xetra,EUR
914,"Europe, The Middle East and Africa",Western Europe,United Kingdom,Hicl Infrastructure Company,Pooled Investment Vehicles,Investment Services,,,,,,HICL,XLON,London Stock Exchange,GBP
915,"Europe, The Middle East and Africa",Western Europe,United Kingdom,Hikma Pharmaceuticals Plc,Pharmaceuticals,Pharmaceuticals,,GB00B0LCW083,B0LCW08,,,HIK,XLON,London Stock Exchange,GBP
916,"Europe, The Middle East and Africa",Western Europe,United Kingdom,Hill And Smith Plc,Metals & Mining,Mining,S04270302,GB0004270301,427030,,,HILS,XLON,London Stock Exchange,GBP
917,"Europe, The Middle East and Africa",Western Europe,United Kingdom,Hargreaves Lansdown Plc,Investment & Securities Firms,Investment Services,,GB00B1VZ0M25,B1VZ0M2,,,HL,XLON,London Stock Exchange,GBP
918,"Europe, The Middle East and Africa",Western Europe,United Kingdom,Halma Plc,Electronic Components & Systems,Electronics,S04052072,GB0004052071,405207,,,HLMA,XLON,London Stock Exchange,GBP
919,"Europe, The Middle East and Africa",Western Europe,United Kingdom,Haleon Plc,Pharmaceuticals,Pharmaceuticals,,GB00BMX86B70,BMX86B7,,,HLN,XLON,London Stock Exchange,GBP
920,"Europe, The Middle East and Africa",Western Europe,Ireland,Hammerson Plc,Real Estate Investment Trusts (REITs),Real Estate Investment Trusts (REITs),,,,,,HMSO,XDUB,Euronext Dublin,GBP
921,"Europe, The Middle East and Africa",Western Europe,United Kingdom,Hammerson Reit Plc,Real Estate Investment Trusts (REITs),Real Estate Investment Trusts (REITs),,GB00BK7YQK64,BK7YQK6,,,HMSO,XLON,London Stock Exchange,GBP
922,"Europe, The Middle East and Africa",Western Europe,Germany,Hannover Rueck,Insurance,Insurance,S45118098,DE0008402215,4511809,,,HNR1,XETR,Xetra,EUR
923,"Europe, The Middle East and Africa",Western Europe,France,Thales Sa,Aerospace & Defense,Aerospace & Defense,S41627910,FR0000121329,4162791,,,HO,XPAR,Euronext Paris,EUR
924,"Europe, The Middle East and Africa",Western Europe,United Kingdom,Hochschild Mining Plc,Metals & Mining,Mining,,GB00B1FW5029,B1FW502,,,HOC,XLON,London Stock Exchange,GBP
925,"Europe, The Middle East and Africa",Western Europe,Switzerland,Holcim Ltd Ag,Construction Materials,Construction Materials,S71107536,CH0012214059,7110753,,,HOLN,XSWX,SIX Swiss Exchange,CHF
926,"Europe, The Middle East and Africa",Western Europe,United Kingdom,Home Reit Plc,Real Estate Investment Trusts (REITs),Real Estate Investment Trusts (REITs),,GB00BJP5HK17,BJP5HK1,,,HOME,XLON,London Stock Exchange,GBP
927,"Europe, The Middle East and Africa",Western Europe,Germany,Hochtief Ag,Construction & Engineering,Construction & Engineering,S51086643,DE0006070006,5108664,,,HOT,XETR,Xetra,EUR
928,"Europe, The Middle East and Africa",Western Europe,United Kingdom,Herald Investment Trust,Pooled Investment Vehicles,Investment Services,,,,,,HRI,XLON,London Stock Exchange,GBP
929,"Europe, The Middle East and Africa",Western Europe,United Kingdom,Hsbc Holdings Plc,Banking Services,Banking,S05405287,GB0005405286,540528,,,HSBA,XLON,London Stock Exchange,GBP
930,"Europe, The Middle East and Africa",Western Europe,United Kingdom,Henderson Smaller Companies Investment Trust,Pooled Investment Vehicles,Investment Services,,,,,,HSL,XLON,London Stock Exchange,GBP
931,"Europe, The Middle East and Africa",Western Europe,Ireland,Hostelworld Group,Software & IT Solutions / Digital Services,Software & Digital Services,,,,,,HSW,XDUB,Euronext Dublin,EUR
932,"Europe, The Middle East and Africa",Western Europe,United Kingdom,Hiscox Ltd,Insurance,Insurance,G4593F138,BMG4593F1389,BVZHXQ9,,,HSX,XLON,London Stock Exchange,GBP
933,"Europe, The Middle East and Africa",Western Europe,United Kingdom,Hunting Plc,Energy Equipment & Services,Energy Equipment & Services,S04478897,GB0004478896,447889,,,HTG,XLON,London Stock Exchange,GBP
934,"Europe, The Middle East and Africa",Western Europe,United Kingdom,Helios Towers Plc,Construction & Engineering,Construction & Engineering,,GB00BJVQC708,BJVQC70,,,HTWS,XLON,London Stock Exchange,GBP
935,"Europe, The Middle East and Africa",Western Europe,Ireland,Hvivo Plc,Biotechnology & Life Sciences,Biotechnology,,,,,,HVO,XDUB,Euronext Dublin,EUR
936,"Europe, The Middle East and Africa",Western Europe,United Kingdom,Harbourvest Global Private Equity,Investment & Securities Firms,Investment Services,,,,,,HVPE,XLON,London Stock Exchange,GBP
937,"Europe, The Middle East and Africa",Western Europe,United Kingdom,Howden Joinery Group Plc,Residential Construction & Materials,Residential Construction,S05576814,GB0005576813,557681,,,HWDN,XLON,London Stock Exchange,GBP
938,"Europe, The Middle East and Africa",Western Europe,Germany,Hypoport N,Fintech Services / Digital Financial Platforms,FinTech,,DE0005493365,B28XLF6,,,HYQ,XETR,Xetra,EUR
939,"Europe, The Middle East and Africa",Western Europe,United Kingdom,International Airlines Group Sa,Passenger Transportation Services,Transportation,,ES0177542018,,,,IAG,XLON,London Stock Exchange,GBP
940,"Europe, The Middle East and Africa",Western Europe,Belgium,Ion Beam Applications Sa,Medical Devices & Supplies,Medical Devices,S57054967,BE0003766806,5705496,,,IBAB,XBRU,Euronext Brussels,EUR
941,"Europe, The Middle East and Africa",Western Europe,United Kingdom,Ibstock Plc,Construction Materials,Construction Materials,,GB00BYXJC278,BYXJC27,,,IBST,XLON,London Stock Exchange,GBP
942,"Europe, The Middle East and Africa",Western Europe,United Kingdom,Icg Enterprise Trust,Pooled Investment Vehicles,Investment Services,,,,,,ICGT,XLON,London Stock Exchange,GBP
943,"Europe, The Middle East and Africa",Western Europe,Ireland,Icon Plc,Biotechnology & Life Sciences,Biotechnology,,IE0005711209,B94G471,,,ICLR,XNAS,Nasdaq Stock Market,USD
944,"Europe, The Middle East and Africa",Western Europe,United Kingdom,Intermediate Capital Group Plc,Investment & Securities Firms,Investment Services,,GB00BYT1DJ19,BYT1DJ1,,,ICP,XLON,London Stock Exchange,GBP
945,"Europe, The Middle East and Africa",Western Europe,United Kingdom,International Distributions Plc,Freight & Logistics Services,Logistics,,GB00BDVZYZ77,BDVZYZ7,,,IDS,XLON,London Stock Exchange,GBP
946,"Europe, The Middle East and Africa",Western Europe,United Kingdom,Impax Environmental Markets,Pooled Investment Vehicles,Investment Services,,,,,,IEM,XLON,London Stock Exchange,GBP
947,"Europe, The Middle East and Africa",Western Europe,Germany,Infineon Technologies Ag,Semiconductors & Chip Technologies,Semiconductors,S58895053,DE0006231004,5889505,,,IFX,XETR,Xetra,EUR
948,"Europe, The Middle East and Africa",Western Europe,United Kingdom,Ig Group Holdings Plc,Investment & Securities Firms,Investment Services,,GB00B06QFB75,B06QFB7,,,IGG,XLON,London Stock Exchange,GBP
949,"Europe, The Middle East and Africa",Western Europe,United Kingdom,Intercontinental Hotels Group Plc,Hotels & Entertainment Services,"Leisure, Hospitality & Travel",,GB00BHJYC057,BHJYC05,,,IHG,XLON,London Stock Exchange,GBP
950,"Europe, The Middle East and Africa",Western Europe,United Kingdom,Integrafin Holdings,Fintech Services / Digital Financial Platforms,FinTech,,GB00BD45SH49,BD45SH4,,,IHP,XLON,London Stock Exchange,GBP
951,"Europe, The Middle East and Africa",Western Europe,United Kingdom,Impact Healthcare Reit Plc,Real Estate Investment Trusts (REITs),Real Estate Investment Trusts (REITs),,GB00BYXVMJ03,BYXVMJ0,,,IHR,XLON,London Stock Exchange,GBP
952,"Europe, The Middle East and Africa",Western Europe,United Kingdom,3I Group Plc,Investment & Securities Firms,Investment Services,,GB00B1YW4409,B1YW440,,,III,XLON,London Stock Exchange,GBP
953,"Europe, The Middle East and Africa",Western Europe,Germany,Medios Ag,Pharmaceuticals,Pharmaceuticals,,DE000A1MMCC8,B8JVC03,,,ILM1,XETR,Xetra,EUR
954,"Europe, The Middle East and Africa",Western Europe,United Kingdom,Imperial Brands Plc,Food & Tobacco,Food & Beverage,S04544920,GB0004544929,454492,,,IMB,XLON,London Stock Exchange,GBP
955,"Europe, The Middle East and Africa",Western Europe,Netherlands,Imcd Nv,Chemicals,Chemicals,,NL0010801007,BNCBD46,,,IMCD,XAMS,Euronext Amsterdam,EUR
956,"Europe, The Middle East and Africa",Western Europe,United Kingdom,Imi Plc,"Machinery, Equipment & Components",Machinery,,GB00BGLP8L22,BGLP8L2,,,IMI,XLON,London Stock Exchange,GBP
957,"Europe, The Middle East and Africa",Western Europe,Belgium,Compagnie Immobiliere De Belgique,Real Estate Operations,Real Estate,S44583607,BE0003599108,4458360,,,IMMO,XBRU,Euronext Brussels,EUR
958,"Europe, The Middle East and Africa",Western Europe,United Kingdom,Inchcape Plc,Automobiles & Auto Parts,Automotive,,GB00B61TVQ02,B61TVQ0,,,INCH,XLON,London Stock Exchange,GBP
959,"Europe, The Middle East and Africa",Western Europe,United Kingdom,Indivior Plc,Pharmaceuticals,Pharmaceuticals,,GB00BN4HT335,BN4HT33,,,INDV,XLON,London Stock Exchange,GBP
960,"Europe, The Middle East and Africa",Western Europe,United Kingdom,Informa Plc,Professional & Commercial Services,Professional Services,,GB00BMJ6DW54,BMJ6DW5,,,INF,XLON,London Stock Exchange,GBP
961,"Europe, The Middle East and Africa",Western Europe,Netherlands,Ing Groep Nv,Banking Services,Banking,,NL0011821202,BZ57390,,,INGA,XAMS,Euronext Amsterdam,EUR
962,"Europe, The Middle East and Africa",Western Europe,Germany,Indus Holding Ag,Consumer Goods Conglomerates,Diversified Consumer Goods,S49435100,DE0006200108,4943510,,,INH,XETR,Xetra,EUR
963,"Europe, The Middle East and Africa",Western Europe,United Kingdom,International Public Partnerships,Investment & Securities Firms,Investment Services,,,,,,INPP,XLON,London Stock Exchange,GBP
964,"Europe, The Middle East and Africa",Western Europe,Netherlands,Inpost Sa,Freight & Logistics Services,Logistics,,LU2290522684,BN4N9C0,,,INPST,XAMS,Euronext Amsterdam,EUR
965,"Europe, The Middle East and Africa",Western Europe,Germany,Instone Real Estate Group,Real Estate Operations,Real Estate,,DE000A2NBX80,BFYXP82,,,INS,XETR,Xetra,EUR
966,"Europe, The Middle East and Africa",Western Europe,Belgium,Intervest Offices & Warehouses Rei,Real Estate Investment Trusts (REITs),Real Estate Investment Trusts (REITs),S56336050,BE0003746600,5633605,,,INTO,XBRU,Euronext Brussels,EUR
967,"Europe, The Middle East and Africa",Western Europe,United Kingdom,Investec Plc,Investment & Securities Firms,Investment Services,,GB00B17BBQ50,B17BBQ5,,,INVP,XLON,London Stock Exchange,GBP
968,"Europe, The Middle East and Africa",Western Europe,Germany,Ionos Group N,Software & IT Solutions / Digital Services,Software & Digital Services,,DE000A3E00M1,BPRD664,,,IOS,XETR,Xetra,EUR
969,"Europe, The Middle East and Africa",Western Europe,France,Ipsen Sa,Pharmaceuticals,Pharmaceuticals,,FR0010259150,B0R7JF1,,,IPN,XPAR,Euronext Paris,EUR
970,"Europe, The Middle East and Africa",Western Europe,United Kingdom,Ip Group Plc,Investment & Securities Firms,Investment Services,,GB00B128J450,B128J45,,,IPO,XLON,London Stock Exchange,GBP
971,"Europe, The Middle East and Africa",Western Europe,United Kingdom,Impax Asset Management Group Plc,Investment & Securities Firms,Investment Services,S04905261,GB0004905260,490526,,,IPX,XLON,London Stock Exchange,GBP
972,"Europe, The Middle East and Africa",Western Europe,Ireland,Irish Res. Prop.,Real Estate Investment Trusts (REITs),Real Estate Investment Trusts (REITs),,IE00BJ34P519,BJ34P51,,,IRES,XDUB,Euronext Dublin,EUR
973,"Europe, The Middle East and Africa",Western Europe,United Kingdom,Ithaca Energy,Oil & Gas,Oil & Gas,,,,,,ITH,XLON,London Stock Exchange,GBP
974,"Europe, The Middle East and Africa",Western Europe,United Kingdom,Itm Power Plc,"Machinery, Equipment & Components",Machinery,,GB00B0130H42,B0130H4,,,ITM,XLON,London Stock Exchange,GBP
975,"Europe, The Middle East and Africa",Western Europe,United Kingdom,Intertek Group Plc,Professional & Commercial Services,Professional Services,S31638364,GB0031638363,3163836,,,ITRK,XLON,London Stock Exchange,GBP
976,"Europe, The Middle East and Africa",Western Europe,United Kingdom,Itv Plc,Media & Publishing,Media,S33986498,GB0033986497,3398649,,,ITV,XLON,London Stock Exchange,GBP
977,"Europe, The Middle East and Africa",Western Europe,United Kingdom,Iwg,Real Estate Operations,Real Estate,,JE00BYVQYS01,BYVQYS0,,,IWG,XLON,London Stock Exchange,GBP
978,"Europe, The Middle East and Africa",Western Europe,United Kingdom,Jpmorgan American Investment Trust,Pooled Investment Vehicles,Investment Services,,,,,,JAM,XLON,London Stock Exchange,GBP
979,"Europe, The Middle East and Africa",Western Europe,United Kingdom,Jd Sports Fashion Plc,Specialty Retailers,Retail,,GB00BM8Q5M07,BM8Q5M0,,,JD,XLON,London Stock Exchange,GBP
980,"Europe, The Middle East and Africa",Western Europe,Netherlands,Jde Peets Nv,Food & Tobacco,Food & Beverage,,NL0014332678,BMC4ZZ3,,,JDEP,XAMS,Euronext Amsterdam,EUR
981,"Europe, The Middle East and Africa",Western Europe,United Kingdom,Judges Scientific Plc,"Machinery, Equipment & Components",Machinery,S32398679,GB0032398678,3239867,,,JDG,XLON,London Stock Exchange,GBP
982,"Europe, The Middle East and Africa",Western Europe,United Kingdom,Wetherspoon(J.D.) Plc,Hotels & Entertainment Services,"Leisure, Hospitality & Travel",S01638956,GB0001638955,163895,,,JDW,XLON,London Stock Exchange,GBP
983,"Europe, The Middle East and Africa",Western Europe,United Kingdom,Jpmorgan European Discovery,Pooled Investment Vehicles,Investment Services,,,,,,JEDT,XLON,London Stock Exchange,GBP
984,"Europe, The Middle East and Africa",Western Europe,Germany,Jenoptik N Ag,Semiconductors & Chip Technologies,Semiconductors,,DE000A2NB601,BGJVB13,,,JEN,XETR,Xetra,EUR
985,"Europe, The Middle East and Africa",Western Europe,United Kingdom,Jet2 Plc,Passenger Transportation Services,Transportation,,GB00B1722W11,B1722W1,,,JET2,XLON,London Stock Exchange,GBP
986,"Europe, The Middle East and Africa",Western Europe,United Kingdom,Jpmorgan Japanese Investment Trust,Pooled Investment Vehicles,Investment Services,,,,,,JFJ,XLON,London Stock Exchange,GBP
987,"Europe, The Middle East and Africa",Western Europe,United Kingdom,Jpmorgan Global Growth & Income,Pooled Investment Vehicles,Investment Services,,,,,,JGGI,XLON,London Stock Exchange,GBP
988,"Europe, The Middle East and Africa",Western Europe,United Kingdom,Jpmorgan Indian Investment Trust,Pooled Investment Vehicles,Investment Services,,,,,,JII,XLON,London Stock Exchange,GBP
989,"Europe, The Middle East and Africa",Western Europe,United Kingdom,Jlen Environmental Assets Group,Pooled Investment Vehicles,Investment Services,,,,,,JLEN,XLON,London Stock Exchange,GBP
990,"Europe, The Middle East and Africa",Western Europe,United Kingdom,Johnson Matthey Plc,Chemicals,Chemicals,,GB00BZ4BQC70,BZ4BQC7,,,JMAT,XLON,London Stock Exchange,GBP
991,"Europe, The Middle East and Africa",Western Europe,United Kingdom,Jpmorgan Emerging Markets Investment Trust,Pooled Investment Vehicles,Investment Services,,,,,,JMG,XLON,London Stock Exchange,GBP
992,"Europe, The Middle East and Africa",Western Europe,United Kingdom,Johnson Service Group Plc,Textiles & Apparel,Textiles & Apparel,S04762811,GB0004762810,476281,,,JSG,XLON,London Stock Exchange,GBP
993,"Europe, The Middle East and Africa",Western Europe,Germany,Jost Werke,Automobiles & Auto Parts,Automotive,,DE000JST4000,BDC3R17,,,JST,XETR,Xetra,EUR
994,"Europe, The Middle East and Africa",Western Europe,United Kingdom,Jtc Plc,Investment & Securities Firms,Investment Services,,JE00BF4X3P53,BF4X3P5,,,JTC,XLON,London Stock Exchange,GBP
995,"Europe, The Middle East and Africa",Western Europe,Germany,Jungheinrich Pref Ag,"Machinery, Equipment & Components",Machinery,S55456701,DE0006219934,5545670,,,JUN3,XETR,Xetra,EUR
996,"Europe, The Middle East and Africa",Western Europe,United Kingdom,Jupiter Fund Management Plc,Investment & Securities Firms,Investment Services,,GB00B53P2009,B53P200,,,JUP,XLON,London Stock Exchange,GBP
997,"Europe, The Middle East and Africa",Western Europe,United Kingdom,Just Group Plc,Insurance,Insurance,,GB00BCRX1J15,BCRX1J1,,,JUST,XLON,London Stock Exchange,GBP
998,"Europe, The Middle East and Africa",Western Europe,Belgium,Kbc Groep,Banking Services,Banking,S44977494,BE0003565737,4497749,,,KBC,XBRU,Euronext Brussels,EUR
999,"Europe, The Middle East and Africa",Western Europe,Belgium,Kbc Ancora,Investment & Securities Firms,Investment Services,,BE0003867844,B1YWXY3,,,KBCA,XBRU,Euronext Brussels,EUR
1000,"Europe, The Middle East and Africa",Western Europe,Germany,Knorr Bremse Ag,"Machinery, Equipment & Components",Machinery,,DE000KBX1006,BD2P9X9,,,KBX,XETR,Xetra,EUR
1001,"Europe, The Middle East and Africa",Western Europe,Germany,Kloeckner & Co,Metals & Mining,Mining,,DE000KC01000,B170DQ6,,,KCO,XETR,Xetra,EUR
1002,"Europe, The Middle East and Africa",Western Europe,France,Kering Sa,Specialty Retailers,Retail,S55050728,FR0000121485,5505072,,,KER,XPAR,Euronext Paris,EUR
1003,"Europe, The Middle East and Africa",Western Europe,United Kingdom,Kingfisher Plc,Specialty Retailers,Retail,S33195215,GB0033195214,3319521,,,KGF,XLON,London Stock Exchange,GBP
1004,"Europe, The Middle East and Africa",Western Europe,Germany,Kion Group Ag,"Machinery, Equipment & Components",Machinery,,DE000KGX8881,BB22L96,,,KGX,XETR,Xetra,EUR
1005,"Europe, The Middle East and Africa",Western Europe,United Kingdom,Kier Group Plc,Construction & Engineering,Construction & Engineering,S04915633,GB0004915632,491563,,,KIE,XLON,London Stock Exchange,GBP
1006,"Europe, The Middle East and Africa",Western Europe,Belgium,Kinepolis Nv,Hotels & Entertainment Services,"Leisure, Hospitality & Travel",,BE0974274061,BN3ZYS8,,,KIN,XBRU,Euronext Brussels,EUR
1007,"Europe, The Middle East and Africa",Western Europe,United Kingdom,Keller Group Plc,Construction & Engineering,Construction & Engineering,S04866224,GB0004866223,486622,,,KLR,XLON,London Stock Exchange,GBP
1008,"Europe, The Middle East and Africa",Western Europe,Ireland,Kenmare Resources,Metals & Mining,Mining,,IE00BDC5DG00,BDC5DH1,,,KMR,XDUB,Euronext Dublin,EUR
1009,"Europe, The Middle East and Africa",Western Europe,Switzerland,Kuehne Und Nagel International Ag,Freight & Logistics Services,Logistics,,CH0025238863,B142S60,,,KNIN,XSWX,SIX Swiss Exchange,CHF
1010,"Europe, The Middle East and Africa",Western Europe,United Kingdom,Kainos Group Plc,Software & IT Solutions / Digital Services,Software & Digital Services,,GB00BZ0D6727,BZ0D672,,,KNOS,XLON,London Stock Exchange,GBP
1011,"Europe, The Middle East and Africa",Western Europe,Netherlands,Koninklijke Kpn Nv,Telecommunications Services,Telecommunications,S59560789,NL0000009082,5956078,,,KPN,XAMS,Euronext Amsterdam,EUR
1012,"Europe, The Middle East and Africa",Western Europe,Germany,Krones Ag,"Machinery, Equipment & Components",Machinery,S55238810,DE0006335003,5523881,,,KRN,XETR,Xetra,EUR
1013,"Europe, The Middle East and Africa",Western Europe,Ireland,Kingspan Group Plc,Residential Construction & Materials,Residential Construction,S44912350,IE0004927939,4491235,,,KRX,XDUB,Euronext Dublin,EUR
1014,"Europe, The Middle East and Africa",Western Europe,Ireland,Kerry Group Plc,Food & Tobacco,Food & Beverage,S45195799,IE0004906560,4519579,,,KRZ,XDUB,Euronext Dublin,EUR
1015,"Europe, The Middle East and Africa",Western Europe,Germany,Knaus Tabbert Ag,Leisure Products,Leisure Products,,DE000A2YN504,BMTVR17,,,KTA,XETR,Xetra,EUR
1016,"Europe, The Middle East and Africa",Western Europe,Germany,Kontron Ag,Software & IT Solutions / Digital Services,Software & Digital Services,S46659330,AT0000A0E9W5,4665933,,,KTN,XETR,Xetra,EUR
1017,"Europe, The Middle East and Africa",Western Europe,United Kingdom,Keywords Studios Plc,Software & IT Solutions / Digital Services,Software & Digital Services,,GB00BBQ38507,BBQ3850,,,KWS,XLON,London Stock Exchange,GBP
1018,"Europe, The Middle East and Africa",Western Europe,United Kingdom,Land Securities Group Reit Plc,Real Estate Investment Trusts (REITs),Real Estate Investment Trusts (REITs),,GB00BYW0PQ60,BYW0PQ6,,,LAND,XLON,London Stock Exchange,GBP
1019,"Europe, The Middle East and Africa",Western Europe,Germany,Leg Immobilien N,Real Estate Operations,Real Estate,,DE000LEG1110,B9G6L89,,,LEG,XETR,Xetra,EUR
1020,"Europe, The Middle East and Africa",Western Europe,United Kingdom,Legal And General Group Plc,Investment & Securities Firms,Investment Services,S05603998,GB0005603997,560399,,,LGEN,XLON,London Stock Exchange,GBP
1021,"Europe, The Middle East and Africa",Western Europe,Germany,Deutsche Lufthansa Ag,Passenger Transportation Services,Transportation,S52874880,DE0008232125,5287488,,,LHA,XETR,Xetra,EUR
1022,"Europe, The Middle East and Africa",Western Europe,France,Klepierre Reit Sa,Real Estate Investment Trusts (REITs),Real Estate Investment Trusts (REITs),S75825562,FR0000121964,7582556,,,LI,XPAR,Euronext Paris,EUR
1023,"Europe, The Middle East and Africa",Western Europe,Netherlands,Signify Nv,Residential Construction & Materials,Residential Construction,,NL0011821392,BYY7VY5,,,LIGHT,XAMS,Euronext Amsterdam,EUR
1024,"Europe, The Middle East and Africa",Western Europe,United Kingdom,Linde Public Limited Company,Metals & Mining,Mining,,IE000S9YS762,BNZHB81,,1707925,LIN,XNAS,Nasdaq Stock Market,USD
1025,"Europe, The Middle East and Africa",Western Europe,United Kingdom,Liontrust Asset Management Plc,Investment & Securities Firms,Investment Services,S07388408,GB0007388407,738840,,,LIO,XLON,London Stock Exchange,GBP
1026,"Europe, The Middle East and Africa",Western Europe,Switzerland,Chocoladefabriken Lindt & Spruengl,Food & Tobacco,Food & Beverage,S59623090,CH0010570759,5962309,,,LISN,XSWX,SIX Swiss Exchange,CHF
1027,"Europe, The Middle East and Africa",Western Europe,Switzerland,Chocoladefabriken Lindt & Spruengl,Food & Tobacco,Food & Beverage,S59622803,CH0010570767,5962280,,,LISNE,XSWX,SIX Swiss Exchange,CHF
1028,"Europe, The Middle East and Africa",Western Europe,United Kingdom,Lloyds Banking Group Plc,Banking Services,Banking,S08706129,GB0008706128,870612,,,LLOY,XLON,London Stock Exchange,GBP
1029,"Europe, The Middle East and Africa",Western Europe,United Kingdom,Londonmetric Property Reit Plc,Real Estate Investment Trusts (REITs),Real Estate Investment Trusts (REITs),,GB00B4WFW713,B4WFW71,,,LMP,XLON,London Stock Exchange,GBP
1030,"Europe, The Middle East and Africa",Western Europe,Switzerland,Logitech International Sa,Consumer Electronics,Consumer Electronics,,CH0025751329,B18ZRK2,,,LOGN,XSWX,SIX Swiss Exchange,CHF
1031,"Europe, The Middle East and Africa",Western Europe,Switzerland,Lonza Group Ag,Biotechnology & Life Sciences,Biotechnology,S73333783,CH0013841017,7333378,,,LONN,XSWX,SIX Swiss Exchange,CHF
1032,"Europe, The Middle East and Africa",Western Europe,France,Legrand Sa,"Machinery, Equipment & Components",Machinery,,FR0010307819,B11ZRK9,,,LR,XPAR,Euronext Paris,EUR
1033,"Europe, The Middle East and Africa",Western Europe,United Kingdom,Lancashire Holdings Ltd,Insurance,Insurance,,BMG5361W1047,B0PYHC7,,,LRE,XLON,London Stock Exchange,GBP
1034,"Europe, The Middle East and Africa",Western Europe,United Kingdom,London Stock Exchange Group Plc,Investment & Securities Firms,Investment Services,,GB00B0SWJX34,B0SWJX3,,,LSEG,XLON,London Stock Exchange,GBP
1035,"Europe, The Middle East and Africa",Western Europe,United Kingdom,Learning Technologies Group Plc,Professional & Commercial Services,Professional Services,,GB00B4T7HX10,B4T7HX1,,,LTG,XLON,London Stock Exchange,GBP
1036,"Europe, The Middle East and Africa",Western Europe,United Kingdom,Law Debenture,Pooled Investment Vehicles,Investment Services,,,,,,LWDB,XLON,London Stock Exchange,GBP
1037,"Europe, The Middle East and Africa",Western Europe,United Kingdom,Lxi Reit Plc,Real Estate Investment Trusts (REITs),Real Estate Investment Trusts (REITs),,GB00BYQ46T41,BYQ46T4,,,LXI,XLON,London Stock Exchange,GBP
1038,"Europe, The Middle East and Africa",Western Europe,Germany,Lanxess Ag,Chemicals,Chemicals,,DE0005470405,B05M8B7,,,LXS,XETR,Xetra,EUR
1039,"Europe, The Middle East and Africa",Western Europe,United Kingdom,Lyondellbasell Industries Nv,Chemicals,Chemicals,,NL0009434992,B3SPXZ3,,1489393,LYB,XNYS,New York Stock Exchange,USD
1040,"Europe, The Middle East and Africa",Western Europe,United Kingdom,Mitchells And Butlers Plc,Hotels & Entertainment Services,"Leisure, Hospitality & Travel",,GB00B1FP6H53,B1FP6H5,,,MAB,XLON,London Stock Exchange,GBP
1041,"Europe, The Middle East and Africa",Western Europe,Germany,Mbb,Professional & Commercial Services,Professional Services,,DE000A0ETBQ4,B13G625,,,MBB,XETR,Xetra,EUR
1042,"Europe, The Middle East and Africa",Western Europe,Germany,Mercedes-Benz Group N Ag,Automobiles & Auto Parts,Automotive,S55290274,DE0007100000,5529027,,,MBG,XETR,Xetra,EUR
1043,"Europe, The Middle East and Africa",Western Europe,France,Lvmh,Textiles & Apparel,Textiles & Apparel,S40614125,FR0000121014,4061412,,,MC,XPAR,Euronext Paris,EUR
1044,"Europe, The Middle East and Africa",Western Europe,United Kingdom,Mobico Group Plc,Passenger Transportation Services,Transportation,S06215206,GB0006215205,621520,,,MCG,XLON,London Stock Exchange,GBP
1045,"Europe, The Middle East and Africa",Western Europe,Ireland,Medtronic Public Limited Company,Medical Devices & Supplies,Medical Devices,G5960L103,IE00BTN1Y115,BTN1Y11,,1613103,MDT,XNYS,New York Stock Exchange,USD
1046,"Europe, The Middle East and Africa",Western Europe,United Kingdom,Me Group International,"Machinery, Equipment & Components",Machinery,,,,,,MEGP,XLON,London Stock Exchange,GBP
1047,"Europe, The Middle East and Africa",Western Europe,Belgium,Melexis Nv,Semiconductors & Chip Technologies,Semiconductors,S73700635,BE0165385973,7370063,,,MELE,XBRU,Euronext Brussels,EUR
1048,"Europe, The Middle East and Africa",Western Europe,United Kingdom,Morgan Advanced Materials Plc,"Machinery, Equipment & Components",Machinery,S06027296,GB0006027295,602729,,,MGAM,XLON,London Stock Exchange,GBP
1049,"Europe, The Middle East and Africa",Western Europe,United Kingdom,Morgan Sindall Group Plc,Construction & Engineering,Construction & Engineering,S08085615,GB0008085614,808561,,,MGNS,XLON,London Stock Exchange,GBP
1050,"Europe, The Middle East and Africa",Western Europe,Ireland,Mincon Group Plc,"Machinery, Equipment & Components",Machinery,,,,,,MIO,XDUB,Euronext Dublin,EUR
1051,"Europe, The Middle East and Africa",Western Europe,United Kingdom,Marks And Spencer Group Plc,Food & Drug Retailing,Food Retail,S31274897,GB0031274896,3127489,,,MKS,XLON,London Stock Exchange,GBP
1052,"Europe, The Middle East and Africa",Western Europe,France,Compagnie Generale Des Etablisseme,Automobiles & Auto Parts,Automotive,,FR001400AJ45,BPBPJ01,,,ML,XPAR,Euronext Paris,EUR
1053,"Europe, The Middle East and Africa",Western Europe,Ireland,Malin Corp. Plc,Pharmaceuticals,Pharmaceuticals,,,,,,MLC,XDUB,Euronext Dublin,EUR
1054,"Europe, The Middle East and Africa",Western Europe,United Kingdom,Mondi Plc,Containers & Packaging,Packaging,,GB00B1CRLC47,B1CRLC4,,,MNDI,XLON,London Stock Exchange,GBP
1055,"Europe, The Middle East and Africa",Western Europe,United Kingdom,M&G Plc,Investment & Securities Firms,Investment Services,,GB00BKFB1C65,BKFB1C6,,,MNG,XLON,London Stock Exchange,GBP
1056,"Europe, The Middle East and Africa",Western Europe,United Kingdom,Monks Investment Trust,Pooled Investment Vehicles,Investment Services,,,,,,MNKS,XLON,London Stock Exchange,GBP
1057,"Europe, The Middle East and Africa",Western Europe,Belgium,Montea Nv,Real Estate Investment Trusts (REITs),Real Estate Investment Trusts (REITs),,BE0003853703,B1FWD64,,,MONT,XBRU,Euronext Brussels,EUR
1058,"Europe, The Middle East and Africa",Western Europe,United Kingdom,Moneysupermarket.Com Group Plc,Software & IT Solutions / Digital Services,Software & Digital Services,,GB00B1ZBKY84,B1ZBKY8,,,MONY,XLON,London Stock Exchange,GBP
1059,"Europe, The Middle East and Africa",Western Europe,United Kingdom,Moonpig Group Plc,Specialty Retailers,Retail,,GB00BMT9K014,BMT9K01,,,MOON,XLON,London Stock Exchange,GBP
1060,"Europe, The Middle East and Africa",Western Europe,Germany,Morphosys Ag,Biotechnology & Life Sciences,Biotechnology,S55310007,DE0006632003,5531000,,,MOR,XETR,Xetra,EUR
1061,"Europe, The Middle East and Africa",Western Europe,United Kingdom,Mercantile Investment Trust,Pooled Investment Vehicles,Investment Services,,,,,,MRC,XLON,London Stock Exchange,GBP
1062,"Europe, The Middle East and Africa",Western Europe,United Kingdom,Merchants Trust,Pooled Investment Vehicles,Investment Services,,,,,,MRCH,XLON,London Stock Exchange,GBP
1063,"Europe, The Middle East and Africa",Western Europe,Germany,Merck,Pharmaceuticals,Pharmaceuticals,S47418447,DE0006599905,4741844,,,MRK,XETR,Xetra,EUR
1064,"Europe, The Middle East and Africa",Western Europe,United Kingdom,Marlowe Plc,Professional & Commercial Services,Professional Services,,GB00BD8SLV43,BD8SLV4,,,MRL,XLON,London Stock Exchange,GBP
1065,"Europe, The Middle East and Africa",Western Europe,United Kingdom,Melrose Industries Plc,Aerospace & Defense,Aerospace & Defense,,GB00BNGDN821,BNGDN82,,,MRO,XLON,London Stock Exchange,GBP
1066,"Europe, The Middle East and Africa",Western Europe,United Kingdom,Marshalls Plc,Construction Materials,Construction Materials,,GB00B012BV22,B012BV2,,,MSLH,XLON,London Stock Exchange,GBP
1067,"Europe, The Middle East and Africa",Western Europe,France,Arcelormittal,Metals & Mining,Mining,,,,,,MT,XAMS,Euronext Amsterdam,EUR
1068,"Europe, The Middle East and Africa",Western Europe,Netherlands,Arcelormittal,Metals & Mining,Mining,,,,,,MT,XAMS,Euronext Amsterdam,EUR
1069,"Europe, The Middle East and Africa",Western Europe,United Kingdom,Mitie Group Plc,Professional & Commercial Services,Professional Services,S04657409,GB0004657408,465740,,,MTO,XLON,London Stock Exchange,GBP
1070,"Europe, The Middle East and Africa",Western Europe,Germany,Mtu Aero Engines Holding Ag,Aerospace & Defense,Aerospace & Defense,,DE000A0D9PT0,B09DHL9,,,MTX,XETR,Xetra,EUR
1071,"Europe, The Middle East and Africa",Western Europe,United Kingdom,Murray Income Trust,Pooled Investment Vehicles,Investment Services,,,,,,MUT,XLON,London Stock Exchange,GBP
1072,"Europe, The Middle East and Africa",Western Europe,Germany,Muenchener Rueckversicherungs-Gese,Insurance,Insurance,S52941218,DE0008430026,5294121,,,MUV2,XETR,Xetra,EUR
1073,"Europe, The Middle East and Africa",Western Europe,United Kingdom,Murray International Trust,Pooled Investment Vehicles,Investment Services,,,,,,MYI,XLON,London Stock Exchange,GBP
1074,"Europe, The Middle East and Africa",Western Europe,United Kingdom,Ninety One Plc,Investment & Securities Firms,Investment Services,,GB00BJHPLV88,BJHPLV8,,,N91,XLON,London Stock Exchange,GBP
1075,"Europe, The Middle East and Africa",Western Europe,Germany,Nagarro N,Software & IT Solutions / Digital Services,Software & Digital Services,,DE000A3H2200,BMT6455,,,NA9,XETR,Xetra,EUR
1076,"Europe, The Middle East and Africa",Western Europe,United Kingdom,North Atlantic Smaller Companies Investment Trust,Pooled Investment Vehicles,Investment Services,,,,,,NAS,XLON,London Stock Exchange,GBP
1077,"Europe, The Middle East and Africa",Western Europe,Germany,Northern Data Ag,Tech Platform Infrastructure,Technology Platforms,,DE000A0SMU87,BWT5WX6,,,NB2,XETR,Xetra,EUR
1078,"Europe, The Middle East and Africa",Western Europe,United Kingdom,Nb Private Equity Partners,Pooled Investment Vehicles,Investment Services,,,,,,NBPE,XLON,London Stock Exchange,GBP
1079,"Europe, The Middle East and Africa",Western Europe,United Kingdom,Ncc Group Plc,Software & IT Solutions / Digital Services,Software & Digital Services,,GB00B01QGK86,B01QGK8,,,NCC,XLON,London Stock Exchange,GBP
1080,"Europe, The Middle East and Africa",Western Europe,Germany,Aurubis Ag,Metals & Mining,Mining,S54855275,DE0006766504,5485527,,,NDA,XETR,Xetra,EUR
1081,"Europe, The Middle East and Africa",Western Europe,Germany,Nordex,"Machinery, Equipment & Components",Machinery,,DE000A0D6554,B06CF71,,,NDX1,XETR,Xetra,EUR
1082,"Europe, The Middle East and Africa",Western Europe,Germany,Nemetschek,Software & IT Solutions / Digital Services,Software & Digital Services,S56339625,DE0006452907,5633962,,,NEM,XETR,Xetra,EUR
1083,"Europe, The Middle East and Africa",Western Europe,United Kingdom,Nextenergy Solar Fund,Pooled Investment Vehicles,Investment Services,,,,,,NESF,XLON,London Stock Exchange,GBP
1084,"Europe, The Middle East and Africa",Western Europe,Switzerland,Nestle Sa,Food & Tobacco,Food & Beverage,S71238703,CH0038863350,7123870,,,NESN,XSWX,SIX Swiss Exchange,CHF
1085,"Europe, The Middle East and Africa",Western Europe,United Kingdom,Network International Holdings Plc,Professional & Commercial Services,Professional Services,,GB00BH3VJ782,BH3VJ78,,,NETW,XLON,London Stock Exchange,GBP
1086,"Europe, The Middle East and Africa",Western Europe,United Kingdom,Next 15 Group Plc,Media & Publishing,Media,S30026058,GB0030026057,3002605,,,NFG,XLON,London Stock Exchange,GBP
1087,"Europe, The Middle East and Africa",Western Europe,United Kingdom,National Grid Plc,Integrated Utilities,Utilities,,GB00BDR05C01,BDR05C0,,,NG,XLON,London Stock Exchange,GBP
1088,"Europe, The Middle East and Africa",Western Europe,Netherlands,Nn Group Nv,Insurance,Insurance,,NL0010773842,BNG8PQ9,,,NN,XAMS,Euronext Amsterdam,EUR
1089,"Europe, The Middle East and Africa",Western Europe,Germany,Norma Group,"Machinery, Equipment & Components",Machinery,,DE000A1H8BV3,B4RLNR1,,,NOEJ,XETR,Xetra,EUR
1090,"Europe, The Middle East and Africa",Western Europe,Switzerland,Novartis Ag,Pharmaceuticals,Pharmaceuticals,S71030654,CH0012005267,7103065,,,NOVN,XSWX,SIX Swiss Exchange,CHF
1091,"Europe, The Middle East and Africa",Western Europe,Netherlands,Nsi Nv,Real Estate Investment Trusts (REITs),Real Estate Investment Trusts (REITs),,NL0012365084,BZBY737,,,NSI,XAMS,Euronext Amsterdam,EUR
1092,"Europe, The Middle East and Africa",Western Europe,United Kingdom,Natwest Group Plc,Banking Services,Banking,,GB00BM8PJY71,BM8PJY7,,,NWG,XLON,London Stock Exchange,GBP
1093,"Europe, The Middle East and Africa",Western Europe,Netherlands,NXP  Semiconductors Nv,Semiconductors & Chip Technologies,Semiconductors,N6596X109,NL0009538784,B505PN7,,1413447,NXPI,XAMS,Nasdaq Stock Market,USD
1094,"Europe, The Middle East and Africa",Western Europe,United Kingdom,Next Plc,Specialty Retailers,Retail,S32089864,GB0032089863,3208986,,,NXT,XLON,London Stock Exchange,GBP
1095,"Europe, The Middle East and Africa",Western Europe,Germany,Telefonica Deutschland Holding Ag,Telecommunications Services,Telecommunications,,DE000A1J5RX9,B7VG6L8,,,O2D,XETR,Xetra,EUR
1096,"Europe, The Middle East and Africa",Western Europe,United Kingdom,Ocado Group Plc,Diversified Retail,Retail,,GB00B3MBS747,B3MBS74,,,OCDO,XLON,London Stock Exchange,GBP
1097,"Europe, The Middle East and Africa",Western Europe,Netherlands,Oci Nv,Chemicals,Chemicals,,NL0010558797,BD4TZK8,,,OCI,XAMS,Euronext Amsterdam,EUR
1098,"Europe, The Middle East and Africa",Western Europe,Germany,Ohb,Aerospace & Defense,Aerospace & Defense,S70582283,DE0005936124,7058228,,,OHB,XETR,Xetra,EUR
1099,"Europe, The Middle East and Africa",Western Europe,Ireland,Origin Ent. Plc,Food & Tobacco,Food & Beverage,,IE00B1WV4493,B1YC2Y6,,,OIZ,XDUB,Euronext Dublin,EUR
1100,"Europe, The Middle East and Africa",Western Europe,United Kingdom,Oxford Nanopore Technologies Plc,Medical Devices & Supplies,Medical Devices,,GB00BP6S8Z30,BP6S8Z3,,,ONT,XLON,London Stock Exchange,GBP
1101,"Europe, The Middle East and Africa",Western Europe,Belgium,Ontex Group Nv,Consumer & Household Products,Household Products,,BE0974276082,BNBNNH6,,,ONTEX,XBRU,Euronext Brussels,EUR
1102,"Europe, The Middle East and Africa",Western Europe,France,Loreal Sa,Consumer & Household Products,Household Products,S40578080,FR0000120321,4057808,,,OR,XPAR,Euronext Paris,EUR
1103,"Europe, The Middle East and Africa",Western Europe,France,Orange Sa,Telecommunications Services,Telecommunications,S51761773,FR0000133308,5176177,,,ORA,XPAR,Euronext Paris,EUR
1104,"Europe, The Middle East and Africa",Western Europe,Netherlands,Ordina Nv,Software & IT Solutions / Digital Services,Software & Digital Services,S52506409,NL0000440584,5250640,,,ORDI,XAMS,Euronext Amsterdam,EUR
1105,"Europe, The Middle East and Africa",Western Europe,United Kingdom,Octopus Renewables Infrastructure Trust,Pooled Investment Vehicles,Investment Services,,,,,,ORIT,XLON,London Stock Exchange,GBP
1106,"Europe, The Middle East and Africa",Western Europe,Ireland,Ormonde Mining Plc,Metals & Mining,Mining,,,,,,ORQ1,XDUB,Euronext Dublin,EUR
1107,"Europe, The Middle East and Africa",Western Europe,United Kingdom,Osb Group Plc,Banking Services,Banking,,GB00BLDRH360,BLDRH36,,,OSB,XLON,London Stock Exchange,GBP
1108,"Europe, The Middle East and Africa",Western Europe,Ireland,Ovoca Bio Plc,Biotechnology & Life Sciences,Biotechnology,,,,,,OVXA,XDUB,Euronext Dublin,EUR
1109,"Europe, The Middle East and Africa",Western Europe,United Kingdom,Oxford Biomedica Plc,Biotechnology & Life Sciences,Biotechnology,,GB00BDFBVT43,BDFBVT4,,,OXB,XLON,London Stock Exchange,GBP
1110,"Europe, The Middle East and Africa",Western Europe,United Kingdom,Oxford Instruments Plc,Electronic Components & Systems,Electronics,S06650451,GB0006650450,665045,,,OXIG,XLON,London Stock Exchange,GBP
1111,"Europe, The Middle East and Africa",Western Europe,Ireland,Petroneft Res.,Oil & Gas,Oil & Gas,,,,,,P8ET,XDUB,Euronext Dublin,EUR
1112,"Europe, The Middle East and Africa",Western Europe,Germany,Dr Ing Hc F Porsche Prf Ag,Automobiles & Auto Parts,Automotive,,DE000PAG9113,BJN59B8,,,P911,XETR,Xetra,EUR
1113,"Europe, The Middle East and Africa",Western Europe,United Kingdom,Pan African Resources Plc,Metals & Mining,Mining,S04300497,GB0004300496,430049,,,PAF,XLON,London Stock Exchange,GBP
1114,"Europe, The Middle East and Africa",Western Europe,United Kingdom,Paragon Group Of Companies,Banking Services,Banking,,GB00B2NGPM57,B2NGPM5,,,PAG,XLON,London Stock Exchange,GBP
1115,"Europe, The Middle East and Africa",Western Europe,United Kingdom,Pagegroup Plc,Professional & Commercial Services,Professional Services,S30232318,GB0030232317,3023231,,,PAGE,XLON,London Stock Exchange,GBP
1116,"Europe, The Middle East and Africa",Western Europe,Germany,Porsche Automobil Holding Pref,Automobiles & Auto Parts,Automotive,S71010698,DE000PAH0038,7101069,,,PAH3,XETR,Xetra,EUR
1117,"Europe, The Middle East and Africa",Western Europe,Germany,Patrizia,Real Estate Operations,Real Estate,,DE000PAT1AG3,B11Y3K8,,,PAT,XETR,Xetra,EUR
1118,"Europe, The Middle East and Africa",Western Europe,Germany,Deutsche Pfandbriefbank Ag,Banking Services,Banking,,DE0008019001,BYM6917,,,PBB,XETR,Xetra,EUR
1119,"Europe, The Middle East and Africa",Western Europe,United Kingdom,Polar Capital Technology Trust,Pooled Investment Vehicles,Investment Services,,,,,,PCT,XLON,London Stock Exchange,GBP
1120,"Europe, The Middle East and Africa",Western Europe,United Kingdom,Picton Property Income Ltd,Real Estate Investment Trusts (REITs),Real Estate Investment Trusts (REITs),,GB00B0LCW208,B0LCW20,,,PCTN,XLON,London Stock Exchange,GBP
1121,"Europe, The Middle East and Africa",Western Europe,Ireland,Pdd Holdings Inc.,Software & IT Solutions / Digital Services,Software & Digital Services,,US7223041028,,,173786,PDD,XNAS,Nasdaq Stock Market,USD
1122,"Europe, The Middle East and Africa",Western Europe,United Kingdom,Pets At Home Plc,Specialty Retailers,Retail,,GB00BJ62K685,BJ62K68,,,PETS,XLON,London Stock Exchange,GBP
1123,"Europe, The Middle East and Africa",Western Europe,United Kingdom,Petrofac Ltd,Energy Equipment & Services,Energy Equipment & Services,,GB00B0H2K534,B0H2K53,,,PFC,XLON,London Stock Exchange,GBP
1124,"Europe, The Middle East and Africa",Western Europe,United Kingdom,Premier Foods Plc,Food & Tobacco,Food & Beverage,,GB00B7N0K053,B7N0K05,,,PFD,XLON,London Stock Exchange,GBP
1125,"Europe, The Middle East and Africa",Western Europe,Germany,Pfeiffer Vacuum Technology Ag,"Machinery, Equipment & Components",Machinery,S54992383,DE0006916604,5499238,,,PFV,XETR,Xetra,EUR
1126,"Europe, The Middle East and Africa",Western Europe,Switzerland,Partners Group Holding Ag,Investment & Securities Firms,Investment Services,,CH0024608827,B119QG0,,,PGHN,XSWX,SIX Swiss Exchange,CHF
1127,"Europe, The Middle East and Africa",Western Europe,Netherlands,Pharming Group Nv,Pharmaceuticals,Pharmaceuticals,,NL0010391025,B8RC747,,,PHARM,XAMS,Euronext Amsterdam,EUR
1128,"Europe, The Middle East and Africa",Western Europe,United Kingdom,Pacific Horizon Investment Trust,Pooled Investment Vehicles,Investment Services,,,,,,PHI,XLON,London Stock Exchange,GBP
1129,"Europe, The Middle East and Africa",Western Europe,Netherlands,Koninklijke Philips Nv,Medical Devices & Supplies,Medical Devices,S59866228,NL0000009538,5986622,,,PHIA,XAMS,Euronext Amsterdam,EUR
1130,"Europe, The Middle East and Africa",Western Europe,United Kingdom,Petershill Partners,Investment & Securities Firms,Investment Services,,,,,,PHLL,XLON,London Stock Exchange,GBP
1131,"Europe, The Middle East and Africa",Western Europe,United Kingdom,Phoenix Group Holdings Plc,Insurance,Insurance,,GB00BGXQNP29,BGXQNP2,,,PHNX,XLON,London Stock Exchange,GBP
1132,"Europe, The Middle East and Africa",Western Europe,United Kingdom,Primary Health Properties Reit Plc,Real Estate Investment Trusts (REITs),Real Estate Investment Trusts (REITs),,GB00BYRJ5J14,BYRJ5J1,,,PHP,XLON,London Stock Exchange,GBP
1133,"Europe, The Middle East and Africa",Western Europe,United Kingdom,Pantheon International,Pooled Investment Vehicles,Investment Services,,,,,,PIN,XLON,London Stock Exchange,GBP
1134,"Europe, The Middle East and Africa",Western Europe,United Kingdom,Plus500 Ltd,Fintech Services / Digital Financial Platforms,FinTech,,IL0011284465,BBT3PS9,,,PLUS,XLON,London Stock Exchange,GBP
1135,"Europe, The Middle East and Africa",Western Europe,Germany,Pne Ag,Renewable Energy,Renewable Energy,,DE000A0JBPG2,B0QCZ26,,,PNE3,XETR,Xetra,EUR
1136,"Europe, The Middle East and Africa",Western Europe,Netherlands,Postnl Nv,Freight & Logistics Services,Logistics,S54815584,NL0009739416,5481558,,,PNL,XAMS,Euronext Amsterdam,EUR
1137,"Europe, The Middle East and Africa",Western Europe,United Kingdom,Personal Assets Trust,Pooled Investment Vehicles,Investment Services,,,,,,PNL,XLON,London Stock Exchange,GBP
1138,"Europe, The Middle East and Africa",Western Europe,United Kingdom,Pennon Group Plc,Water Utilities,Water Utilities,,GB00BNNTLN49,BNNTLN4,,,PNN,XLON,London Stock Exchange,GBP
1139,"Europe, The Middle East and Africa",Western Europe,United Kingdom,Pentair Public Limited Company,"Machinery, Equipment & Components",Machinery,,IE00BLS09M33,BLS09M3,,77360,PNR,XNYS,New York Stock Exchange,USD
1140,"Europe, The Middle East and Africa",Western Europe,United Kingdom,Polar Capital Holdings Plc,Investment & Securities Firms,Investment Services,,GB00B1GCLT25,B1GCLT2,,,POLR,XLON,London Stock Exchange,GBP
1141,"Europe, The Middle East and Africa",Western Europe,Belgium,Proximus Nv,Telecommunications Services,Telecommunications,,BE0003810273,B00D9P6,,,PROX,XBRU,Euronext Brussels,EUR
1142,"Europe, The Middle East and Africa",Western Europe,United Kingdom,The Prs Reit Plc,Real Estate Investment Trusts (REITs),Real Estate Investment Trusts (REITs),,GB00BF01NH51,BF01NH5,,,PRSR,XLON,London Stock Exchange,GBP
1143,"Europe, The Middle East and Africa",Western Europe,United Kingdom,Puretech Health,Biotechnology & Life Sciences,Biotechnology,,,,,,PRTC,XLON,London Stock Exchange,GBP
1144,"Europe, The Middle East and Africa",Western Europe,United Kingdom,Prudential Plc,Insurance,Insurance,S07099542,GB0007099541,709954,,,PRU,XLON,London Stock Exchange,GBP
1145,"Europe, The Middle East and Africa",Western Europe,Netherlands,Prosus Nv,Software & IT Solutions / Digital Services,Software & Digital Services,,NL0013654783,BJDS7L3,,,PRX,XAMS,Euronext Amsterdam,EUR
1146,"Europe, The Middle East and Africa",Western Europe,United Kingdom,Pershing Square Holdings,Pooled Investment Vehicles,Investment Services,,,,,,PSH,XLON,London Stock Exchange,GBP
1147,"Europe, The Middle East and Africa",Western Europe,Germany,Prosieben Sat.1 Media N,Media & Publishing,Media,,DE000PSM7770,BCZM1B2,,,PSM,XETR,Xetra,EUR
1148,"Europe, The Middle East and Africa",Western Europe,United Kingdom,Persimmon Plc,Residential Construction & Materials,Residential Construction,S06825384,GB0006825383,682538,,,PSN,XLON,London Stock Exchange,GBP
1149,"Europe, The Middle East and Africa",Western Europe,United Kingdom,Pearson Plc,Media & Publishing,Media,S06776082,GB0006776081,677608,,,PSON,XLON,London Stock Exchange,GBP
1150,"Europe, The Middle East and Africa",Western Europe,United Kingdom,Playtech Plc,Hotels & Entertainment Services,"Leisure, Hospitality & Travel",,IM00B7S9G985,B7S9G98,,,PTEC,XLON,London Stock Exchange,GBP
1151,"Europe, The Middle East and Africa",Western Europe,Ireland,Perm. Tsb Gp. Hold,Banking Services,Banking,,IE00BWB8X525,BWB8X52,,,PTSB,XDUB,Euronext Dublin,EUR
1152,"Europe, The Middle East and Africa",Western Europe,France,Publicis Groupe Sa,Media & Publishing,Media,S43804293,FR0000130577,4380429,,,PUB,XPAR,Euronext Paris,EUR
1153,"Europe, The Middle East and Africa",Western Europe,Germany,Puma,Textiles & Apparel,Textiles & Apparel,S50647221,DE0006969603,5064722,,,PUM,XETR,Xetra,EUR
1154,"Europe, The Middle East and Africa",Western Europe,United Kingdom,Pz Cussons Plc,Consumer & Household Products,Household Products,,GB00B19Z1432,B19Z143,,,PZC,XLON,London Stock Exchange,GBP
1155,"Europe, The Middle East and Africa",Western Europe,Germany,Qiagen Nv,Biotechnology & Life Sciences,Biotechnology,,NL0012169213,BYXS699,,,QIA,XETR,Xetra,EUR
1156,"Europe, The Middle East and Africa",Western Europe,United Kingdom,Quilter Plc,Investment & Securities Firms,Investment Services,,GB00BNHSJN34,BNHSJN3,,,QLT,XLON,London Stock Exchange,GBP
1157,"Europe, The Middle East and Africa",Western Europe,United Kingdom,Qinetiq Group Plc,Aerospace & Defense,Aerospace & Defense,,GB00B0WMWD03,B0WMWD0,,,QQ,XLON,London Stock Exchange,GBP
1158,"Europe, The Middle East and Africa",Western Europe,Germany,Rational Ag,Consumer & Household Products,Household Products,S59106096,DE0007010803,5910609,,,RAA,XETR,Xetra,EUR
1159,"Europe, The Middle East and Africa",Western Europe,Netherlands,Randstad Holding,Professional & Commercial Services,Professional Services,S52286580,NL0000379121,5228658,,,RAND,XAMS,Euronext Amsterdam,EUR
1160,"Europe, The Middle East and Africa",Western Europe,United Kingdom,Rathbones Group Plc,Investment & Securities Firms,Investment Services,S02148344,GB0002148343,214834,,,RAT,XLON,London Stock Exchange,GBP
1161,"Europe, The Middle East and Africa",Western Europe,United Kingdom,Reach Plc,Media & Publishing,Media,S09039942,GB0009039941,903994,,,RCH,XLON,London Stock Exchange,GBP
1162,"Europe, The Middle East and Africa",Western Europe,France,Remy Cointreau Sa,Beverages,Food & Beverage,S47417142,FR0000130395,4741714,,,RCO,XPAR,Euronext Paris,EUR
1163,"Europe, The Middle East and Africa",Western Europe,United Kingdom,Rit Capital Partners,Pooled Investment Vehicles,Investment Services,,,,,,RCP,XLON,London Stock Exchange,GBP
1164,"Europe, The Middle East and Africa",Western Europe,Germany,Redcare Pharmacy Nv,Food & Drug Retailing,Food Retail,,NL0012044747,BYYH7G9,,,RDC,XETR,Xetra,EUR
1165,"Europe, The Middle East and Africa",Western Europe,United Kingdom,Redrow Plc,Residential Construction & Materials,Residential Construction,,GB00BG11K365,BG11K36,,,RDW,XLON,London Stock Exchange,GBP
1166,"Europe, The Middle East and Africa",Western Europe,Belgium,Recticel Nv,Chemicals,Chemicals,S43634971,BE0003656676,4363497,,,RECT,XBRU,Euronext Brussels,EUR
1167,"Europe, The Middle East and Africa",Western Europe,United Kingdom,Redde Northgate Plc,Freight & Logistics Services,Logistics,,GB00B41H7391,B41H739,,,REDD,XLON,London Stock Exchange,GBP
1168,"Europe, The Middle East and Africa",Western Europe,United Kingdom,Relx Plc,Software & IT Solutions / Digital Services,Software & Digital Services,,GB00B2B0DG97,B2B0DG9,,,REL,XLON,London Stock Exchange,GBP
1169,"Europe, The Middle East and Africa",Western Europe,Netherlands,Relx,Software & IT Solutions / Digital Services,Software & Digital Services,,,,,,REN,XAMS,Euronext Amsterdam,EUR
1170,"Europe, The Middle East and Africa",Western Europe,Belgium,Retail Estates Nv,Real Estate Investment Trusts (REITs),Real Estate Investment Trusts (REITs),S54383617,BE0003720340,5438361,,,RET,XBRU,Euronext Brussels,EUR
1171,"Europe, The Middle East and Africa",Western Europe,France,Eurazeo,Investment & Securities Firms,Investment Services,S70423959,FR0000121121,7042395,,,RF,XPAR,Euronext Paris,EUR
1172,"Europe, The Middle East and Africa",Western Europe,United Kingdom,Regional Reit Ltd,Real Estate Investment Trusts (REITs),Real Estate Investment Trusts (REITs),,GG00BYV2ZQ34,BYV2ZQ3,,,RGL,XLON,London Stock Exchange,GBP
1173,"Europe, The Middle East and Africa",Western Europe,United Kingdom,Rhi Magnesita Nv,Construction Materials,Construction Materials,,NL0012650360,BYZ2JR8,,,RHIM,XLON,London Stock Exchange,GBP
1174,"Europe, The Middle East and Africa",Western Europe,Germany,Rheinmetall Ag,Aerospace & Defense,Aerospace & Defense,S53345880,DE0007030009,5334588,,,RHM,XETR,Xetra,EUR
1175,"Europe, The Middle East and Africa",Western Europe,France,Pernod Ricard Sa,Beverages,Food & Beverage,S46823290,FR0000120693,4682329,,,RI,XPAR,Euronext Paris,EUR
1176,"Europe, The Middle East and Africa",Western Europe,United Kingdom,Ruffer Investment Company,Pooled Investment Vehicles,Investment Services,,,,,,RICA,XLON,London Stock Exchange,GBP
1177,"Europe, The Middle East and Africa",Western Europe,United Kingdom,Rio Tinto Plc,Metals & Mining,Mining,S07188758,GB0007188757,718875,,,RIO,XLON,London Stock Exchange,GBP
1178,"Europe, The Middle East and Africa",Western Europe,United Kingdom,Reckitt Benckiser Group Plc,Consumer & Household Products,Household Products,,GB00B24CGK77,B24CGK7,,,RKT,XLON,London Stock Exchange,GBP
1179,"Europe, The Middle East and Africa",Western Europe,France,Hermes International,Textiles & Apparel,Textiles & Apparel,S52539731,FR0000052292,5253973,,,RMS,XPAR,Euronext Paris,EUR
1180,"Europe, The Middle East and Africa",Western Europe,United Kingdom,Rightmove Plc,Software & IT Solutions / Digital Services,Software & Digital Services,,GB00BGDT3G23,BGDT3G2,,,RMV,XLON,London Stock Exchange,GBP
1181,"Europe, The Middle East and Africa",Western Europe,United Kingdom,Rank Group Plc,Hotels & Entertainment Services,"Leisure, Hospitality & Travel",,GB00B1L5QH97,B1L5QH9,,,RNK,XLON,London Stock Exchange,GBP
1182,"Europe, The Middle East and Africa",Western Europe,France,Renault Sa,Automobiles & Auto Parts,Automotive,S47127980,FR0000131906,4712798,,,RNO,XPAR,Euronext Paris,EUR
1183,"Europe, The Middle East and Africa",Western Europe,Switzerland,Roche Holding Ag,Pharmaceuticals,Pharmaceuticals,S71089189,CH0012032113,7108918,,,RO,XSWX,SIX Swiss Exchange,CHF
1184,"Europe, The Middle East and Africa",Western Europe,United Kingdom,Deliveroo Plc Class A,Software & IT Solutions / Digital Services,Software & Digital Services,,GB00BNC5T391,BNC5T39,,,ROO,XLON,London Stock Exchange,GBP
1185,"Europe, The Middle East and Africa",Western Europe,United Kingdom,Rotork Plc,"Machinery, Equipment & Components",Machinery,,GB00BVFNZH21,BVFNZH2,,,ROR,XLON,London Stock Exchange,GBP
1186,"Europe, The Middle East and Africa",Western Europe,United Kingdom,Rolls-Royce Holdings Plc,Aerospace & Defense,Aerospace & Defense,,GB00B63H8491,B63H849,,,RR,XLON,London Stock Exchange,GBP
1187,"Europe, The Middle East and Africa",Western Europe,United Kingdom,Rs Group Plc,Electronic Components & Systems,Electronics,S03096443,GB0003096442,309644,,,RS1,XLON,London Stock Exchange,GBP
1188,"Europe, The Middle East and Africa",Western Europe,United Kingdom,Restore Plc,Professional & Commercial Services,Professional Services,,GB00B5NR1S72,B5NR1S7,,,RST,XLON,London Stock Exchange,GBP
1189,"Europe, The Middle East and Africa",Western Europe,United Kingdom,Renishaw Plc,"Machinery, Equipment & Components",Machinery,S07323587,GB0007323586,732358,,,RSW,XLON,London Stock Exchange,GBP
1190,"Europe, The Middle East and Africa",Western Europe,United Kingdom,Rentokil Initial Plc,Professional & Commercial Services,Professional Services,,GB00B082RF11,B082RF1,,,RTO,XLON,London Stock Exchange,GBP
1191,"Europe, The Middle East and Africa",Western Europe,Germany,Rwe Ag,Integrated Utilities,Utilities,S47689625,DE0007037129,4768962,,,RWE,XETR,Xetra,EUR
1192,"Europe, The Middle East and Africa",Western Europe,United Kingdom,Renewi Plc,Professional & Commercial Services,Professional Services,,GB00BNR4T868,BNR4T86,,,RWI,XLON,London Stock Exchange,GBP
1193,"Europe, The Middle East and Africa",Western Europe,United Kingdom,Rws Holdings Plc,Professional & Commercial Services,Professional Services,,GB00BVFCZV34,BVFCZV3,,,RWS,XLON,London Stock Exchange,GBP
1194,"Europe, The Middle East and Africa",Western Europe,Ireland,Ryanair Hold. Plc,Passenger Transportation Services,Transportation,,,,,,RYA,XDUB,Euronext Dublin,EUR
1195,"Europe, The Middle East and Africa",Western Europe,Ireland,Ryanair Holdings Adr Representing,Passenger Transportation Services,Transportation,783513203,US7835132033,BYYN585,,,RYAAY,XNAS,Nasdaq Stock Market,USD
1196,"Europe, The Middle East and Africa",Western Europe,Germany,Sma Solar Technology Ag,Semiconductors & Chip Technologies,Semiconductors,,DE000A0DJ6J9,B3B20H2,,,S92,XETR,Xetra,EUR
1197,"Europe, The Middle East and Africa",Western Europe,France,Safran Sa,Aerospace & Defense,Aerospace & Defense,,FR0000073272,B058TZ6,,,SAF,XPAR,Euronext Paris,EUR
1198,"Europe, The Middle East and Africa",Western Europe,United Kingdom,Safestore Holdings Plc,Real Estate Investment Trusts (REITs),Real Estate Investment Trusts (REITs),,GB00B1N7Z094,B1N7Z09,,,SAFE,XLON,London Stock Exchange,GBP
1199,"Europe, The Middle East and Africa",Western Europe,United Kingdom,Scottish American Investment Company,Pooled Investment Vehicles,Investment Services,,,,,,SAIN,XLON,London Stock Exchange,GBP
1200,"Europe, The Middle East and Africa",Western Europe,France,Sanofi Sa,Pharmaceuticals,Pharmaceuticals,S56717358,FR0000120578,5671735,,,SAN,XPAR,Euronext Paris,EUR
1201,"Europe, The Middle East and Africa",Western Europe,Germany,Sap,Software & IT Solutions / Digital Services,Software & Digital Services,S48462881,DE0007164600,4846288,,,SAP,XETR,Xetra,EUR
1202,"Europe, The Middle East and Africa",Western Europe,Germany,Stroeer Se,Media & Publishing,Media,,DE0007493991,B3S3S52,,,SAX,XETR,Xetra,EUR
1203,"Europe, The Middle East and Africa",Western Europe,Netherlands,Sbm Offshore Nv,Energy Equipment & Services,Energy Equipment & Services,,NL0000360618,B156T57,,,SBMO,XAMS,Euronext Amsterdam,EUR
1204,"Europe, The Middle East and Africa",Western Europe,United Kingdom,Sainsbury(J) Plc,Food & Drug Retailing,Food Retail,,GB00B019KW72,B019KW7,,,SBRY,XLON,London Stock Exchange,GBP
1205,"Europe, The Middle East and Africa",Western Europe,Germany,Stratec,Medical Devices & Supplies,Medical Devices,,DE000STRA555,BYTK8S2,,,SBS,XETR,Xetra,EUR
1206,"Europe, The Middle East and Africa",Western Europe,Switzerland,Schindler Holding Par Ag,"Machinery, Equipment & Components",Machinery,,CH0024638196,B11TCY0,,,SCHN,XSWX,SIX Swiss Exchange,CHF
1207,"Europe, The Middle East and Africa",Western Europe,Switzerland,Schindler Holding Ag,"Machinery, Equipment & Components",Machinery,,CH0024638212,B11WWH2,,,SCHN,XSWX,SIX Swiss Exchange,CHF
1208,"Europe, The Middle East and Africa",Western Europe,Switzerland,Swisscom Ag,Telecommunications Services,Telecommunications,S55339766,CH0008742519,5533976,,,SCMN,XSWX,SIX Swiss Exchange,CHF
1209,"Europe, The Middle East and Africa",Western Europe,United Kingdom,Softcat Plc,Software & IT Solutions / Digital Services,Software & Digital Services,,GB00BYZDVK82,BYZDVK8,,,SCT,XLON,London Stock Exchange,GBP
1210,"Europe, The Middle East and Africa",Western Europe,Germany,K+S Ag,Chemicals,Chemicals,,DE000KSAG888,B54C017,,,SDF,XETR,Xetra,EUR
1211,"Europe, The Middle East and Africa",Western Europe,United Kingdom,Schroder Asiapacific Fund,Pooled Investment Vehicles,Investment Services,,,,,,SDP,XLON,London Stock Exchange,GBP
1212,"Europe, The Middle East and Africa",Western Europe,United Kingdom,Schroders Plc,Investment & Securities Firms,Investment Services,,GB00BP9LHF23,BP9LHF2,,,SDR,XLON,London Stock Exchange,GBP
1213,"Europe, The Middle East and Africa",Western Europe,United Kingdom,Sdcl Energy Efficiency Income Trust,Pooled Investment Vehicles,Investment Services,,,,,,SEIT,XLON,London Stock Exchange,GBP
1214,"Europe, The Middle East and Africa",Western Europe,United Kingdom,Sequoia Economic Infrastructure Income Fund,Pooled Investment Vehicles,Investment Services,,,,,,SEQI,XLON,London Stock Exchange,GBP
1215,"Europe, The Middle East and Africa",Western Europe,United Kingdom,S4 Capital Plc,Media & Publishing,Media,,GB00BFZZM640,BFZZM64,,,SFOR,XLON,London Stock Exchange,GBP
1216,"Europe, The Middle East and Africa",Western Europe,Germany,Saf-Holland,Automobiles & Auto Parts,Automotive,,DE000SAFH001,BL5BYR9,,,SFQ,XETR,Xetra,EUR
1217,"Europe, The Middle East and Africa",Western Europe,United Kingdom,Sage Group Plc,Software & IT Solutions / Digital Services,Software & Digital Services,,GB00B8C3BL03,B8C3BL0,,,SGE,XLON,London Stock Exchange,GBP
1218,"Europe, The Middle East and Africa",Western Europe,Germany,Sgl Carbon,"Machinery, Equipment & Components",Machinery,S48183511,DE0007235301,4818351,,,SGL,XETR,Xetra,EUR
1219,"Europe, The Middle East and Africa",Western Europe,France,Compagnie De Saint Gobain Sa,Residential Construction & Materials,Residential Construction,S73804825,FR0000125007,7380482,,,SGO,XPAR,Euronext Paris,EUR
1220,"Europe, The Middle East and Africa",Western Europe,United Kingdom,Segro Reit Plc,Real Estate Investment Trusts (REITs),Real Estate Investment Trusts (REITs),,GB00B5ZN1N88,B5ZN1N8,,,SGRO,XLON,London Stock Exchange,GBP
1221,"Europe, The Middle East and Africa",Western Europe,Switzerland,Sgs Sa,Professional & Commercial Services,Professional Services,,CH1256740924,BMBQHZ4,,,SGSN,XSWX,SIX Swiss Exchange,CHF
1222,"Europe, The Middle East and Africa",Western Europe,Germany,Schaeffler Pref Ag,Automobiles & Auto Parts,Automotive,,DE000SHA0159,BZ1DNL4,,,SHA,XETR,Xetra,EUR
1223,"Europe, The Middle East and Africa",Western Europe,United Kingdom,Shaftesbury Capital Plc,Real Estate Investment Trusts (REITs),Real Estate Investment Trusts (REITs),,GB00B62G9D36,B62G9D3,,,SHC,XLON,London Stock Exchange,GBP
1224,"Europe, The Middle East and Africa",Western Europe,United Kingdom,Shaftesbury Capital,Real Estate Investment Trusts (REITs),Real Estate Investment Trusts (REITs),,,,,,SHC,XLON,London Stock Exchange,GBP
1225,"Europe, The Middle East and Africa",Western Europe,United Kingdom,Urban Logistics Reit Plc,Real Estate Investment Trusts (REITs),Real Estate Investment Trusts (REITs),,GB00BYV8MN78,BYV8MN7,,,SHED,XLON,London Stock Exchange,GBP
1226,"Europe, The Middle East and Africa",Western Europe,United Kingdom,Shell Plc,Oil & Gas,Oil & Gas,,GB00BP6MXD84,BP6MXD8,,,SHEL,XLON,London Stock Exchange,GBP
1227,"Europe, The Middle East and Africa",Western Europe,Netherlands,Shell Plc,Oil & Gas,Oil & Gas,,,,,,SHELL,XAMS,Euronext Amsterdam,EUR
1228,"Europe, The Middle East and Africa",Western Europe,United Kingdom,Sig Plc,Residential Construction & Materials,Residential Construction,S08025413,GB0008025412,802541,,,SHI,XLON,London Stock Exchange,GBP
1229,"Europe, The Middle East and Africa",Western Europe,Germany,Siemens Healthineers Ag,Medical Devices & Supplies,Medical Devices,,DE000SHL1006,BD594Y4,,,SHL,XETR,Xetra,EUR
1230,"Europe, The Middle East and Africa",Western Europe,Belgium,Shurgard Self Storage Ltd,Real Estate Investment Trusts (REITs),Real Estate Investment Trusts (REITs),,GG00BQZCBZ44,BQZCBZ4,,,SHUR,XBRU,Euronext Brussels,EUR
1231,"Europe, The Middle East and Africa",Western Europe,Germany,Siemens N Ag,"Machinery, Equipment & Components",Machinery,S57279739,DE0007236101,5727973,,,SIE,XETR,Xetra,EUR
1232,"Europe, The Middle East and Africa",Western Europe,Switzerland,Sig Group N Ag,Containers & Packaging,Packaging,,CH0435377954,BD5GN60,,,SIGN,XSWX,SIX Swiss Exchange,CHF
1233,"Europe, The Middle East and Africa",Western Europe,Switzerland,Sika Ag,Chemicals,Chemicals,,CH0418792922,BF2DSG3,,,SIKA,XSWX,SIX Swiss Exchange,CHF
1234,"Europe, The Middle East and Africa",Western Europe,Germany,Sixt,Passenger Transportation Services,Transportation,S52607686,DE0007231326,5260768,,,SIX2,XETR,Xetra,EUR
1235,"Europe, The Middle East and Africa",Western Europe,Germany,Sixt Pref,Passenger Transportation Services,Transportation,S52712767,DE0007231334,5271276,,,SIX3,XETR,Xetra,EUR
1236,"Europe, The Middle East and Africa",Western Europe,France,Seb Sa,Consumer & Household Products,Household Products,S47921325,FR0000121709,4792132,,,SK,XPAR,Euronext Paris,EUR
1237,"Europe, The Middle East and Africa",Western Europe,Ireland,Smurfit Kappa Gp,Containers & Packaging,Packaging,,IE00B1RR8406,B1RR828,,,SK3,XDUB,Euronext Dublin,EUR
1238,"Europe, The Middle East and Africa",Western Europe,United Kingdom,Smurfit Kappa Group Plc,Containers & Packaging,Packaging,,IE00B1RR8406,,,,SKG,XLON,London Stock Exchange,GBP
1239,"Europe, The Middle East and Africa",Western Europe,Switzerland,Swiss Life Holding Ag,Insurance,Insurance,S74378050,CH0014852781,7437805,,,SLHN,XSWX,SIX Swiss Exchange,CHF
1240,"Europe, The Middle East and Africa",Western Europe,Netherlands,Sligro Food Group Nv,Food & Drug Retailing,Food Retail,,NL0000817179,B1VV9V2,,,SLIGR,XAMS,Euronext Amsterdam,EUR
1241,"Europe, The Middle East and Africa",Western Europe,United Kingdom,Smith (Ds) Plc,Containers & Packaging,Packaging,S08220113,GB0008220112,822011,,,SMDS,XLON,London Stock Exchange,GBP
1242,"Europe, The Middle East and Africa",Western Europe,Germany,Suess Microtec N,Semiconductors & Chip Technologies,Semiconductors,,DE000A1K0235,B6YT190,,,SMHN,XETR,Xetra,EUR
1243,"Europe, The Middle East and Africa",Western Europe,United Kingdom,Smiths Group Plc,Consumer Goods Conglomerates,Diversified Consumer Goods,,GB00B1WY2338,B1WY233,,,SMIN,XLON,London Stock Exchange,GBP
1244,"Europe, The Middle East and Africa",Western Europe,United Kingdom,Smart Metering Systems Plc,Electronic Components & Systems,Electronics,,GB00B4X1RC86,B4X1RC8,,,SMS,XLON,London Stock Exchange,GBP
1245,"Europe, The Middle East and Africa",Western Europe,United Kingdom,Scottish Mortgage Investment Trust,Pooled Investment Vehicles,Investment Services,,GB00BLDYK618,,,,SMT,XLON,London Stock Exchange,GBP
1246,"Europe, The Middle East and Africa",Western Europe,United Kingdom,Wh Smith Plc,Specialty Retailers,Retail,,GB00B2PDGW16,B2PDGW1,,,SMWH,XLON,London Stock Exchange,GBP
1247,"Europe, The Middle East and Africa",Western Europe,United Kingdom,Smith And Nephew Plc,Medical Devices & Supplies,Medical Devices,S09223207,GB0009223206,922320,,,SN,XLON,London Stock Exchange,GBP
1248,"Europe, The Middle East and Africa",Western Europe,United Kingdom,Senior,Aerospace & Defense,Aerospace & Defense,,,,,,SNR,XLON,London Stock Exchange,GBP
1249,"Europe, The Middle East and Africa",Western Europe,United Kingdom,Schroder Oriental Income Fund,Pooled Investment Vehicles,Investment Services,,,,,,SOI,XLON,London Stock Exchange,GBP
1250,"Europe, The Middle East and Africa",Western Europe,Belgium,Solvay Sa,Chemicals,Chemicals,S48211007,BE0003470755,4821100,,,SOLB,XBRU,Euronext Brussels,EUR
1251,"Europe, The Middle East and Africa",Western Europe,United Kingdom,Solgold Plc,Metals & Mining,Mining,,GB00B0WD0R35,B0WD0R3,,,SOLG,XLON,London Stock Exchange,GBP
1252,"Europe, The Middle East and Africa",Western Europe,United Kingdom,Hipgnosis Songs Fund,Investment & Securities Firms,Investment Services,,,,,,SONG,XLON,London Stock Exchange,GBP
1253,"Europe, The Middle East and Africa",Western Europe,Switzerland,Sonova Holding Ag,Medical Devices & Supplies,Medical Devices,S71560361,CH0012549785,7156036,,,SOON,XSWX,SIX Swiss Exchange,CHF
1254,"Europe, The Middle East and Africa",Western Europe,Germany,Software V Ag,Software & IT Solutions / Digital Services,Software & Digital Services,,DE000A35JSW8,BRRF1S1,,,SOW0,XETR,Xetra,EUR
1255,"Europe, The Middle East and Africa",Western Europe,United Kingdom,Spire Healthcare Group Plcinary,Medical Devices & Supplies,Medical Devices,,GB00BNLPYF73,BNLPYF7,,,SPI,XLON,London Stock Exchange,GBP
1256,"Europe, The Middle East and Africa",Western Europe,Switzerland,Swiss Prime Site Ag,Real Estate Operations,Real Estate,,CH0008038389,B083BH4,,,SPSN,XSWX,SIX Swiss Exchange,CHF
1257,"Europe, The Middle East and Africa",Western Europe,United Kingdom,Spirent Communications,Communications & Networking,Communications Equipment,S04726097,GB0004726096,472609,,,SPT,XLON,London Stock Exchange,GBP
1258,"Europe, The Middle East and Africa",Western Europe,United Kingdom,Spirax-Sarco Engineering Plc,"Machinery, Equipment & Components",Machinery,,GB00BWFGQN14,BWFGQN1,,,SPX,XLON,London Stock Exchange,GBP
1259,"Europe, The Middle East and Africa",Western Europe,United Kingdom,Serica Energy Plc,Oil & Gas,Oil & Gas,,GB00B0CY5V57,B0CY5V5,,,SQZ,XLON,London Stock Exchange,GBP
1260,"Europe, The Middle East and Africa",Western Europe,United Kingdom,Sirius Real Estate Ld Ltd,Real Estate Operations,Real Estate,,GG00B1W3VF54,B1W3VF5,,,SRE,XLON,London Stock Exchange,GBP
1261,"Europe, The Middle East and Africa",Western Europe,Switzerland,Swiss Re Ag,Insurance,Insurance,,CH0126881561,B545MG5,,,SREN,XSWX,SIX Swiss Exchange,CHF
1262,"Europe, The Middle East and Africa",Western Europe,United Kingdom,Serco Group Plc,Professional & Commercial Services,Professional Services,S07973795,GB0007973794,797379,,,SRP,XLON,London Stock Exchange,GBP
1263,"Europe, The Middle East and Africa",Western Europe,Germany,Sartorius Pref Ag,Medical Devices & Supplies,Medical Devices,S58433293,DE0007165631,5843329,,,SRT3,XETR,Xetra,EUR
1264,"Europe, The Middle East and Africa",Western Europe,United Kingdom,Sse Plc,Electrical Utilities & IPPs,Utilities,S07908734,GB0007908733,790873,,,SSE,XLON,London Stock Exchange,GBP
1265,"Europe, The Middle East and Africa",Western Europe,United Kingdom,Smithson Investment Trust,Pooled Investment Vehicles,Investment Services,,,,,,SSON,XLON,London Stock Exchange,GBP
1266,"Europe, The Middle East and Africa",Western Europe,United Kingdom,Ssp Group Plc,Hotels & Entertainment Services,"Leisure, Hospitality & Travel",,GB00BGBN7C04,BGBN7C0,,,SSPG,XLON,London Stock Exchange,GBP
1267,"Europe, The Middle East and Africa",Western Europe,Germany,Steico,Paper & Forest Products,Paper & Forest Products,,DE000A0LR936,B1YNGV4,,,ST5,XETR,Xetra,EUR
1268,"Europe, The Middle East and Africa",Western Europe,United Kingdom,Standard Chartered Plc,Banking Services,Banking,S04082848,GB0004082847,408284,,,STAN,XLON,London Stock Exchange,GBP
1269,"Europe, The Middle East and Africa",Western Europe,Ireland,Steris Public Limited Company,Medical Devices & Supplies,Medical Devices,G8473T100,IE00BFY8C754,BFY8C75,,1757898,STE,XNYS,New York Stock Exchange,USD
1270,"Europe, The Middle East and Africa",Western Europe,United Kingdom,Sthree Plc,Professional & Commercial Services,Professional Services,,GB00B0KM9T71,B0KM9T7,,,STEM,XLON,London Stock Exchange,GBP
1271,"Europe, The Middle East and Africa",Western Europe,United Kingdom,St Jamess Place Plc,Investment & Securities Firms,Investment Services,S07669377,GB0007669376,766937,,,STJ,XLON,London Stock Exchange,GBP
1272,"Europe, The Middle East and Africa",Western Europe,France,Stellantis,Automobiles & Auto Parts,Automotive,,,,,,STLAP,XPAR,Euronext Paris,EUR
1273,"Europe, The Middle East and Africa",Western Europe,Germany,Stabilus,"Machinery, Equipment & Components",Machinery,,DE000STAB1L8,BP2B2B0,,,STM,XETR,Xetra,EUR
1274,"Europe, The Middle East and Africa",Western Europe,Switzerland,Straumann Holding Ag,Medical Devices & Supplies,Medical Devices,,CH1175448666,BQ7ZV06,,,STMN,XSWX,SIX Swiss Exchange,CHF
1275,"Europe, The Middle East and Africa",Western Europe,France,Stmicroelectronics Nv,Semiconductors & Chip Technologies,Semiconductors,S59623322,NL0000226223,5962332,,,STMPA,XPAR,Euronext Paris,EUR
1276,"Europe, The Middle East and Africa",Western Europe,Germany,Sto Pref,Residential Construction & Materials,Residential Construction,S57403891,DE0007274136,5740389,,,STO3,XETR,Xetra,EUR
1277,"Europe, The Middle East and Africa",Western Europe,Ireland,Seagate Technology Holdings Public Limited Company,Consumer Electronics,Consumer Electronics,G7997R103,IE00BKVD2N49,BKVD2N4,,1137789,STX,XNYS,New York Stock Exchange,USD
1278,"Europe, The Middle East and Africa",Western Europe,France,Schneider Electric,"Machinery, Equipment & Components",Machinery,S48341085,FR0000121972,4834108,,,SU,XPAR,Euronext Paris,EUR
1279,"Europe, The Middle East and Africa",Western Europe,United Kingdom,Supermarket Income Reit Plc,Real Estate Investment Trusts (REITs),Real Estate Investment Trusts (REITs),,GB00BF345X11,BF345X1,,,SUPR,XLON,London Stock Exchange,GBP
1280,"Europe, The Middle East and Africa",Western Europe,Germany,Suse Sa,Software & IT Solutions / Digital Services,Software & Digital Services,,LU2333210958,BL9YLY0,,,SUSE,XETR,Xetra,EUR
1281,"Europe, The Middle East and Africa",Western Europe,United Kingdom,Savills Plc,Real Estate Operations,Real Estate,,GB00B135BJ46,B135BJ4,,,SVS,XLON,London Stock Exchange,GBP
1282,"Europe, The Middle East and Africa",Western Europe,United Kingdom,Severn Trent Plc,Water Utilities,Water Utilities,,GB00B1FH8J72,B1FH8J7,,,SVT,XLON,London Stock Exchange,GBP
1283,"Europe, The Middle East and Africa",Western Europe,France,Sodexo Sa,Hotels & Entertainment Services,"Leisure, Hospitality & Travel",S70627138,FR0000121220,7062713,,,SW,XPAR,Euronext Paris,EUR
1284,"Europe, The Middle East and Africa",Western Europe,Ireland,Smurfit Westrock,Containers & Packaging,Packaging,G8267P108,"	IE00028FXN24",,,2005951,SW,XNYS,New York Stock Exchange,USD
1285,"Europe, The Middle East and Africa",Western Europe,United Kingdom,Spectris Plc,Electronic Components & Systems,Electronics,S03308608,GB0003308607,330860,,,SXS,XLON,London Stock Exchange,GBP
1286,"Europe, The Middle East and Africa",Western Europe,Germany,Symrise Ag,Chemicals,Chemicals,,DE000SYM9999,B1JB4K8,,,SY1,XETR,Xetra,EUR
1287,"Europe, The Middle East and Africa",Western Europe,Germany,Synlab Ag,Medical Devices & Supplies,Medical Devices,,DE000A2TSL71,BNDM6Y9,,,SYAB,XETR,Xetra,EUR
1288,"Europe, The Middle East and Africa",Western Europe,United Kingdom,Synthomer Plc,Chemicals,Chemicals,S09887423,GB0009887422,988742,,,SYNT,XLON,London Stock Exchange,GBP
1289,"Europe, The Middle East and Africa",Western Europe,Germany,Salzgitter Ag,Metals & Mining,Mining,S54653589,DE0006202005,5465358,,,SZG,XETR,Xetra,EUR
1290,"Europe, The Middle East and Africa",Western Europe,Germany,Suedzucker Ag,Food & Tobacco,Food & Beverage,S57844623,DE0007297004,5784462,,,SZU,XETR,Xetra,EUR
1291,"Europe, The Middle East and Africa",Western Europe,United Kingdom,Tate And Lyle Plc,Food & Tobacco,Food & Beverage,,GB00BP92CJ43,BP92CJ4,,,TATE,XLON,London Stock Exchange,GBP
1292,"Europe, The Middle East and Africa",Western Europe,United Kingdom,Tbc Bank Group Plc,Banking Services,Banking,,GB00BYT18307,BYT1830,,,TBCG,XLON,London Stock Exchange,GBP
1293,"Europe, The Middle East and Africa",Western Europe,United Kingdom,Tp Icap Group Plc,Investment & Securities Firms,Investment Services,,JE00BMDZN391,BMDZN39,,,TCAP,XLON,London Stock Exchange,GBP
1294,"Europe, The Middle East and Africa",Western Europe,Germany,Tag Immobilien Ag,Real Estate Operations,Real Estate,S57356313,DE0008303504,5735631,,,TEG,XETR,Xetra,EUR
1295,"Europe, The Middle East and Africa",Western Europe,Switzerland,Te Connectivity Ltd,Electronic Components & Systems,Electronics,H84989104,CH0102993182,B62B7C3,,1385157,TEL,XNYS,New York Stock Exchange,USD
1296,"Europe, The Middle East and Africa",Western Europe,United Kingdom,Templeton Emerging Markets Investment Trust,Pooled Investment Vehicles,Investment Services,,,,,,TEM,XLON,London Stock Exchange,GBP
1297,"Europe, The Middle East and Africa",Western Europe,Switzerland,Temenos Ag,Software & IT Solutions / Digital Services,Software & Digital Services,S71478929,CH0012453913,7147892,,,TEMN,XSWX,SIX Swiss Exchange,CHF
1298,"Europe, The Middle East and Africa",Western Europe,France,Teleperformance,Professional & Commercial Services,Professional Services,S59993303,FR0000051807,5999330,,,TEP,XPAR,Euronext Paris,EUR
1299,"Europe, The Middle East and Africa",Western Europe,United Kingdom,Telecom Plus Plc,Integrated Utilities,Utilities,S08794711,GB0008794710,879471,,,TEP,XLON,London Stock Exchange,GBP
1300,"Europe, The Middle East and Africa",Western Europe,Belgium,Tessenderlo Group Nv,Chemicals,Chemicals,S48840060,BE0003555639,4884006,,,TESB,XBRU,Euronext Brussels,EUR
1301,"Europe, The Middle East and Africa",Western Europe,United Kingdom,Twentyfour Income Fund,Pooled Investment Vehicles,Investment Services,,,,,,TFIF,XLON,London Stock Exchange,GBP
1302,"Europe, The Middle East and Africa",Western Europe,United Kingdom,Thg Plc,Software & IT Solutions / Digital Services,Software & Digital Services,,GB00BMTV7393,BMTV739,,,THG,XLON,London Stock Exchange,GBP
1303,"Europe, The Middle East and Africa",Western Europe,United Kingdom,Blackrock Throgmorton Trust,Pooled Investment Vehicles,Investment Services,,,,,,THRG,XLON,London Stock Exchange,GBP
1304,"Europe, The Middle East and Africa",Western Europe,United Kingdom,Target Healthcare Reit Plc,Real Estate Investment Trusts (REITs),Real Estate Investment Trusts (REITs),,GB00BJGTLF51,BJGTLF5,,,THRL,XLON,London Stock Exchange,GBP
1305,"Europe, The Middle East and Africa",Western Europe,United Kingdom,Ti Fluid Systems Plc,Automobiles & Auto Parts,Automotive,,GB00BYQB9V88,BYQB9V8,,,TIFS,XLON,London Stock Exchange,GBP
1306,"Europe, The Middle East and Africa",Western Europe,Germany,Thyssenkrupp Ag,Metals & Mining,Mining,S56369275,DE0007500001,5636927,,,TKA,XETR,Xetra,EUR
1307,"Europe, The Middle East and Africa",Western Europe,Netherlands,Just Eat Takeaway.Com Nv,Software & IT Solutions / Digital Services,Software & Digital Services,,NL0012015705,BYQ7HZ6,,,TKWY,XAMS,Euronext Amsterdam,EUR
1308,"Europe, The Middle East and Africa",Western Europe,United Kingdom,Tullow Oil Plc,Oil & Gas,Oil & Gas,S01500800,GB0001500809,150080,,,TLW,XLON,London Stock Exchange,GBP
1309,"Europe, The Middle East and Africa",Western Europe,Germany,Talanx Ag,Insurance,Insurance,,DE000TLX1005,B8F0TD6,,,TLX,XETR,Xetra,EUR
1310,"Europe, The Middle East and Africa",Western Europe,United Kingdom,Team 17 Group Plc,Software & IT Solutions / Digital Services,Software & Digital Services,,GB00BYVX2X20,BYVX2X2,,,TM17,XLON,London Stock Exchange,GBP
1311,"Europe, The Middle East and Africa",Western Europe,United Kingdom,Temple Bar Investment Trust,Pooled Investment Vehicles,Investment Services,,,,,,TMPL,XLON,London Stock Exchange,GBP
1312,"Europe, The Middle East and Africa",Western Europe,Germany,Teamviewer Se,Software & IT Solutions / Digital Services,Software & Digital Services,,DE000A2YN900,BJ7WGS1,,,TMV,XETR,Xetra,EUR
1313,"Europe, The Middle East and Africa",Western Europe,Belgium,Telenet Group,Telecommunications Services,Telecommunications,,,,,,TNET,XBRU,Euronext Brussels,EUR
1314,"Europe, The Middle East and Africa",Western Europe,Netherlands,Tomtom Nv,Consumer Electronics,Consumer Electronics,,NL0013332471,BFY1TC8,,,TOM2,XAMS,Euronext Amsterdam,EUR
1315,"Europe, The Middle East and Africa",Western Europe,Germany,Pva Tepla Ag,Semiconductors & Chip Technologies,Semiconductors,S56992878,DE0007461006,5699287,,,TPE,XETR,Xetra,EUR
1316,"Europe, The Middle East and Africa",Western Europe,United Kingdom,Travis Perkins Plc,Specialty Retailers,Retail,,GB00BK9RKT01,BK9RKT0,,,TPK,XLON,London Stock Exchange,GBP
1317,"Europe, The Middle East and Africa",Western Europe,United Kingdom,The Renewables Infrastructure Group,Pooled Investment Vehicles,Investment Services,,,,,,TRIG,XLON,London Stock Exchange,GBP
1318,"Europe, The Middle East and Africa",Western Europe,United Kingdom,Tremor International Ltd,Media & Publishing,Media,,IL0011320343,BM7RZM4,,,TRMR,XLON,London Stock Exchange,GBP
1319,"Europe, The Middle East and Africa",Western Europe,United Kingdom,Trainline Plc,Hotels & Entertainment Services,"Leisure, Hospitality & Travel",,GB00BKDTK925,BKDTK92,,,TRN,XLON,London Stock Exchange,GBP
1320,"Europe, The Middle East and Africa",Western Europe,United Kingdom,Trustpilot Group Plc,Software & IT Solutions / Digital Services,Software & Digital Services,,GB00BNK9TP58,BNK9TP5,,,TRST,XLON,London Stock Exchange,GBP
1321,"Europe, The Middle East and Africa",Western Europe,United Kingdom,Tr Property Investment Trust,Pooled Investment Vehicles,Investment Services,,,,,,TRY,XLON,London Stock Exchange,GBP
1322,"Europe, The Middle East and Africa",Western Europe,United Kingdom,Tesco Plc,Food & Drug Retailing,Food Retail,,GB00BLGZ9862,BLGZ986,,,TSCO,XLON,London Stock Exchange,GBP
1323,"Europe, The Middle East and Africa",Western Europe,Ireland,Trane Technologies Plc,"Machinery, Equipment & Components",Machinery,,IE00BK9ZQ967,BK9ZQ96,,1466258,TT,XNYS,New York Stock Exchange,USD
1324,"Europe, The Middle East and Africa",Western Europe,France,Totalenergies,Oil & Gas,Oil & Gas,,FR0000120271,B15C557,,,TTE,XPAR,Euronext Paris,EUR
1325,"Europe, The Middle East and Africa",Western Europe,Germany,Takkt Ag,Office Equipment,Office Equipment,S57694705,DE0007446007,5769470,,,TTK,XETR,Xetra,EUR
1326,"Europe, The Middle East and Africa",Western Europe,United Kingdom,Tui N Ag,Hotels & Entertainment Services,"Leisure, Hospitality & Travel",,DE000TUAG505,BN4F7N3,,,TUI,XLON,London Stock Exchange,GBP
1327,"Europe, The Middle East and Africa",Western Europe,United Kingdom,Taylor Wimpey,Residential Construction & Materials,Residential Construction,,,,,,TW,XLON,London Stock Exchange,GBP
1328,"Europe, The Middle East and Africa",Western Europe,Netherlands,Tkh Group Nv,"Machinery, Equipment & Components",Machinery,,NL0000852523,B1WFDQ6,,,TWEKA,XAMS,Euronext Amsterdam,EUR
1329,"Europe, The Middle East and Africa",Western Europe,United Kingdom,Taylor Wimpey Plc,Residential Construction & Materials,Residential Construction,S08782302,GB0008782301,878230,,,TWODF,XLON,London Stock Exchange,GBP
1330,"Europe, The Middle East and Africa",Western Europe,United Kingdom,Tyman Plc,Residential Construction & Materials,Residential Construction,,GB00B29H4253,B29H425,,,TYMN,XLON,London Stock Exchange,GBP
1331,"Europe, The Middle East and Africa",Western Europe,Switzerland,Ubs Group Ag,Investment & Securities Firms,Investment Services,,CH0244767585,BRJL176,,,UBSG,XSWX,SIX Swiss Exchange,CHF
1332,"Europe, The Middle East and Africa",Western Europe,Belgium,Ucb Sa,Pharmaceuticals,Pharmaceuticals,S55969919,BE0003739530,5596991,,,UCB,XBRU,Euronext Brussels,EUR
1333,"Europe, The Middle East and Africa",Western Europe,Switzerland,The Swatch Group Ag,Textiles & Apparel,Textiles & Apparel,S71847255,CH0012255151,7184725,,,UHR,XSWX,SIX Swiss Exchange,CHF
1334,"Europe, The Middle East and Africa",Western Europe,Switzerland,The Swatch Group Ag,Textiles & Apparel,Textiles & Apparel,S71847362,CH0012255144,7184736,,,UHRN,XSWX,SIX Swiss Exchange,CHF
1335,"Europe, The Middle East and Africa",Western Europe,United Kingdom,Uk Commercial Property Reit Ltd,Real Estate Investment Trusts (REITs),Real Estate Investment Trusts (REITs),,GB00B19Z2J52,B19Z2J5,,,UKCM,XLON,London Stock Exchange,GBP
1336,"Europe, The Middle East and Africa",Western Europe,United Kingdom,Greencoat Uk Wind,Pooled Investment Vehicles,Investment Services,,,,,,UKW,XLON,London Stock Exchange,GBP
1337,"Europe, The Middle East and Africa",Western Europe,United Kingdom,Unilever Plc,Consumer & Household Products,Household Products,,GB00B10RZP78,B10RZP7,,,ULVR,XLON,London Stock Exchange,GBP
1338,"Europe, The Middle East and Africa",Western Europe,Netherlands,Universal Music Group Nv,Media & Publishing,Media,,NL0015000IY2,BNZGVV1,,,UMG,XAMS,Euronext Amsterdam,EUR
1339,"Europe, The Middle East and Africa",Western Europe,Belgium,Umicore Sa,Chemicals,Chemicals,,BE0974320526,BF44466,,,UMI,XBRU,Euronext Brussels,EUR
1340,"Europe, The Middle East and Africa",Western Europe,Netherlands,Unilever,Consumer & Household Products,Household Products,,,,,,UNA,XAMS,Euronext Amsterdam,EUR
1341,"Europe, The Middle East and Africa",Western Europe,Ireland,Uniphar Plc,Pharmaceuticals,Pharmaceuticals,,IE00BJ5FQX74,BJ5FQX7,,,UPR,XDUB,Euronext Dublin,EUR
1342,"Europe, The Middle East and Africa",Western Europe,France,Unibail Rodamco We Stapled Units,Real Estate Investment Trusts (REITs),Real Estate Investment Trusts (REITs),,FR0013326246,BF2PQ09,,,URW,XPAR,Euronext Paris,EUR
1343,"Europe, The Middle East and Africa",Western Europe,Netherlands,Unibail-Rodamco-Westfield,Real Estate Investment Trusts (REITs),Real Estate Investment Trusts (REITs),,,,,,URW,XPAR,Euronext Paris,EUR
1344,"Europe, The Middle East and Africa",Western Europe,Germany,United Internet Ag,Telecommunications Services,Telecommunications,S43541341,DE0005089031,4354134,,,UTDI,XETR,Xetra,EUR
1345,"Europe, The Middle East and Africa",Western Europe,United Kingdom,Unite Group Plc,Real Estate Investment Trusts (REITs),Real Estate Investment Trusts (REITs),S06928618,GB0006928617,692861,,,UTG,XLON,London Stock Exchange,GBP
1346,"Europe, The Middle East and Africa",Western Europe,United Kingdom,United Utilities Group Plc,Water Utilities,Water Utilities,,GB00B39J2M42,B39J2M4,,,UU,XLON,London Stock Exchange,GBP
1347,"Europe, The Middle East and Africa",Western Europe,Switzerland,Vat Group Ag,"Machinery, Equipment & Components",Machinery,,CH0311864901,BYZWMR9,,,VACN,XSWX,SIX Swiss Exchange,CHF
1348,"Europe, The Middle East and Africa",Western Europe,United Kingdom,Vanquis Banking Group Plc,Banking Services,Banking,,GB00B1Z4ST84,B1Z4ST8,,,VANQ,XLON,London Stock Exchange,GBP
1349,"Europe, The Middle East and Africa",Western Europe,Germany,Varta Ag,"Machinery, Equipment & Components",Machinery,,DE000A0TGJ55,5802449,,,VAR1,XETR,Xetra,EUR
1350,"Europe, The Middle East and Africa",Western Europe,Netherlands,Vastned Retail Reit Nv,Real Estate Investment Trusts (REITs),Real Estate Investment Trusts (REITs),S49271943,NL0000288918,4927194,,,VASTN,XAMS,Euronext Amsterdam,EUR
1351,"Europe, The Middle East and Africa",Western Europe,Germany,Verbio Vereinigte Bioenergie Ag,Renewable Energy,Renewable Energy,,DE000A0JL9W6,B1FQQK1,,,VBK,XETR,Xetra,EUR
1352,"Europe, The Middle East and Africa",Western Europe,United Kingdom,Victoria Plc,Consumer & Household Products,Household Products,,GB00BZC0LC10,BZC0LC1,,,VCP,XLON,London Stock Exchange,GBP
1353,"Europe, The Middle East and Africa",Western Europe,United Kingdom,Victrex Plc,Chemicals,Chemicals,S09292244,GB0009292243,929224,,,VCT,XLON,London Stock Exchange,GBP
1354,"Europe, The Middle East and Africa",Western Europe,United Kingdom,Vietnam Enterprise Investments,Pooled Investment Vehicles,Investment Services,,,,,,VEIL,XLON,London Stock Exchange,GBP
1355,"Europe, The Middle East and Africa",Western Europe,Belgium,Vgp Nv,Real Estate Operations,Real Estate,,BE0003878957,B29L881,,,VGP,XBRU,Euronext Brussels,EUR
1356,"Europe, The Middle East and Africa",Western Europe,France,Veolia Environ. Sa,Integrated Utilities,Utilities,S40318792,FR0000124141,4031879,,,VIE,XPAR,Euronext Paris,EUR
1357,"Europe, The Middle East and Africa",Western Europe,Germany,Vib Vermoegen N Ag,Real Estate Operations,Real Estate,,DE000A2YPDD0,BH4GH67,,,VIH1,XETR,Xetra,EUR
1358,"Europe, The Middle East and Africa",Western Europe,France,Vivendi,Software & IT Solutions / Digital Services,Software & Digital Services,S48347777,FR0000127771,4834777,,,VIV,XPAR,Euronext Paris,EUR
1359,"Europe, The Middle East and Africa",Western Europe,Netherlands,Van Lanschot Kempen Nv,Investment & Securities Firms,Investment Services,S57163024,NL0000302636,5716302,,,VLK,XAMS,Euronext Amsterdam,EUR
1360,"Europe, The Middle East and Africa",Western Europe,United Kingdom,Volex Plc,"Machinery, Equipment & Components",Machinery,S09390071,GB0009390070,939007,,,VLX,XLON,London Stock Exchange,GBP
1361,"Europe, The Middle East and Africa",Western Europe,United Kingdom,Virgin Money Uk Plc,Banking Services,Banking,,GB00BD6GN030,BD6GN03,,,VMUK,XLON,London Stock Exchange,GBP
1362,"Europe, The Middle East and Africa",Western Europe,Germany,Vonovia Se,Real Estate Operations,Real Estate,,DE000A1ML7J1,BBJPFY1,,,VNA,XETR,Xetra,EUR
1363,"Europe, The Middle East and Africa",Western Europe,United Kingdom,Vodafone Group Plc,Telecommunications Services,Telecommunications,,GB00BH4HKS39,BH4HKS3,,,VOD,XLON,London Stock Exchange,GBP
1364,"Europe, The Middle East and Africa",Western Europe,United Kingdom,Vinacapital Vietnam Opportunity Fund,Pooled Investment Vehicles,Investment Services,,,,,,VOF,XLON,London Stock Exchange,GBP
1365,"Europe, The Middle East and Africa",Western Europe,Germany,Vossloh Ag,Metals & Mining,Mining,S50923366,DE0007667107,5092336,,,VOS,XETR,Xetra,EUR
1366,"Europe, The Middle East and Africa",Western Europe,Germany,Volkswagen Ag,Automobiles & Auto Parts,Automotive,S54971023,DE0007664005,5497102,,,VOW,XETR,Xetra,EUR
1367,"Europe, The Middle East and Africa",Western Europe,Germany,Volkswagen Non-Voting Pref Ag,Automobiles & Auto Parts,Automotive,S54971684,DE0007664039,5497168,,,VOW3,XETR,Xetra,EUR
1368,"Europe, The Middle East and Africa",Western Europe,Netherlands,Koninklijke Vopak Nv,Energy Equipment & Services,Energy Equipment & Services,S58094285,NL0009432491,5809428,,,VPK,XAMS,Euronext Amsterdam,EUR
1369,"Europe, The Middle East and Africa",Western Europe,United Kingdom,Vesuvius Plc,"Machinery, Equipment & Components",Machinery,,GB00B82YXW83,B82YXW8,,,VSVS,XLON,London Stock Exchange,GBP
1370,"Europe, The Middle East and Africa",Western Europe,Germany,Vitesco Technologies Group N Ag,Automobiles & Auto Parts,Automotive,,DE000VTSC017,BMYLGD7,,,VTSC,XETR,Xetra,EUR
1371,"Europe, The Middle East and Africa",Western Europe,United Kingdom,Vistry Group Plc,Residential Construction & Materials,Residential Construction,S01859297,GB0001859296,185929,,,VTY,XLON,London Stock Exchange,GBP
1372,"Europe, The Middle East and Africa",Western Europe,Germany,Wacker Neuson N,"Machinery, Equipment & Components",Machinery,,DE000WACK012,B17R248,,,WAC,XETR,Xetra,EUR
1373,"Europe, The Middle East and Africa",Western Europe,Germany,Siltronic N Ag,Semiconductors & Chip Technologies,Semiconductors,,DE000WAF3001,BYY5978,,,WAF,XETR,Xetra,EUR
1374,"Europe, The Middle East and Africa",Western Europe,Germany,Wacker Chemie Ag,Chemicals,Chemicals,,DE000WCH8881,B11Y568,,,WCH,XETR,Xetra,EUR
1375,"Europe, The Middle East and Africa",Western Europe,Belgium,Warehouses De Pauw Nv,Real Estate Investment Trusts (REITs),Real Estate Investment Trusts (REITs),,BE0974349814,BK8VQD9,,,WDP,XBRU,Euronext Brussels,EUR
1376,"Europe, The Middle East and Africa",Western Europe,United Kingdom,Weir Group Plc,"Machinery, Equipment & Components",Machinery,S09465808,GB0009465807,946580,,,WEIR,XLON,London Stock Exchange,GBP
1377,"Europe, The Middle East and Africa",Western Europe,United Kingdom,Wood Group (John) Plc,Energy Equipment & Services,Energy Equipment & Services,,GB00B5N0P849,B5N0P84,,,WG,XLON,London Stock Exchange,GBP
1378,"Europe, The Middle East and Africa",Western Europe,Netherlands,Wereldhave Nv,Real Estate Investment Trusts (REITs),Real Estate Investment Trusts (REITs),S49486236,NL0000289213,4948623,,,WHA,XAMS,Euronext Amsterdam,EUR
1379,"Europe, The Middle East and Africa",Western Europe,United Kingdom,Warehouse Reit Plc,Real Estate Investment Trusts (REITs),Real Estate Investment Trusts (REITs),,GB00BD2NCM38,BD2NCM3,,,WHR,XLON,London Stock Exchange,GBP
1380,"Europe, The Middle East and Africa",Western Europe,United Kingdom,Wincanton Plc,Freight & Logistics Services,Logistics,S30329361,GB0030329360,3032936,,,WIN,XLON,London Stock Exchange,GBP
1381,"Europe, The Middle East and Africa",Western Europe,United Kingdom,Wise Plc Class A,Software & IT Services,Software & Digital Services,,GB00BL9YR756,BL9YR75,,,WISE,XLON,London Stock Exchange,GBP
1382,"Europe, The Middle East and Africa",Western Europe,United Kingdom,Wickes Group Plc,Specialty Retailers,Retail,,GB00BL6C2002,BL6C200,,,WIX,XLON,London Stock Exchange,GBP
1383,"Europe, The Middle East and Africa",Western Europe,United Kingdom,Wizz Air,Passenger Transportation Services,Transportation,,,,,,WIZZ,XLON,London Stock Exchange,GBP
1384,"Europe, The Middle East and Africa",Western Europe,Netherlands,Wolters Kluwer Nv,Professional & Commercial Services,Professional Services,S56715196,NL0000395903,5671519,,,WKL,XAMS,Euronext Amsterdam,EUR
1385,"Europe, The Middle East and Africa",Western Europe,United Kingdom,Workspace Group Reit Plc,Real Estate Investment Trusts (REITs),Real Estate Investment Trusts (REITs),,GB00B67G5X01,B67G5X0,,,WKP,XLON,London Stock Exchange,GBP
1386,"Europe, The Middle East and Africa",Western Europe,France,Worldline Sa,Communications & Networking,Communications Equipment,,FR0011981968,BNFWR44,,,WLN,XPAR,Euronext Paris,EUR
1387,"Europe, The Middle East and Africa",Western Europe,United Kingdom,Watches Of Switzerland Group Plc,Specialty Retailers,Retail,,GB00BJDQQ870,BJDQQ87,,,WOSG,XLON,London Stock Exchange,GBP
1388,"Europe, The Middle East and Africa",Western Europe,United Kingdom,Wpp Plc,Media & Publishing,Media,,JE00B8KF9B49,B8KF9B4,,,WPP,XLON,London Stock Exchange,GBP
1389,"Europe, The Middle East and Africa",Western Europe,United Kingdom,W. A. G. Payment Solutions,Professional & Commercial Services,Professional Services,,,,,,WPS,XLON,London Stock Exchange,GBP
1390,"Europe, The Middle East and Africa",Western Europe,United Kingdom,Witan Investment Trust,Pooled Investment Vehicles,Investment Services,,,,,,WTAN,XLON,London Stock Exchange,GBP
1391,"Europe, The Middle East and Africa",Western Europe,United Kingdom,Whitbread Plc,Hotels & Entertainment Services,"Leisure, Hospitality & Travel",,GB00B1KJJ408,B1KJJ40,,,WTB,XLON,London Stock Exchange,GBP
1392,"Europe, The Middle East and Africa",Western Europe,United Kingdom,Willis Towers Watson Public Limited Company,Insurance,Insurance,,IE00BDB6Q211,BDB6Q21,,1140536,WTW,XNYS,New York Stock Exchange,USD
1393,"Europe, The Middle East and Africa",Western Europe,Germany,Wuestenrot & Wuerttembergische Ag,Insurance,Insurance,S57709115,DE0008051004,5770911,,,WUW,XETR,Xetra,EUR
1394,"Europe, The Middle East and Africa",Western Europe,United Kingdom,Worldwide Healthcare Trust,Pooled Investment Vehicles,Investment Services,,,,,,WWH,XLON,London Stock Exchange,GBP
1395,"Europe, The Middle East and Africa",Western Europe,Belgium,Xior Student Housing Nv,Real Estate Investment Trusts (REITs),Real Estate Investment Trusts (REITs),,BE0974288202,BZ1NNF8,,,XIOR,XBRU,Euronext Brussels,EUR
1396,"Europe, The Middle East and Africa",Western Europe,United Kingdom,Xp Power Ltd,"Machinery, Equipment & Components",Machinery,,SG9999003735,B1RMWL0,,,XPP,XLON,London Stock Exchange,GBP
1397,"Europe, The Middle East and Africa",Western Europe,United Kingdom,Yellow Cake Plc,Uranium,Uranium,,JE00BF50RG45,BF50RG4,,,YCA,XLON,London Stock Exchange,GBP
1398,"Europe, The Middle East and Africa",Western Europe,United Kingdom,Young And Cos Brewery Plc,Hotels & Entertainment Services,"Leisure, Hospitality & Travel",,GB00B2NDK765,B2NDK76,,,YNGA,XLON,London Stock Exchange,GBP
1399,"Europe, The Middle East and Africa",Western Europe,Germany,About You Holding,Diversified Retail,Retail,,DE000A3CNK42,BMFZLQ6,,,YOU,XETR,Xetra,EUR
1400,"Europe, The Middle East and Africa",Western Europe,United Kingdom,Yougov Plc,Media & Publishing,Media,,GB00B1VQ6H25,B1VQ6H2,,,YOU,XLON,London Stock Exchange,GBP
1401,"Europe, The Middle East and Africa",Western Europe,Germany,Secunet Security Ag,Software & IT Solutions / Digital Services,Software & Digital Services,S58088451,DE0007276503,5808845,,,YSN,XETR,Xetra,EUR
1402,"Europe, The Middle East and Africa",Western Europe,Germany,Zalando,Software & IT Solutions / Digital Services,Software & Digital Services,,DE000ZAL1111,BQV0SV7,,,ZAL,XETR,Xetra,EUR
1403,"Europe, The Middle East and Africa",Western Europe,Germany,Elringklinger Ag,Automobiles & Auto Parts,Automotive,S51386381,DE0007856023,5138638,,,ZIL2,XETR,Xetra,EUR
1404,"Europe, The Middle East and Africa",Western Europe,Switzerland,Zurich Insurance Group Ag,Insurance,Insurance,S59838169,CH0011075394,5983816,,,ZURN,XSWX,SIX Swiss Exchange,CHF