Index,S&P 500,DJIA,Nasdaq 100,Regions,Sub-Regions,Country,Ticker,Company Name,Source Industry,FIT Industry,primary_business_tag,business_tags,Business Overview,Year Incorporated,Headquarters,Website,Wiki,X,Sec SIC Code,Sec SIC Industry Title,NAICS Sector Code,NAICS Sector,NAICS Subsector Code,NAICS Subsector,NAICS Industry Group Code,NAICS Industry Group,NAICS Industry Code,NAICS Industry,NAICS National Industry Code,NAICS National Industry
1,S&P 500,,,Americas,North America,United States,A,"Agilent Technologies, Inc.",Healthcare Equipment & Supplies,Health Care,diagnostics,diagnostics;laboratory_equipment;life_sciences,"Provides laboratory instruments, diagnostic technologies, analytical software and related scientific services.",1999,"California,  United States",http://www.agilent.com/,https://en.wikipedia.org/wiki/agilent_technologies_inc,https://x.com/agilent,3826,Laboratory Analytical Instruments,31-33,Manufacturing,334,Computer And Electronic Product Manufacturing,3345,"Navigational, Measuring, Electromedical, And Control Instruments Manufacturing",33451,"Navigational, Measuring, Electromedical, And Control Instruments Manufacturing",334516,Analytical Laboratory Instrument Manufacturing 
2,S&P 500,DJIA,Nasdaq 100,Americas,North America,United States,AAPL,Apple Inc.,"Computers, Phones & Household Electronics",Consumer Electronics,consumer_electronics,consumer_electronics;digital_content;payments,"Develops and sells consumer electronic devices and related technologies, with additional activities or exposure across digital content and payment services.",1977,"California,  United States",https://www.apple.com/,https://en.wikipedia.org/wiki/apple_inc.,https://x.com/apple,3571,Electronic Computers,31-33,Manufacturing,334,Computer And Electronic Product Manufacturing,3342,Communications Equipment Manufacturing,33422,Radio And Television Broadcasting And Wireless Communications Equipment Manufacturing,334220,Radio And Television Broadcasting And Wireless Communications Equipment Manufacturing
3,S&P 500,,,Americas,North America,United States,ABBV,Abbvie Inc.,Pharmaceuticals,Pharmaceuticals,pharmaceuticals,pharmaceuticals;biotechnology,"Develops, manufactures and markets pharmaceutical products, with additional activities or exposure across biotechnology.",2012,"Illinois,  United States",http://www.abbvie.com/,https://en.wikipedia.org/wiki/abbvie_inc.,https://x.com/abbvie,2834,Pharmaceutical Preparations,31-33,Manufacturing,325,Chemical Manufacturing,3254,Pharmaceutical And Medicine Manufacturing,32541,Pharmaceutical And Medicine Manufacturing,325412,Pharmaceutical Preparation Manufacturing 
4,S&P 500,,Nasdaq 100,Americas,North America,United States,ABNB,"Airbnb, Inc.",Software & IT Services,Software & Digital Services,digital_marketplaces,digital_marketplaces;travel_services,Operates a digital marketplace connecting hosts and guests for accommodation and travel experiences.,2008,"California,  United States","	https://www.airbnb.com",https://en.wikipedia.org/wiki/Airbnb,https://x.com/Airbnb,7340,Dwellings & Other Buildings,56,"Administrative Support, Waste Management & Remediation Services",561,Administrative And Support Services,5615,Travel Arrangement And Reservation Services,56159,Other Travel Arrangement And Reservation Services,561599,All Other Travel Arrangement And Reservation Services 
5,S&P 500,,,Americas,North America,United States,ABT,Abbott Laboratories,Healthcare Equipment & Supplies,Medical Devices,medical_devices,medical_devices;diagnostics;pharmaceuticals,"Develops and supplies medical devices, diagnostic technologies, nutritional products and related healthcare solutions.",1900,"Illinois,  United States",http://www.abbott.com/,https://en.wikipedia.org/wiki/abbott_laboratories,https://x.com/abbottnews,2834,Pharmaceutical Preparations,31-33,Manufacturing,339,Miscellaneous Manufacturing,3391,Medical Equipment And Supplies Manufacturing,33911,Medical Equipment And Supplies Manufacturing,339112,Surgical And Medical Instrument Manufacturing 
6,S&P 500,,,Americas,North America,United States,ACGL,Arch Capital Group Ltd.,Insurance,Insurance,insurance,insurance;reinsurance,"Provides insurance, reinsurance and mortgage-insurance services.",2000,"Pembroke,  Bermuda",https://www.archgroup.com,https://en.wikipedia.org/wiki/arch_capital_group,,6331,"Fire, Marine & Casualty Insurance",52,Finance And Insurance,524,Insurance Carriers And Related Activities,5241,Insurance Carriers,52413,Reinsurance Carriers ,524130,Reinsurance Carriers 
7,S&P 500,,,"Europe, The Middle East and Africa",Western Europe,Ireland,ACN,Accenture Public Limited Company,Software & IT Services,Professional Services,consulting,consulting;enterprise_software;artificial_intelligence,"Provides consulting, technology, operations and digital-transformation services, with additional activities or exposure across enterprise software and artificial intelligence.",2009,"Dublin,  Ireland",https://www.accenture.com/,https://en.wikipedia.org/wiki/accenture_plc,https://x.com/accenture,7389,"Business Services, Nec",54,"Professional, Scientific, And Technical Services",541,"Professional, Scientific, And Technical Services",5415,Computer Systems Design And Related Services,54151,Computer Systems Design And Related Services,541519,Other Computer Related Services
8,S&P 500,,Nasdaq 100,Americas,North America,United States,ADBE,Adobe Inc.,Software & IT Services,Software & Digital Services,enterprise_software,enterprise_software;digital_content,"Develops creative, digital-media, document-management and customer-experience software and related cloud services.",1997,"California,  United States",https://www.adobe.com/,https://en.wikipedia.org/wiki/adobe_inc.,https://x.com/adobe,7372,Prepackaged Software,51,Information,511,Publishing Industries (Except Internet),5112,Software Publishers,51121,Software Publishers,511210,Software Publishers
9,S&P 500,,Nasdaq 100,Americas,North America,United States,ADI,"Analog Devices, Inc.",Semiconductors & Semiconductor Equipment,Semiconductors,semiconductors,semiconductors;artificial_intelligence,"Designs, manufactures and supplies semiconductor technologies, with additional activities or exposure across artificial intelligence.",1965,"Massachusetts,  United States",https://www.analog.com/,"https://en.wikipedia.org/wiki/analog_devices,_inc.",https://x.com/adi_news,3674,Semiconductors & Related Devices,31-33,Manufacturing,334,Computer And Electronic Product Manufacturing,3344,Semiconductor And Other Electronic Component Manufacturing,33441,Semiconductor And Other Electronic Component Manufacturing,334413,Semiconductor And Related Device Manufacturing 
10,S&P 500,,,Americas,North America,United States,ADM,Archer-Daniels-Midland Company.,Food & Tobacco,Food & Beverage,agriculture_inputs,agriculture_inputs;food_ingredients,"Procures, processes and supplies agricultural commodities, food ingredients and nutrition products.",1923,"Illinois,  United States",https://www.adm.com/,https://en.wikipedia.org/wiki/archer-daniels-midland_co,https://x.com/tradeadmis,2070,Fats & Oils,31-33,Manufacturing,311,Food Manufacturing,3112,Grain And Oilseed Milling,31122,Starch And Vegetable Fats And Oils Manufacturing,311224,Soybean And Other Oilseed Processing 
11,S&P 500,,Nasdaq 100,Americas,North America,United States,ADP,"Automatic Data Processing, Inc.",Professional & Commercial Services,Professional Services,human_capital_services,human_capital_services;enterprise_software,"Provides payroll, human-capital-management and related business-process services through cloud-based software platforms.",1961,"New Jersey,  United States",https://www.adp.co.uk/,https://en.wikipedia.org/wiki/automatic_data_processing,https://x.com/adp,7374,Computer Processing & Data Preparation,51,Information,518,"Data Processing, Hosting, And Related Services",5182,"Data Processing, Hosting, And Related Services",51821,"Data Processing, Hosting, And Related Services",518210,"Data Processing, Hosting, And Related Services"
12,S&P 500,,Nasdaq 100,Americas,North America,United States,ADSK,"Autodesk, Inc.",Software & IT Services,Software & Digital Services,enterprise_software,enterprise_software;media_entertainment,"Develops design, engineering, architecture, construction and manufacturing software and related digital technologies, with additional activities or exposure across media and entertainment.",1994,"California,  United States",https://www.autodesk.co.uk/,https://en.wikipedia.org/wiki/autodesk_inc.,https://x.com/autodesk,7372,Prepackaged Software,51,Information,511,Publishing Industries (Except Internet),5112,Software Publishers,51121,Software Publishers,511210,Software Publishers
13,S&P 500,,,Americas,North America,United States,AEE,Ameren Corporation,Multiline Utilities,Utilities,utilities,utilities;natural_gas,"Generates, transmits and distributes electricity and natural gas through regulated utility networks.",1995,"Missouri,  United States",http://www.ameren.com/,https://en.wikipedia.org/wiki/ameren_corp,https://x.com/amerencorp,4931,Electric & Other Services Combined,22,Utilities,221,Utilities,2211,"Electric Power Generation, Transmission And Distribution",22111,Electric Power Generation,221118,Other Electric Power Generation 
14,S&P 500,,Nasdaq 100,Americas,North America,United States,AEP,"American Electric Power Company, Inc.",Electrical Utilities & IPPs,Utilities,utilities,utilities;electricity_generation,"Generates, transmits and distributes electricity through regulated utility operations.",1925,"Ohio,  United States",http://www.aep.com/,https://en.wikipedia.org/wiki/american_electric_power,https://x.com/aepnews,4911,Electric Services,22,Utilities,221,Utilities,2211,"Electric Power Generation, Transmission And Distribution",22112,"Electric Power Transmission, Control, And Distribution",221122,Electric Power Distribution 
15,S&P 500,,,Americas,North America,United States,AES,The Aes Corporation,Electrical Utilities & IPPs,Utilities,utilities,utilities;renewable_energy,"Generates and supplies electricity, with additional activities or exposure across renewable-energy generation and energy infrastructure.",1981,"Virginia,  United States",http://aes.com/,https://en.wikipedia.org/wiki/aes_corp,https://x.com/theaescorp,4991,Cogeneration Services & Small Power Producers,22,Utilities,221,Utilities,2211,"Electric Power Generation, Transmission And Distribution",22112,"Electric Power Transmission, Control, And Distribution",221122,Electric Power Distribution 
16,S&P 500,,,Americas,North America,United States,AFL,Aflac Incorporated,Insurance,Insurance,insurance,insurance,"Provides supplemental health, life and related insurance products.",1973,"Georgia,  United States",http://www.aflac.com/,https://en.wikipedia.org/wiki/aflac_inc,https://x.com/aflac,6321,Accident & Health Insurance,52,Finance And Insurance,524,Insurance Carriers And Related Activities,5241,Insurance Carriers,52411,"Direct Life, Health, And Medical Insurance Carriers ",524114,Direct Health And Medical Insurance Carriers 
17,S&P 500,,,Americas,North America,United States,AIG,"American International Group, Inc.",Insurance,Insurance,insurance,insurance,Provides commercial and personal insurance solutions and related risk-management services.,1967,"New York,  United States",http://www.aig.com/,https://en.wikipedia.org/wiki/american_international_group,https://x.com/aiginsurance,6331,"Fire, Marine & Casualty Insurance",52,Finance And Insurance,524,Insurance Carriers And Related Activities,5241,Insurance Carriers,52412,"Direct Insurance (Except Life, Health, And Medical) Carriers ",524126,Direct Property And Casualty Insurance Carriers 
18,S&P 500,,,Americas,North America,United States,AIZ,"Assurant, Inc.",Insurance,Insurance,insurance,insurance;consumer_electronics;automotive,"Provides insurance and protection services, with additional activities or exposure across consumer electronics and automotive markets.",2003,"Georgia,  United States",http://www.assurant.com/,https://en.wikipedia.org/wiki/assurant,https://x.com/assurant,6399,"Insurance Carriers, Nec",52,Finance And Insurance,524,Insurance Carriers And Related Activities,5242,"Agencies, Brokerages, And Other Insurance Related Activities",52429,Other Insurance Related Activities ,524298,All Other Insurance Related Activities 
19,S&P 500,,,Americas,North America,United States,AJG,Arthur J. Gallagher & Co.,Insurance,Insurance,insurance_brokerage,insurance_brokerage;consulting,"Provides insurance brokerage, risk-management and consulting services.",1972,"Illinois,  United States",http://www.ajg.com/,https://en.wikipedia.org/wiki/arthur_j._gallagher_%26_co.,https://x.com/gallagherglobal,6411,"Insurance Agents, Brokers & Service",52,Finance And Insurance,524,Insurance Carriers And Related Activities,5242,"Agencies, Brokerages, And Other Insurance Related Activities",52421,Insurance Agencies And Brokerages ,524210,Insurance Agencies And Brokerages 
20,S&P 500,,,Americas,North America,United States,AKAM,"Akamai Technologies, Inc.",Software & IT Services,Software & Digital Services,cloud_services,cloud_services;cybersecurity,"Provides cloud-computing infrastructure, cybersecurity and application-delivery services.",1998,"Massachusetts,  United States",https://www.akamai.com/,https://en.wikipedia.org/wiki/akamai_technologies_inc,https://x.com/akamai,7389,"Business Services, Nec",56,"Administrative Support, Waste Management & Remediation Services",561,Administrative And Support Services,5614,Business Support Services,56149,Other Business Support Services,561499,All Other Business Support Services 
21,,,Nasdaq 100,Americas,North America,United States,ALAB,Astera Labs,Semiconductors & Semiconductor Equipment,Semiconductors,semiconductors,semiconductors;artificial_intelligence,Designs and supplies semiconductor connectivity technologies for cloud and artificial-intelligence infrastructure.,2017,"California, United States",https://www.asteralabs.com/,https://en.wikipedia.org/wiki/Astera_Labs,https://x.com/asteralabs,3674,Semiconductors And Related Devices,31-33,Manufacturing,334,Computer And Electronic Product Manufacturing,3344,Semiconductor And Other Electronic Component Manufacturing,33441,Semiconductor And Other Electronic Component Manufacturing,334413,Semiconductor And Related Device Manufacturing
22,S&P 500,,,Americas,North America,United States,ALB,Albemarle Corporation,Chemicals,Chemicals,chemicals,chemicals;battery_materials,"Develops, manufactures and supplies specialty chemicals, with additional activities or exposure across lithium and battery materials.",1993,"North Carolina,  United States",http://www.albemarle.com/,https://en.wikipedia.org/wiki/albemarle_corp,https://x.com/albemarlecorp,6282,Investment Advice,52,Finance And Insurance,523,"Securities, Commodity Contracts, And Other Financial Investments And Related Activities",5239,Other Financial Investment Activities,52394,Portfolio Management And Investment Advice,523940,Portfolio Management And Investment Advice
23,S&P 500,,,Americas,North America,United States,ALGN,"Align Technology, Inc.",Healthcare Equipment & Supplies,Medical Devices,medical_devices,medical_devices;enterprise_software,"Develops and supplies orthodontic medical devices, digital dentistry technologies and related software solutions.",1997,"Arizona,  United States",https://www.aligntech.com/,https://en.wikipedia.org/wiki/align_technology,https://x.com/aligntechinc,5411,Retail-Grocery Stores,44-45,Retail Trade,445,Food And Beverage Retailers,4451,Grocery And Convenience Retailers,44513,Convenience Retailers And Vending Machine Operators,445131,Convenience Retailers
24,S&P 500,,,Americas,North America,United States,ALL,The Allstate Corporation,Insurance,Insurance,insurance,insurance,"Provides personal and commercial insurance products, with additional activities or exposure across consumer protection services.",1992,"Illinois,  United States",http://www.allstate.com/,https://en.wikipedia.org/wiki/allstate_corp,https://x.com/allstate,3661,Telephone And Telegraph Apparatus,31-33,Manufacturing,334,Computer And Electronic Product Manufacturing,3342,Communications Equipment Manufacturing,33429,Other Communications Equipment Manufacturing,334290,Other Communications Equipment Manufacturing
25,S&P 500,,,"Europe, The Middle East and Africa",Western Europe,Ireland,ALLE,Allegion Public Limited Company,Communications & Networking,Communications Equipment,physical_security,physical_security;access_control,"Develops and supplies physical security, access-control and building-security technologies.",2013,"Dublin,  Ireland",http://www.allegion.com/,https://en.wikipedia.org/wiki/allegion,https://x.com/allegionplc,3674,Semiconductors And Related Devices,31-33,Manufacturing,334,Computer And Electronic Product Manufacturing,3344,Semiconductor And Other Electronic Component Manufacturing,33441,Semiconductor And Other Electronic Component Manufacturing,334413,Semiconductor And Related Device Manufacturing
26,,,Nasdaq 100,Americas,North America,United States,ALNY,Alnylam Pharmaceuticals,Pharmaceuticals,Pharmaceuticals,biotechnology,biotechnology;pharmaceuticals,Develops biotechnology-based therapies and RNA-interference medicines.,2002,"Massachusetts,  United States",http://alnylam.com/,https://en.wikipedia.org/wiki/Alnylam_Pharmaceuticals,,7374,Computer Processing And Data Preparation And Processing Services,51,Information,518,"Computing Infrastructure Providers, Data Processing, Web Hosting, And Related Services",5182,"Computing Infrastructure Providers, Data Processing, Web Hosting, And Related Services",51821,"Computing Infrastructure Providers, Data Processing, Web Hosting, And Related Services",518210,"Computing Infrastructure Providers, Data Processing, Web Hosting, And Related Services"
27,S&P 500,,Nasdaq 100,Americas,North America,United States,AMAT,"Applied Materials, Inc.",Semiconductors & Semiconductor Equipment,Semiconductors,semiconductor_equipment,semiconductor_equipment;enterprise_software,"Designs, manufactures and supplies semiconductor manufacturing equipment, software and related services.",1987,"California,  United States",http://www.appliedmaterials.com/,https://en.wikipedia.org/wiki/applied_materials_inc.,https://x.com/applied4tech,4899,"Communications Services, Not Elsewhere Classified",51,Information,517,Telecommunications,5174,Satellite Telecommunications,51741,Satellite Telecommunications,517410,Satellite Telecommunications
28,S&P 500,,,Americas,North America,United States,AMCR,Amcor Plc,Containers & Packaging,Packaging,packaging,packaging,Develops and supplies flexible and rigid packaging products and related materials.,2018,"Bristol,  United Kingdom",http://www.amcor.com/,https://en.wikipedia.org/wiki/amcor_plc,https://x.com/amcorpackaging,3990,Miscellaneous Manufacturing Industries,48-49,Transportation And Warehousing,484,Truck Transportation,4841,General Freight Trucking,48412,"General Freight Trucking, Long-Distance",484122,"General Freight Trucking, Long-Distance, Less Than Truckload"
29,S&P 500,,Nasdaq 100,Americas,North America,United States,AMD,"Advanced Micro Devices, Inc.",Semiconductors & Semiconductor Equipment,Semiconductors,semiconductors,semiconductors;artificial_intelligence,"Designs, manufactures and supplies semiconductor technologies, with additional activities or exposure across artificial intelligence and high-performance computing.",1969,"California,  United States",https://www.amd.com/,https://en.wikipedia.org/wiki/advanced_micro_devices_inc,https://x.com/amd,7374,Computer Processing And Data Preparation And Processing Services,51,Information,518,"Computing Infrastructure Providers, Data Processing, Web Hosting, And Related Services",5182,"Computing Infrastructure Providers, Data Processing, Web Hosting, And Related Services",51821,"Computing Infrastructure Providers, Data Processing, Web Hosting, And Related Services",518210,"Computing Infrastructure Providers, Data Processing, Web Hosting, And Related Services"
30,S&P 500,,,Americas,North America,United States,AME,"Ametek, Inc.","Machinery, Equipment & Components",Machinery,industrial_machinery,industrial_machinery;laboratory_equipment,"Designs and supplies industrial instruments, automation technologies and precision engineering systems.",1986,"Pennsylvania,  United States",http://www.ametek.com/,https://en.wikipedia.org/wiki/ametek_inc.,https://x.com/ametekinc,3672,Printed Circuit Boards,31-33,Manufacturing,334,Computer And Electronic Product Manufacturing,3344,Semiconductor And Other Electronic Component Manufacturing,33441,Semiconductor And Other Electronic Component Manufacturing,334418,Printed Circuit Assembly Manufacturing
31,S&P 500,DJIA,Nasdaq 100,Americas,North America,United States,AMGN,Amgen Inc.,Pharmaceuticals,Biotechnology,biotechnology,biotechnology;pharmaceuticals,"Develops biotechnology-based therapies, medicines and related research capabilities.",1986,"California,  United States",https://www.amgen.com/,https://en.wikipedia.org/wiki/amgen_inc.,https://x.com/amgen,2836,"Biological Products, (No Disgnostic Substances)",31-33,Manufacturing,336,Transportation Equipment Manufacturing,3364,Aerospace Product And Parts Manufacturing,33641,Aerospace Product And Parts Manufacturing,336413,Other Aircraft Parts And Auxiliary Equipment Manufacturing
32,S&P 500,,,Americas,North America,United States,AMP,"Ameriprise Financial, Inc.",Investment Banking & Investment Services,Investment Services,wealth_management,wealth_management;asset_management;insurance,"Provides wealth management, asset management and related financial services, with additional activities or exposure across insurance.",1983,"Minnesota,  United States",http://www.ameriprise.com/,https://en.wikipedia.org/wiki/ameriprise_financial,https://x.com/ameriprise,3674,Semiconductors And Related Devices,31-33,Manufacturing,334,Computer And Electronic Product Manufacturing,3344,Semiconductor And Other Electronic Component Manufacturing,33441,Semiconductor And Other Electronic Component Manufacturing,334419,Other Electronic Component Manufacturing
33,S&P 500,,,Americas,North America,United States,AMT,American Tower Corporation,Residential & Commercial REIT,Real Estate Investment Trusts (REITs),communications_infrastructure,communications_infrastructure;data_centres,"Owns, develops and operates communications infrastructure and data-centre real-estate assets.",1996,"Massachusetts,  United States",http://www.americantower.com/,https://en.wikipedia.org/wiki/american_tower_corp.,https://x.com/AmericanTowerUS,6411,"Insurance Agents, Brokers And Service",52,Finance And Insurance,524,Insurance Carriers And Related Activities,5242,"Agencies, Brokerages, And Other Insurance Related Activities",52421,Insurance Agencies And Brokerages,524210,Insurance Agencies And Brokerages
34,S&P 500,DJIA,Nasdaq 100,Americas,North America,United States,AMZN,"Amazon.Com, Inc.",Diversified Retail,Retail,ecommerce,ecommerce;cloud_services;digital_content;consumer_electronics,"Operates digital and physical retail businesses, with additional activities or exposure across cloud services, digital content and consumer electronics.",1996,"Washington,  United States",https://www.aboutamazon.com/,https://en.wikipedia.org/wiki/amazon.com_inc.,https://x.com/amazon,7370,"Services-Computer Programming, Data Processing, Etc.",51,Information,518,"Computing Infrastructure Providers, Data Processing, Web Hosting, And Related Services",5182,"Computing Infrastructure Providers, Data Processing, Web Hosting, And Related Services",51821,"Computing Infrastructure Providers, Data Processing, Web Hosting, And Related Services",518210,"Computing Infrastructure Providers, Data Processing, Web Hosting, And Related Services"
35,S&P 500,,,Americas,North America,United States,ANET,"Arista Networks, Inc.",Communications & Networking,Communications Equipment,networking_equipment,networking_equipment;enterprise_software,"Develops and supplies networking infrastructure, switching platforms and related software technologies.",2011,"California,  United States",https://www.arista.com/en/,https://en.wikipedia.org/wiki/arista_networks,https://x.com/aristanetworks,3760,Guided Missiles And Space Vehicles And Parts,31-33,Manufacturing,336,Transportation Equipment Manufacturing,3364,Aerospace Product And Parts Manufacturing,33641,Aerospace Product And Parts Manufacturing,336414,Guided Missile And Space Vehicle Manufacturing
36,S&P 500,,,"Europe, The Middle East and Africa",Western Europe,Ireland,AON,Aon Plc,Insurance,Insurance,insurance_brokerage,insurance_brokerage;consulting,"Provides insurance brokerage, reinsurance and human-capital consulting services.",2020,"Dublin,  Ireland",http://www.aon.com/,https://en.wikipedia.org/wiki/aon_plc,https://x.com/aon_plc,6411,"Insurance Agents, Brokers & Service",31-33,Manufacturing,336,Transportation Equipment Manufacturing,3364,Aerospace Product And Parts Manufacturing,33641,Aerospace Product And Parts Manufacturing,336414,Guided Missile And Space Vehicle Manufacturing
37,S&P 500,,,Americas,North America,United States,AOS,A. O. Smith Corporation,"Machinery, Equipment & Components",Machinery,industrial_machinery,industrial_machinery;water_treatment,"Designs, manufactures and supplies water-heating, water-treatment and related industrial systems.",1986,"Wisconsin,  United States",http://www.aosmith.com/,https://en.wikipedia.org/wiki/a.o._smith_corp,https://x.com/aosmithhotwater,7372,Services-Prepackaged Software,51,Information,513,Publishing Industries,5132,Software Publishers,51321,Software Publishers,513210,Software Publishers
38,S&P 500,,,Americas,North America,United States,APA,Apa Corporation,Oil & Gas,Oil & Gas,oil_gas,oil_gas,"Explores, produces and develops oil and natural-gas resources.",2021,"Texas,  United States",http://www.apachecorp.com/,https://en.wikipedia.org/wiki/apache_corporation,https://x.com/apa_corp,3823,"Industrial Instruments For Measurement, Display, And Control",31-33,Manufacturing,334,Computer And Electronic Product Manufacturing,3345,"Navigational, Measuring, Electromedical, And Control Instruments Manufacturing",33451,"Navigational, Measuring, Electromedical, And Control Instruments Manufacturing",334513,"Instruments And Related Products Manufacturing For Measuring, Displaying, And Controlling Industrial Process Variables"
39,S&P 500,,,Americas,North America,United States,APD,"Air Products And Chemicals, Inc.",Chemicals,Chemicals,industrial_gases,industrial_gases;chemicals,"Produces and supplies industrial gases, related equipment and engineering services.",1961,"Pennsylvania,  United States",http://www.airproducts.com/,https://en.wikipedia.org/wiki/air_products_%26_chemicals_inc,https://x.com/airproducts,3585,Air-Conditioning And Warm Air Heating Equipment And Commercial And Industrial Refrigeration Equipment,31-33,Manufacturing,335,"Electrical Equipment, Appliance, And Component Manufacturing",3353,Electrical Equipment Manufacturing,33531,Electrical Equipment Manufacturing,335311,"Power, Distribution, And Specialty Transformer Manufacturing"
40,S&P 500,,,Americas,North America,United States,APH,Amphenol Corporation,Electronic Equipment & Parts,Communications Equipment,electronic_components,electronic_components;communications_equipment,"Designs, manufactures and supplies electronic connectors, interconnect systems, sensors and related technologies.",1986,"Connecticut,  United States",https://www.amphenol.co.uk/,https://en.wikipedia.org/wiki/amphenol_corp,https://x.com/amphenol,3678,Electronic Connectors,31-33,Manufacturing,335,"Electrical Equipment, Appliance, And Component Manufacturing",3359,Other Electrical Equipment And Component Manufacturing,33592,Communication And Energy Wire And Cable Manufacturing,335929,Other Communication And Energy Wire Manufacturing 
41,S&P 500,,,Americas,North America,United States,APO,Apollo Global Management,Collective Investments,Investment Services,asset_management,asset_management;retirement_services,Provides alternative asset-management and retirement-services solutions.,1990,"New York, United States",https://www.apollo.com/,https://en.wikipedia.org/wiki/Apollo_Global_Management,https://x.com/apolloglobal,6282,Investment Advice,52,Finance And Insurance,523,"Securities, Commodity Contracts, And Other Financial Investments And Related Activities",5239,Other Financial Investment Activities,52394,Portfolio Management And Investment Advice,523940,Portfolio Management And Investment Advice
42,S&P 500,,Nasdaq 100,Americas,North America,United States,APP,AppLovin Corporation,Software & IT Services,Software & Digital Services,advertising_technology,advertising_technology;artificial_intelligence,"Develops advertising technology, artificial-intelligence and marketing software platforms.",2011,"California,  United States","	applovin.com",https://en.wikipedia.org/wiki/AppLovin,https://x.com/applovin,7370,"Services-Computer Programming, Data Processing, Etc.",51,Information,513,Publishing Industries,5132,Software Publishers,51321,Software Publishers,513210,Software Publishers
43,S&P 500,,,"Europe, The Middle East and Africa",Western Europe,Ireland,APTV,Aptiv Plc,Automobiles & Auto Parts,Automotive,automotive_technology,automotive_technology;enterprise_software,"Develops automotive technologies, vehicle connectivity, advanced safety systems and related software platforms.",2011,"Dublin,  Ireland",https://www.aptiv.com/,https://en.wikipedia.org/wiki/aptiv_plc,https://x.com/aptiv,3714,Motor Vehicle Parts & Accessories,31-33,Manufacturing,336,Transportation Equipment Manufacturing,3363,Motor Vehicle Parts Manufacturing,33639,Other Motor Vehicle Parts Manufacturing,336390,Other Motor Vehicle Parts Manufacturing
44,S&P 500,,,Americas,North America,United States,ARE,"Alexandria Real Estate Equities, Inc.",Residential & Commercial REIT,Real Estate Investment Trusts (REITs),life_science_real_estate,life_science_real_estate,"Owns, develops and operates life-science and technology-focused real-estate assets.",1994,"California,  United States",http://www.are.com/,https://en.wikipedia.org/wiki/alexandria_real_estate_equities,,6798,Real Estate Investment Trusts,52,Finance And Insurance,525,"Funds, Trusts, And Other Financial Vehicles ",5259,Other Investment Pools And Funds,52599,Other Financial Vehicles ,525990,Other Financial Vehicles 
45,S&P 500,,,Americas,North America,United States,ARES,Ares Management,Investment Banking & Investment Services,Investment Services,asset_management,asset_management;private_equity,Provides alternative asset-management and private-investment services.,1997,"California,  United States",http://www.aresmgmt.com/,https://en.wikipedia.org/wiki/Ares_Management,,6282,Investment Advice,55,Management of Companies and Enterprises,525,"Funds, Trusts, and Other Financial Vehicles",5259,Other Investment Pools and Funds,52591,Open-end Investment Funds,525910,Open-end Investment Funds
46,,,Nasdaq 100,"Europe, The Middle East and Africa",Western Europe,United Kingdom,ARM,Arm Holdings,Semiconductors & Semiconductor Equipment,Semiconductors,semiconductor_design,semiconductor_design,Develops and licenses semiconductor processor architectures and related technologies.,2018,"Cambridgeshire,  United Kingdom","	arm.com",https://en.wikipedia.org/wiki/Arm_Holdings,https://x.com/Arm,3674,Semiconductors & Related Devices,31-33,Manufacturing,334,Computer And Electronic Product Manufacturing,3344,Semiconductor And Other Electronic Component Manufacturing,33441,Semiconductor And Other Electronic Component Manufacturing,334519,Other Measuring And Controlling Device Manufacturing 
47,,,Nasdaq 100,"Europe, The Middle East and Africa",Western Europe,Netherlands,ASML,Asml Holding Nv,Semiconductors & Semiconductor Equipment,Semiconductors,semiconductor_equipment,semiconductor_equipment,"Designs, manufactures and services semiconductor lithography systems and related technologies.",1994,"Veldhoven,  Netherlands",https://www.asml.com,https://en.wikipedia.org/wiki/ASML_Holding,https://x.com/ASMLcompany,3559,"Special Industry Machinery, Nec",31-33,Manufacturing,333,Machinery Manufacturing,3332,Industrial Machinery Manufacturing,33324,Industrial Machinery Manufacturing,333249,Other Industrial Machinery Manufacturing 
48,S&P 500,,,Americas,North America,United States,ATO,Atmos Energy Corporation,Natural Gas Utilities,Utilities,natural_gas,natural_gas;utilities,"Operates natural-gas distribution, transmission and storage infrastructure.",1981,"Texas,  United States",http://www.atmosenergy.com/,https://en.wikipedia.org/wiki/atmos_energy,https://x.com/atmosenergy,4924,Natural Gas Distribution,22,Utilities,221,Utilities,2212,Natural Gas Distribution,22121,Natural Gas Distribution,221210,Natural Gas Distribution 
49,S&P 500,,,Americas,North America,United States,AVB,"Avalonbay Communities, Inc.",Residential & Commercial REIT,Real Estate Investment Trusts (REITs),residential_real_estate,residential_real_estate,"Owns, develops and manages residential real-estate assets.",1995,"Virginia,  United States",http://www.avalonbay.com/,https://en.wikipedia.org/wiki/avalonbay_communities,https://x.com/avalonbay,6798,Real Estate Investment Trusts,52,Finance And Insurance,525,"Funds, Trusts, And Other Financial Vehicles ",5259,Other Investment Pools And Funds,52599,Other Financial Vehicles ,525990,Other Financial Vehicles 
50,S&P 500,,Nasdaq 100,Americas,North America,United States,AVGO,Broadcom Inc.,Semiconductors & Semiconductor Equipment,Semiconductors,semiconductors,semiconductors;enterprise_software;cybersecurity,"Designs, develops and supplies semiconductor technologies, enterprise software and cybersecurity solutions.",2018,"California,  United States",https://www.broadcom.com/,https://en.wikipedia.org/wiki/broadcom_inc.,https://x.com/broadcom,3674,Semiconductors & Related Devices,31-33,Manufacturing,334,Computer And Electronic Product Manufacturing,3344,Semiconductor And Other Electronic Component Manufacturing,33441,Semiconductor And Other Electronic Component Manufacturing,334413,Semiconductor And Related Device Manufacturing 
51,S&P 500,,,Americas,North America,United States,AVY,Avery Dennison Corporation,Containers & Packaging,Packaging,packaging,packaging;industrial_materials;digital_identification,"Develops and supplies packaging materials, digital-identification technologies and industrial labelling solutions.",1977,"Ohio,  United States",http://www.averydennison.com/,https://en.wikipedia.org/wiki/avery_dennison_corp,https://x.com/averydennison,2670,Converted Paper & Paperboard Prods (No Contaners/Boxes),31-33,Manufacturing,322,Paper Manufacturing,3222,Converted Paper Product Manufacturing,32222,Paper Bag And Coated And Treated Paper Manufacturing,322220,Paper Bag And Coated And Treated Paper Manufacturing
52,S&P 500,,,Americas,North America,United States,AWK,"American Water Works Company, Inc.",Water Utilities,Water Utilities,water_utilities,water_utilities,"Provides water supply, wastewater treatment and related utility services.",1936,"New Jersey,  United States",http://www.amwater.com/,https://en.wikipedia.org/wiki/american_water_works,https://x.com/amwater,4941,Water Supply,22,Utilities,221,Utilities,2213,"Water, Sewage And Other Systems",22131,Water Supply And Irrigation Systems ,221310,Water Supply And Irrigation Systems 
53,S&P 500,,Nasdaq 100,Americas,North America,United States,AXON,"Axon Enterprise, Inc.",Aerospace & Defense,Aerospace & Defense,public_safety_technology,public_safety_technology;cloud_services;artificial_intelligence,"Develops public-safety technologies, connected devices and cloud-based digital evidence platforms.",2001,"Arizona,  United States",https://www.axon.com,https://en.wikipedia.org/wiki/Axon_Enterprise,https://x.com/axon_us,3480,"Ordnance & Accessories, (No Vehicles/Guided Missiles)",31-33,Manufacturing,332,Fabricated Metal Product Manufacturing,3329,Other Fabricated Metal Product Manufacturing,33299,All Other Fabricated Metal Product Manufacturing,332994,"Small Arms, Ordnance, And Ordnance Accessories Manufacturing "
54,S&P 500,DJIA,,Americas,North America,United States,AXP,American Express Company,Banking Services,Banking,payments,payments;banking;travel_services,"Provides payment, card-network, banking and related financial services, with additional activities or exposure across travel services.",1965,"New York,  United States",https://www.americanexpress.com/,https://en.wikipedia.org/wiki/american_express_co,https://x.com/americanexpress,6199,Finance Services,52,Finance And Insurance,522,Credit Intermediation And Related Activities,5222,Nondepository Credit Intermediation ,52222,Sales Financing ,522220,Sales Financing 
55,S&P 500,,,Americas,North America,United States,AZO,"Autozone, Inc.",Specialty Retailers,Retail,automotive_retail,automotive_retail;automotive,"Operates automotive parts retail and distribution businesses, with additional activities or exposure across vehicle diagnostics and repair solutions.",1991,"Tennessee,  United States",https://www.autozone.com/,https://en.wikipedia.org/wiki/autozone_inc,https://x.com/autozone,5531,Auto & Home Supply Stores,44-45,Retail Trade,441,Motor Vehicle And Parts Dealers ,4413,"Automotive Parts, Accessories, And Tire Stores ",44131,Automotive Parts And Accessories Stores ,441310,Automotive Parts And Accessories Stores 
56,S&P 500,DJIA,,Americas,North America,United States,BA,The Boeing Company,Aerospace & Defense,Aerospace & Defense,aerospace_defense,aerospace_defense,"Designs, manufactures and supports commercial aircraft, defence systems and aerospace technologies.",1934,"Virginia,  United States",https://www.boeing.com/,https://en.wikipedia.org/wiki/boeing_company,https://x.com/boeing,3721,Aircraft,31-33,Manufacturing,336,Transportation Equipment Manufacturing,3364,Aerospace Product And Parts Manufacturing,33641,Aerospace Product And Parts Manufacturing,336411,Aircraft Manufacturing 
57,S&P 500,,,Americas,North America,United States,BAC,Bank Of America Corporation,Banking Services,Banking,banking,banking;wealth_management;investment_banking,"Provides retail, commercial and investment banking services, with additional activities or exposure across wealth management.",1998,"North Carolina,  United States",http://www.bankofamerica.com/,https://en.wikipedia.org/wiki/bank_of_america_corp,https://x.com/bankofamerica,6021,National Commercial Banks,52,Finance And Insurance,522,Credit Intermediation And Related Activities,5221,Depository Credit Intermediation ,52211,Commercial Banking ,522110,Commercial Banking 
58,S&P 500,,,Americas,North America,United States,BALL,Ball Corporation,Containers & Packaging,Packaging,packaging,packaging,Develops and supplies sustainable aluminium packaging products for beverage and consumer markets.,1922,"Colorado,  United States",https://www.ball.com,https://en.wikipedia.org/wiki/ball_corporation,https://x.com/ballcorphq,3411,Metal Cans,31-33,Manufacturing,332,Fabricated Metal Product Manufacturing,3324,"Boiler, Tank, And Shipping Container Manufacturing",33243,"Metal Can, Box, And Other Metal Container (Light Gauge) Manufacturing",332431,Metal Can Manufacturing 
59,S&P 500,,,Americas,North America,United States,BAX,Baxter International Inc.,Healthcare Equipment & Supplies,Medical Devices,medical_devices,medical_devices;diagnostics;pharmaceuticals,"Develops and supplies medical devices, hospital technologies and specialty pharmaceutical products.",1931,"Illinois,  United States",http://www.baxter.com/,https://en.wikipedia.org/wiki/baxter_international_inc.,https://x.com/baxter_intl,3841,Surgical & Medical Instruments & Apparatus,31-33,Manufacturing,339,Miscellaneous Manufacturing,3391,Medical Equipment And Supplies Manufacturing,33911,Medical Equipment And Supplies Manufacturing,339112,Surgical And Medical Instrument Manufacturing 
60,S&P 500,,,Americas,North America,United States,BBY,"Best Buy Co., Inc.",Specialty Retailers,Retail,retail,retail;consumer_electronics,"Operates consumer electronics retail businesses, with additional activities or exposure across technology services.",1966,"Minnesota,  United States",https://www.bestbuy.com/,https://en.wikipedia.org/wiki/best_buy_co._inc.,https://x.com/bestbuy,5731,"Radio, Tv & Consumer Electronics Stores",44-45,Retail Trade,443,Electronics And Appliance Stores ,4431,Electronics And Appliance Stores ,44314,Electronics And Appliance Stores ,443142,Electronics Stores 
61,S&P 500,,,Americas,North America,United States,BDX,"Becton, Dickinson And Company",Healthcare Equipment & Supplies,Medical Devices,medical_devices,medical_devices;diagnostics;laboratory_equipment,"Develops, manufactures and supplies medical devices, laboratory equipment and diagnostic technologies.",1906,"New Jersey,  United States",http://www.bd.com/,https://en.wikipedia.org/wiki/becton_dickinson,https://x.com/bdandco,3841,Surgical & Medical Instruments & Apparatus,31-33,Manufacturing,339,Miscellaneous Manufacturing,3391,Medical Equipment And Supplies Manufacturing,33911,Medical Equipment And Supplies Manufacturing,339112,Surgical And Medical Instrument Manufacturing 
62,S&P 500,,,Americas,North America,United States,BEN,"Franklin Resources, Inc.",Investment Banking & Investment Services,Investment Services,asset_management,asset_management;investment_services,"Provides asset-management, investment and related advisory services.",1969,"California,  United States",http://www.franklinresources.com/,https://en.wikipedia.org/wiki/franklin_resources,,6282,Investment Advice,52,Finance And Insurance,523,"Securities, Commodity Contracts, And Other Financial Investments And Related Activities",5239,Other Financial Investment Activities,52393,Investment Advice ,523930,Investment Advice 
63,S&P 500,,,Americas,North America,United States,BF.B,Brown-Forman Corporation,Beverages,Food & Beverage,beverages,beverages,"Produces, markets and distributes branded wines, spirits and related alcoholic beverages.",1933,"Kentucky,  United States",http://brown-forman.com,https://en.wikipedia.org/wiki/Brown–Forman,,2080,Beverages,31-33,Manufacturing,312,Beverage And Tobacco Product Manufacturing,3121,Beverage Manufacturing,31214,Distilleries,312140,Distilleries 
64,S&P 500,,,Americas,North America,United States,BG,Bunge Limited,Food & Tobacco,Food & Beverage,agriculture_inputs,agriculture_inputs;food_ingredients,"Processes agricultural commodities and supplies food ingredients, edible oils and nutrition products.",1995,"Missouri,  United States",http://www.bunge.com,https://en.wikipedia.org/wiki/Bunge_Limited,,2070,Fats & Oils,31-33,Manufacturing,311,Food Manufacturing,3112,Grain And Oilseed Milling,31122,Starch And Vegetable Fats And Oils Manufacturing,311225,Fats And Oils Refining And Blending 
65,S&P 500,,,Americas,North America,United States,BIIB,Biogen Inc.,Pharmaceuticals,Biotechnology,biotechnology,biotechnology;pharmaceuticals,"Develops biotechnology-based therapies and medicines focused on neurological, immunological and rare diseases.",1997,"Massachusetts,  United States",https://www.biogen.com/,https://en.wikipedia.org/wiki/biogen_inc.,https://x.com/biogen,2836,"Biological Products, (No Disgnostic Substances)",31-33,Manufacturing,325,Chemical Manufacturing,3254,Pharmaceutical And Medicine Manufacturing,32541,Pharmaceutical And Medicine Manufacturing,325412,Pharmaceutical Preparation Manufacturing 
66,S&P 500,,,Americas,North America,United States,BK,The Bank Of New York Mellon Corporation,Investment Banking & Investment Services,Investment Services,custody_services,custody_services;asset_management;wealth_management,"Provides custody, asset servicing, investment management and wealth-management services.",2007,"New York,  United States",http://bnymellon.com/,https://en.wikipedia.org/wiki/the_bank_of_new_york_mellon,https://x.com/bnymellon,6022,State Commercial Banks,52,Finance And Insurance,523,"Securities, Commodity Contracts, And Other Financial Investments And Related Activities",5239,Other Financial Investment Activities,52392,Portfolio Management,523920,Portfolio Management
67,S&P 500,,Nasdaq 100,Americas,North America,United States,BKNG,Booking Holdings Inc.,Hotels & Entertainment Services,"Leisure, Hospitality & Travel",digital_marketplaces,digital_marketplaces;travel_services,"Operates digital travel marketplaces, reservation platforms and related hospitality services.",1998,"Connecticut,  United States",https://www.bookingholdings.com/,https://en.wikipedia.org/wiki/booking_holdings_inc,https://x.com/bookingholdings,4700,Transportation Services,56,"Administrative Support, Waste Management & Remediation Services",561,Administrative And Support Services,5614,Business Support Services,56149,Other Business Support Services,561499,All Other Business Support Services 
68,S&P 500,,Nasdaq 100,Americas,North America,United States,BKR,Baker Hughes Company,Oil & Gas Related Equipment and Services,Energy Equipment & Services,energy_equipment,energy_equipment;industrial_machinery,"Develops energy technologies, industrial equipment and engineering services for energy markets.",2016,"Texas,  United States",http://www.bakerhughes.com/,https://en.wikipedia.org/wiki/baker_hughes,https://x.com/bakerhughesco,3533,Oil & Gas Field Machinery & Equipment,31-33,Manufacturing,333,Machinery Manufacturing,3331,"Agriculture, Construction, And Mining Machinery Manufacturing",33313,Mining And Oil And Gas Field Machinery Manufacturing,333132,Oil And Gas Field Machinery And Equipment Manufacturing 
69,S&P 500,,,Americas,North America,United States,BLDR,Builders FirstSource,Homebuilding & Construction Supplies,Residential Construction,building_products,building_products;industrial_distribution,"Manufactures, supplies and installs building materials and construction products for residential markets.",1998,"Texas,  United States","	bldr.com",https://en.wikipedia.org/wiki/Builders_FirstSource,https://x.com/BldrFirstSource,5211,Retail-Lumber & Other Building Materials Dealers,42,Wholesale Trade,423,"Merchant Wholesalers, Durable Goods ",4233,Lumber And Other Construction Materials Merchant Wholesalers ,42331,"Lumber, Plywood, Millwork, And Wood Panel Merchant Wholesalers ",423310,"Lumber, Plywood, Millwork, And Wood Panel Merchant Wholesalers "
70,S&P 500,,,Americas,North America,United States,BLK,"Blackrock, Inc.",Investment Banking & Investment Services,Investment Services,asset_management,asset_management;financial_technology,"Provides asset-management, investment and related technology services.",2006,"New York,  United States",http://www.blackrock.com/,https://en.wikipedia.org/wiki/blackrock,https://x.com/blackrock,6211,"Security Brokers, Dealers & Flotation Companies",52,Finance And Insurance,523,"Securities, Commodity Contracts, And Other Financial Investments And Related Activities",5231,Securities And Commodity Contracts Intermediation And Brokerage,52312,Securities Brokerage ,523120,Securities Brokerage 
71,S&P 500,,,Americas,North America,United States,BMY,Bristol-Myers Squibb Company,Pharmaceuticals,Pharmaceuticals,pharmaceuticals,pharmaceuticals;biotechnology,"Develops, manufactures and markets pharmaceutical products, with additional activities or exposure across biotechnology.",1933,"New Jersey,  United States",http://www.bms.com/,https://en.wikipedia.org/wiki/bristol-myers_squibb,https://x.com/bmsnews,2834,Pharmaceutical Preparations,31-33,Manufacturing,325,Chemical Manufacturing,3254,Pharmaceutical And Medicine Manufacturing,32541,Pharmaceutical And Medicine Manufacturing,325412,Pharmaceutical Preparation Manufacturing 
72,S&P 500,,,Americas,North America,United States,BR,"Broadridge Financial Solutions, Inc.",Professional & Commercial Services,Professional Services,financial_technology,financial_technology;capital_markets,"Develops financial technology, investor communications and capital-markets infrastructure solutions.",2006,"New York,  United States",https://www.broadridge.com/,https://en.wikipedia.org/wiki/broadridge_financial_solutions,https://x.com/broadridge,7389,"Business Services, Nec",56,"Administrative Support, Waste Management & Remediation Services",561,Administrative And Support Services,5614,Business Support Services,56149,Other Business Support Services,561499,All Other Business Support Services 
73,S&P 500,,,Americas,North America,United States,BRK.B,"Berkshire Hathaway Inc.,",Consumer Goods Conglomerates,Holding Companies,holding_companies,holding_companies;insurance;utilities,"Owns and manages diversified businesses, with additional activities or exposure across insurance, utilities, manufacturing and transportation.",1998,"Nebraska,  United States",https://berkshirehathaway.com,https://en.wikipedia.org/wiki/Berkshire_Hathaway,,6331,"Fire, Marine & Casualty Insurance",52,Finance And Insurance,524,Insurance Carriers And Related Activities,5241,Insurance Carriers,52412,"Direct Insurance (Except Life, Health, And Medical) Carriers ",524126,Direct Property And Casualty Insurance Carriers 
74,S&P 500,,,Americas,North America,United States,BRO,"Brown & Brown, Inc.",Insurance,Insurance,insurance_brokerage,insurance_brokerage;insurance,"Provides insurance brokerage, risk-management and related advisory services.",1959,"Florida,  United States",https://www.bbinsurance.com,https://en.wikipedia.org/wiki/brown_%26_brown,,6411,"Insurance Agents, Brokers & Service",52,Finance And Insurance,524,Insurance Carriers And Related Activities,5242,"Agencies, Brokerages, And Other Insurance Related Activities",52421,Insurance Agencies And Brokerages ,524210,Insurance Agencies And Brokerages 
75,S&P 500,,,Americas,North America,United States,BSX,Boston Scientific Corporation,Healthcare Equipment & Supplies,Medical Devices,medical_devices,medical_devices,"Develops, manufactures and supplies medical devices used across cardiovascular, endoscopy, urology and neuromodulation markets.",1979,"Massachusetts,  United States",http://www.bostonscientific.com/,https://en.wikipedia.org/wiki/boston_scientific,https://x.com/bostonsci,3841,Surgical & Medical Instruments & Apparatus,31-33,Manufacturing,339,Miscellaneous Manufacturing,3391,Medical Equipment And Supplies Manufacturing,33911,Medical Equipment And Supplies Manufacturing,339112,Surgical And Medical Instrument Manufacturing 
76,S&P 500,,,Americas,North America,United States,BWA,Borgwarner Inc.,Automobiles & Auto Parts,Automotive,automotive_components,automotive_components;electric_vehicles,"Develops and supplies automotive propulsion, drivetrain and electrification technologies.",1987,"Michigan,  United States",https://www.borgwarner.com/,https://en.wikipedia.org/wiki/borgwarner,https://x.com/borgwarner,3714,Motor Vehicle Parts & Accessories,31-33,Manufacturing,336,Transportation Equipment Manufacturing,3363,Motor Vehicle Parts Manufacturing,33639,Other Motor Vehicle Parts Manufacturing,336390,Other Motor Vehicle Parts Manufacturing
77,S&P 500,,,Americas,North America,United States,BXP,"Boston Properties, Inc.",Residential & Commercial REIT,Real Estate Investment Trusts (REITs),commercial_real_estate,commercial_real_estate,"Owns, develops and manages commercial office and mixed-use real-estate assets.",1997,"Massachusetts,  United States",http://www.bostonproperties.com/,https://en.wikipedia.org/wiki/boston_properties,https://x.com/bxpboston,6798,Real Estate Investment Trusts,52,Finance And Insurance,525,"Funds, Trusts, And Other Financial Vehicles ",5259,Other Investment Pools And Funds,52599,Other Financial Vehicles ,525990,Other Financial Vehicles 
78,S&P 500,,,Americas,North America,United States,C,Citigroup Inc.,Investment Banking & Investment Services,Banking,banking,banking;investment_banking;wealth_management,"Provides retail, commercial and investment banking services, with additional activities or exposure across wealth management.",1988,"New York,  United States",http://www.citigroup.com/,https://en.wikipedia.org/wiki/citigroup_inc.,https://x.com/citi,6021,National Commercial Banks,52,Finance And Insurance,522,Credit Intermediation And Related Activities,5221,Depository Credit Intermediation ,52211,Commercial Banking ,522110,Commercial Banking 
79,S&P 500,,,Americas,North America,United States,CAH,"Cardinal Health, Inc.",Pharmaceuticals,Pharmaceuticals,pharmaceutical_distribution,pharmaceutical_distribution;medical_devices,"Distributes pharmaceutical products, medical supplies and related healthcare services.",1979,"Ohio,  United States",http://www.cardinalhealth.com/,https://en.wikipedia.org/wiki/cardinal_health_inc.,https://x.com/cardinalhealth,5122,"Wholesale-Drugs, Proprietaries & Druggists' Sundries",42,Wholesale Trade,424,"Merchant Wholesalers, Nondurable Goods ",4242,Drugs And Druggists' Sundries Merchant Wholesalers ,42421,Drugs And Druggists' Sundries Merchant Wholesalers ,424210,Drugs And Druggists' Sundries Merchant Wholesalers 
80,S&P 500,,,Americas,North America,United States,CARR,Carrier Global Corporation,"Machinery, Equipment & Components",Machinery,climate_technology,climate_technology;industrial_machinery,"Develops heating, ventilation, air-conditioning, refrigeration and energy-management technologies.",2019,"Florida,  United States",http://www.corporate.carrier.com/,https://en.wikipedia.org/wiki/carrier_global,https://x.com/carrier,3585,Air-Cond & Warm Air Heatg Equip & Comm & Indl Refrig Equip,31-33,Manufacturing,333,Machinery Manufacturing,3334,"Ventilation, Heating, Air-Conditioning, And Commercial Refrigeration Equipment Manufacturing",33341,"Ventilation, Heating, Air-Conditioning, And Commercial Refrigeration Equipment Manufacturing",333415,Air-Conditioning And Warm Air Heating Equipment And Commercial And Industrial Refrigeration Equipment Manufacturing 
81,S&P 500,,,Americas,North America,United States,CASY,Casey's,Food & Drug Retailing,Food Retail,food_retail,food_retail;fuel_retail,"Operates convenience stores, food retail and fuel distribution businesses.",1968,"Iowa, United States",https://www.caseys.com/,https://en.wikipedia.org/wiki/Casey%27s,https://x.com/caseysgenstore,5411,Retail-Grocery Stores,44-45,Retail Trade,445,Food And Beverage Retailers,4451,Grocery And Convenience Retailers,44513,Convenience Retailers And Vending Machine Operators,445131,Convenience Retailers
82,S&P 500,DJIA,,Americas,North America,United States,CAT,Caterpillar Inc.,"Machinery, Equipment & Components",Machinery,industrial_machinery,industrial_machinery;construction_equipment;mining_equipment;power_systems,"Designs, manufactures and services construction, mining and industrial equipment, with additional activities or exposure across power systems, rail and financial services.",1986,"Texas,  United States",https://www.caterpillar.com/,https://en.wikipedia.org/wiki/caterpillar_inc.,https://x.com/caterpillarinc,3531,Construction Machinery & Equip,31-33,Manufacturing,333,Machinery Manufacturing,3331,"Agriculture, Construction, And Mining Machinery Manufacturing",33312,Construction Machinery Manufacturing,333120,Construction Machinery Manufacturing
83,S&P 500,,,"Europe, The Middle East and Africa",Western Europe,Switzerland,CB,Chubb Ltd,Insurance,Insurance,insurance,insurance;reinsurance,"Provides insurance, reinsurance and related risk-management services.",2008,"Zurich,  Switzerland",http://www.chubb.com/,https://en.wikipedia.org/wiki/chubb_limited,https://x.com/chubb,6331,"Fire, Marine & Casualty Insurance",52,Finance And Insurance,524,Insurance Carriers And Related Activities,5241,Insurance Carriers,52412,"Direct Insurance (Except Life, Health, And Medical) Carriers ",524126,Direct Property And Casualty Insurance Carriers 
84,S&P 500,,,Americas,North America,United States,CBOE,"Cboe Global Markets, Inc.",Investment Banking & Investment Services,Capital Markets & Advisory,exchange_services,exchange_services;capital_markets,"Operates securities and derivatives exchanges, clearing and capital-markets infrastructure.",2006,"Illinois,  United States",http://www.cboe.com/,https://en.wikipedia.org/wiki/cboe_global_markets,https://x.com/cboe,6200,"Security & Commodity Brokers, Dealers, Exchanges & Services",52,Finance And Insurance,523,"Securities, Commodity Contracts, And Other Financial Investments And Related Activities",5232,Securities And Commodity Exchanges,52321,Securities And Commodity Exchanges,523210,Securities And Commodity Exchanges
85,S&P 500,,,Americas,North America,United States,CBRE,"Cbre Group, Inc.",Real Estate Operations,Real Estate,real_estate_services,real_estate_services;property_management,"Provides commercial real-estate, property-management and investment services.",2001,"Texas,  United States",http://www.cbre.com/,https://en.wikipedia.org/wiki/cbre_group,https://x.com/cbreamericas,6500,Real Estate,52,Finance And Insurance,522,Credit Intermediation And Related Activities,5222,Nondepository Credit Intermediation ,52229,Other Nondepository Credit Intermediation ,522292,Real Estate Credit
86,,,Nasdaq 100,"Europe, The Middle East and Africa",Western Europe,United Kingdom,CCEP,Coca-Cola Europacific Partners,Beverages,Food & Beverage,beverages,beverages,"Produces, markets and distributes non-alcoholic beverages and related consumer products.",2015,"Uxbridge, United Kingdom","	www.cocacolaep.com",https://en.wikipedia.org/wiki/Coca-Cola_Europacific_Partners,https://x.com/cocacolaep,2086,Bottled & Canned Soft Drinks Carbonated Waters,31-33,Manufacturing,312,Beverage And Tobacco Product Manufacturing,3121,Beverage Manufacturing,31211,Soft Drink And Ice Manufacturing,312111,Soft Drink Manufacturing 
87,S&P 500,,,Americas,North America,United States,CCI,Crown Castle Inc.,Residential & Commercial REIT,Real Estate Investment Trusts (REITs),communications_infrastructure,communications_infrastructure,"Owns, develops and operates communications infrastructure and related real-estate assets.",2014,"Texas,  United States",http://www.crowncastle.com/,https://en.wikipedia.org/wiki/crown_castle_international_corp.,https://x.com/crowncastle,6798,Real Estate Investment Trusts,52,Finance And Insurance,525,"Funds, Trusts, And Other Financial Vehicles ",5259,Other Investment Pools And Funds,52599,Other Financial Vehicles ,525990,Other Financial Vehicles 
88,S&P 500,,,Americas,North America,United States,CCL,Carnival Corp,Hotels & Entertainment Services,"Leisure, Hospitality & Travel",cruise_operations,cruise_operations;travel_services,Operates cruise lines and related leisure travel services.,1974,"Florida,  United States",https://www.carnivalcorp.com/,https://en.wikipedia.org/wiki/carnival_corp.,https://x.com/carnivalplc,4400,Water Transportation,48-49,Transportation And Warehousing,487,Scenic And Sightseeing Transportation,4871,"Scenic And Sightseeing Transportation, Land",48711,"Scenic And Sightseeing Transportation, Land",487110,"Scenic And Sightseeing Transportation, Land"
89,S&P 500,,Nasdaq 100,Americas,North America,United States,CDNS,"Cadence Design Systems, Inc.",Software & IT Services,Software & Digital Services,enterprise_software,enterprise_software;semiconductor_design,Develops electronic-design automation software and semiconductor design technologies.,1987,"California,  United States",https://www.cadence.com/,https://en.wikipedia.org/wiki/cadence_design_systems,https://x.com/cadence,7372,Prepackaged Software,51,Information,511,Publishing Industries (Except Internet),5112,Software Publishers,51121,Software Publishers,511210,Software Publishers
90,S&P 500,,,Americas,North America,United States,CDW,Cdw Corporation,Integrated Hardware & Software,Technology Platforms,technology_reseller,technology_reseller;cloud_services;cybersecurity,"Provides information-technology products, cloud solutions and managed technology services.",2007,"Illinois,  United States",https://www.cdw.com/,https://en.wikipedia.org/wiki/cdw,https://x.com/cdwcorp,5961,Catalog & Mail-Order Houses,54,"Professional, Scientific, And Technical Services",541,"Professional, Scientific, And Technical Services",5415,Computer Systems Design And Related Services,54151,Computer Systems Design And Related Services,541519,Other Computer Related Services
91,S&P 500,,Nasdaq 100,Americas,North America,United States,CEG,Constellation Energy Corporation.,Electrical Utilities & IPPs,Utilities,electricity_generation,electricity_generation;renewable_energy,"Generates and supplies electricity, with additional activities or exposure across nuclear, renewable and natural-gas generation.",2021,"Maryland,  United States",https://constellationenergy.com,https://en.wikipedia.org/wiki/constellation_energy,https://x.com/cegcleanenergy,4911,Electric Services,22,Utilities,221,Utilities,2211,"Electric Power Generation, Transmission And Distribution",22111,Electric Power Generation,221118,Other Electric Power Generation 
92,S&P 500,,,Americas,North America,United States,CF,"Cf Industries Holdings, Inc.",Chemicals,Chemicals,chemicals,chemicals;agriculture_inputs,"Produces nitrogen, hydrogen and related chemical products for agricultural and industrial markets.",2005,"Illinois,  United States",http://www.cfindustries.com,https://en.wikipedia.org/wiki/cf_industries_holdings_inc,https://x.com/cfindustries,2870,Agricultural Chemicals,31-33,Manufacturing,325,Chemical Manufacturing,3253,"Pesticide, Fertilizer, And Other Agricultural Chemical Manufacturing",32531,Fertilizer Manufacturing,325311,Nitrogenous Fertilizer Manufacturing 
93,S&P 500,,,Americas,North America,United States,CFG,"Citizens Financial Group, Inc.",Banking Services,Banking,banking,banking;wealth_management,"Provides retail, commercial and consumer banking services, with additional activities or exposure across wealth management.",1984,"Rhode Island,  United States",http://www.citizensbank.com/,https://en.wikipedia.org/wiki/citizens_financial_group,https://x.com/citizensbank,6022,State Commercial Banks,52,Finance And Insurance,522,Credit Intermediation And Related Activities,5221,Depository Credit Intermediation ,52211,Commercial Banking ,522110,Commercial Banking 
94,S&P 500,,,Americas,North America,United States,CHD,"Church & Dwight Co., Inc.",Personal & Household Products & Services,Household Products,household_products,household_products;consumer_products,"Develops, manufactures and markets household, personal-care and specialty consumer products.",1925,"New Jersey,  United States",https://churchdwight.com/,https://en.wikipedia.org/wiki/church_%26_dwight,,2840,"Soap, Detergents, Cleang Preparations, Perfumes, Cosmetics",31-33,Manufacturing,325,Chemical Manufacturing,3256,"Soap, Cleaning Compound, And Toilet Preparation Manufacturing",32561,Soap And Cleaning Compound Manufacturing,325611,Soap And Other Detergent Manufacturing 
95,S&P 500,,,Americas,North America,United States,CHRW,"C.H. Robinson Worldwide, Inc.",Freight & Logistics Services,Logistics,logistics,logistics;supply_chain,"Provides freight transportation, logistics and supply-chain management services.",1997,"Minnesota,  United States",http://www.chrobinson.com/,https://en.wikipedia.org/wiki/c._h._robinson_worldwide,https://x.com/chrobinson,4731,Arrangement Of Transportation Of Freight & Cargo,48-49,Transportation And Warehousing,488,Support Activities For Transportation,4885,Freight Transportation Arrangement,48851,Freight Transportation Arrangement,488510,Freight Transportation Arrangement
96,S&P 500,,,Americas,North America,United States,CHTR,"Charter Communications, Inc.",Telecommunications Services,Telecommunications,telecommunications,telecommunications;broadband,"Provides broadband, mobile, video and telecommunications services.",2003,"Missouri,  United States",https://www.spectrum.com/,https://en.wikipedia.org/wiki/charter_communications,https://x.com/charternewsroom,4841,Cable & Other Pay Television Services,51,Information,515,Broadcasting (Except Internet),5152,Cable And Other Subscription Programming,51521,Cable And Other Subscription Programming,515210,Cable And Other Subscription Programming
97,S&P 500,,,Americas,North America,United States,CI,The Cigna Group,Healthcare Providers & Services,Healthcare Providers & Services,healthcare_services,healthcare_services;pharmacy_benefits,"Provides health insurance, pharmacy-benefit management and related healthcare services.",2018,"Connecticut,  United States",http://www.cigna.com/,https://en.wikipedia.org/wiki/cigna_corp.,https://x.com/cigna,6324,Hospital & Medical Service Plans,52,Finance And Insurance,524,Insurance Carriers And Related Activities,5241,Insurance Carriers,52411,"Direct Life, Health, And Medical Insurance Carriers ",524114,Direct Health And Medical Insurance Carriers 
98,S&P 500,,,Americas,North America,United States,CIEN,Ciena,Communications & Networking,Communications Equipment,networking_equipment,networking_equipment;enterprise_software,"Develops networking equipment, software and related communications technologies.",1992,"Maryland, United States",https://www.ciena.com/,https://en.wikipedia.org/wiki/Ciena,https://x.com/ciena,3661,Telephone And Telegraph Apparatus,31-33,Manufacturing,334,Computer And Electronic Product Manufacturing,3342,Communications Equipment Manufacturing,33429,Other Communications Equipment Manufacturing,334290,Other Communications Equipment Manufacturing
99,S&P 500,,,Americas,North America,United States,CINF,Cincinnati Financial Corporation,Insurance,Insurance,insurance,insurance,"Provides commercial, personal and life insurance products and related investment services.",1992,"Ohio,  United States",http://www.cinfin.com/,https://en.wikipedia.org/wiki/cincinnati_financial,,6331,"Fire, Marine & Casualty Insurance",52,Finance And Insurance,524,Insurance Carriers And Related Activities,5241,Insurance Carriers,52412,"Direct Insurance (Except Life, Health, And Medical) Carriers ",524126,Direct Property And Casualty Insurance Carriers 
100,S&P 500,,,Americas,North America,United States,CL,Colgate-Palmolive Company,Personal & Household Products & Services,Household Products,household_products,household_products;consumer_products,"Develops, manufactures and markets oral care, personal care, household and pet nutrition products.",1923,"New York,  United States",https://www.colgatepalmolive.com/,https://en.wikipedia.org/wiki/colgate-palmolive,https://x.com/cp_news,2844,"Perfumes, Cosmetics & Other Toilet Preparations",31-33,Manufacturing,325,Chemical Manufacturing,3256,"Soap, Cleaning Compound, And Toilet Preparation Manufacturing",32561,Soap And Cleaning Compound Manufacturing,325611,Soap And Other Detergent Manufacturing 
101,S&P 500,,,Americas,North America,United States,CLX,The Clorox Company,Personal & Household Products & Services,Household Products,household_products,household_products;consumer_products,"Develops, manufactures and markets household cleaning, disinfecting and consumer products.",1986,"California,  United States",https://www.thecloroxcompany.com/,https://en.wikipedia.org/wiki/the_clorox_company,https://x.com/cloroxco,2842,"Specialty Cleaning, Polishing And Sanitation Preparations",81,Other Services (Except Public Administration),812,Personal And Laundry Services,8123,Drycleaning And Laundry Services ,81232,Drycleaning And Laundry Services (Except Coin-Operated) ,812320,Drycleaning And Laundry Services (Except Coin-Operated) 
102,S&P 500,,Nasdaq 100,Americas,North America,United States,CMCSA,Comcast Corporation,Telecommunications Services,Telecommunications,telecommunications,telecommunications;media_entertainment,"Provides broadband, telecommunications, media, entertainment and streaming services.",2001,"Pennsylvania,  United States",https://corporate.comcast.com/,https://en.wikipedia.org/wiki/comcast_corp.,https://x.com/comcast,4841,Cable & Other Pay Television Services,51,Information,515,Broadcasting (Except Internet),5152,Cable And Other Subscription Programming,51521,Cable And Other Subscription Programming,515210,Cable And Other Subscription Programming
103,S&P 500,,,Americas,North America,United States,CME,Cme Group Inc.,Investment Banking & Investment Services,Capital Markets & Advisory,exchange_services,exchange_services;capital_markets,"Operates derivatives exchanges, clearing services and capital-markets infrastructure.",2001,"Illinois,  United States",http://www.cmegroup.com/,https://en.wikipedia.org/wiki/cme_group_inc.,https://x.com/cmegroup,6200,"Security & Commodity Brokers, Dealers, Exchanges & Services",52,Finance And Insurance,523,"Securities, Commodity Contracts, And Other Financial Investments And Related Activities",5232,Securities And Commodity Exchanges,52321,Securities And Commodity Exchanges,523210,Securities And Commodity Exchanges
104,S&P 500,,,Americas,North America,United States,CMG,"Chipotle Mexican Grill, Inc.",Hotels & Entertainment Services,"Leisure, Hospitality & Travel",restaurants,restaurants,Operates quick-service restaurant chains specialising in freshly prepared food.,1998,"California,  United States",https://www.chipotle.com/,https://en.wikipedia.org/wiki/chipotle_mexican_grill,https://x.com/chipotletweets,5812,Eating Places,72,Accommodation And Food Services,722,Food Services And Drinking Places,7225,Restaurants And Other Eating Places,72251,Restaurants And Other Eating Places,722513,Limited-Service Restaurants 
105,S&P 500,,,Americas,North America,United States,CMI,Cummins Inc.,Automobiles & Auto Parts,Machinery,industrial_machinery,industrial_machinery;power_systems,"Develops engines, power systems and industrial technologies for commercial and industrial markets.",1919,"Indiana,  United States",http://www.cumminseurope.com/,https://en.wikipedia.org/wiki/cummins_inc.,https://x.com/cummins,3510,Engines & Turbines,31-33,Manufacturing,333,Machinery Manufacturing,3336,"Engine, Turbine, And Power Transmission Equipment Manufacturing",33361,"Engine, Turbine, And Power Transmission Equipment Manufacturing",333618,Other Engine Equipment Manufacturing 
106,S&P 500,,,Americas,North America,United States,CMS,Cms Energy Corporation,Multiline Utilities,Utilities,utilities,utilities;electricity_generation,"Generates, distributes and supplies electricity and natural gas services.",1987,"Michigan,  United States",http://www.cmsenergy.com/,https://en.wikipedia.org/wiki/cms_energy,https://x.com/consumersenergy,4931,Electric & Other Services Combined,22,Utilities,221,Utilities,2211,"Electric Power Generation, Transmission And Distribution",22111,Electric Power Generation,221118,Other Electric Power Generation 
107,S&P 500,,,Americas,North America,United States,CNC,Centene Corporation,Healthcare Providers & Services,Healthcare Providers & Services,healthcare_services,healthcare_services;health_insurance,"Provides managed healthcare, insurance and related healthcare services.",2001,"Missouri,  United States",http://www.centene.com/,https://en.wikipedia.org/wiki/centene_corporation,https://x.com/centene,6324,Hospital & Medical Service Plans,52,Finance And Insurance,524,Insurance Carriers And Related Activities,5241,Insurance Carriers,52411,"Direct Life, Health, And Medical Insurance Carriers ",524114,Direct Health And Medical Insurance Carriers 
108,S&P 500,,,Americas,North America,United States,CNP,"Centerpoint Energy, Inc.",Multiline Utilities,Utilities,utilities,utilities;natural_gas,"Provides electricity transmission, distribution and natural-gas utility services.",2001,"Texas,  United States",http://www.centerpointenergy.com/,https://en.wikipedia.org/wiki/centerpoint_energy,https://x.com/centerpoint,4911,Electric Services,22,Utilities,221,Utilities,2212,Natural Gas Distribution,22121,Natural Gas Distribution,221210,Natural Gas Distribution 
109,S&P 500,,,Americas,North America,United States,COF,Capital One Financial Corporation,Banking Services,Banking,banking,banking;consumer_finance,"Provides consumer, commercial and digital banking services.",1994,"Virginia,  United States",http://www.capitalone.com/,https://en.wikipedia.org/wiki/capital_one_financial,https://x.com/capitalone,6021,National Commercial Banks,52,Finance And Insurance,522,Credit Intermediation And Related Activities,5222,Nondepository Credit Intermediation ,52221,Credit Card Issuing ,522210,Credit Card Issuing 
110,S&P 500,,,Americas,North America,United States,COHR,Coherent Corp.,Electronic Equipment & Parts,Electronics,photonics,photonics;electronics,"Develops lasers, optical communications technologies and electronic components.",1971,"Pennsylvania, United States",https://www.coherent.com/,https://en.wikipedia.org/wiki/Coherent_Corp.,https://x.com/coherentcorp,3674,Semiconductors And Related Devices,31-33,Manufacturing,334,Computer And Electronic Product Manufacturing,3344,Semiconductor And Other Electronic Component Manufacturing,33441,Semiconductor And Other Electronic Component Manufacturing,334413,Semiconductor And Related Device Manufacturing
111,S&P 500,,,Americas,North America,United States,COIN,Coinbase,Financial Technology (Fintech) & Infrastructure,FinTech,cryptocurrency,cryptocurrency;financial_technology,"Operates digital asset trading platforms, custody services and blockchain infrastructure.",2014,"New York,  United States",https://www.coinbase.com/,https://en.wikipedia.org/wiki/Coinbase,,6199,Finance Services,52,Finance And Insurance,522,Credit Intermediation And Related Activities,5221,Depository Credit Intermediation ,52219,Other Depository Credit Intermediation ,522190,Other Depository Credit Intermediation 
112,S&P 500,,,Americas,North America,United States,COO,"The Cooper Companies, Inc.",Healthcare Equipment & Supplies,Medical Devices,medical_devices,medical_devices;healthcare_services,"Develops contact lenses, fertility technologies and women's healthcare products.",1980,"California,  United States",http://www.coopercos.com/,https://en.wikipedia.org/wiki/the_cooper_companies,https://x.com/CooperCompany,3851,Ophthalmic Goods,31-33,Manufacturing,339,Miscellaneous Manufacturing,3391,Medical Equipment And Supplies Manufacturing,33911,Medical Equipment And Supplies Manufacturing,339115,Ophthalmic Goods Manufacturing 
113,S&P 500,,,Americas,North America,United States,COP,Conocophillips,Oil & Gas,Oil & Gas,oil_gas,oil_gas,"Explores, produces and markets crude oil, natural gas and related energy products.",2001,"Texas,  United States",http://www.conocophillips.com/,https://en.wikipedia.org/wiki/conocophillips,https://x.com/conocophillips,2911,Petroleum Refining,31-33,Manufacturing,324,Petroleum And Coal Products Manufacturing,3241,Petroleum And Coal Products Manufacturing,32411,Petroleum Refineries,324110,Petroleum Refineries
114,S&P 500,,,Americas,North America,United States,COR,Cencora,Healthcare Equipment & Supplies,Pharmaceuticals,pharmaceutical_distribution,pharmaceutical_distribution;healthcare_services,Distributes pharmaceutical products and provides related healthcare supply-chain services.,2001,"Pennsylvania,  United States","	cencora.com",https://en.wikipedia.org/wiki/Cencora,https://x.com/healthcare_abc,5122,Wholesale-Drugs Proprietaries & Druggists' Sundries,42,Wholesale Trade,424,"Merchant Wholesalers, Nondurable Goods ",4242,Drugs And Druggists' Sundries Merchant Wholesalers ,42421,Drugs And Druggists' Sundries Merchant Wholesalers ,424210,Drugs And Druggists' Sundries Merchant Wholesalers 
115,S&P 500,,Nasdaq 100,Americas,North America,United States,COST,Costco Wholesale Corporation,Diversified Retail,Retail,retail,retail;wholesale_distribution,Operates membership warehouse retail and e-commerce businesses.,1987,"Washington,  United States",https://www.costco.com/,https://en.wikipedia.org/wiki/costco_wholesale_corp.,https://x.com/costco,5331,Variety Stores,44-45,Retail Trade,452,General Merchandise Stores ,4523,"General Merchandise Stores, Including Warehouse Clubs And Supercenters ",45231,"General Merchandise Stores, Including Warehouse Clubs And Supercenters ",452319,All Other General Merchandise Stores 
116,S&P 500,,,Americas,North America,United States,CPAY,Corpay,Professional & Commercial Services,FinTech,payments,payments;financial_technology,"Provides corporate payment, expense-management and commercial payment solutions.",1998,"Georgia,  United States","	corpay.com",https://en.wikipedia.org/wiki/Corpay,,7389,"Services-Business Services, Nec",54,"Professional, Scientific, And Technical Services",541,"Professional, Scientific, And Technical Services",5412,"Accounting, Tax Preparation, Bookkeeping, And Payroll Services",54121,"Accounting, Tax Preparation, Bookkeeping, And Payroll Services",541214,Payroll Services 
117,S&P 500,,Nasdaq 100,Americas,North America,United States,CPRT,"Copart, Inc.",Food & Tobacco,Technology Platforms,digital_marketplaces,digital_marketplaces;automotive,Operates online vehicle remarketing and auction marketplaces.,2012,"Texas,  United States",https://www.copart.com/,https://en.wikipedia.org/wiki/copart_inc,https://x.com/CopartCanada,5500,Auto Dealers & Gasoline Stations,44-45,Retail Trade,441,Motor Vehicle And Parts Dealers ,4411,Automobile Dealers ,44112,Used Car Dealers ,441120,Used Car Dealers 
118,S&P 500,,,Americas,North America,United States,CPT,Camden Property Trust,Software & IT Services,Real Estate Investment Trusts (REITs),residential_real_estate,residential_real_estate,"Owns, develops and manages multifamily residential real-estate assets.",1981,"Texas,  United States",https://www.camdenliving.com,https://en.wikipedia.org/wiki/camden_property_trust,,6798,Real Estate Investment Trusts,52,Finance And Insurance,525,"Funds, Trusts, And Other Financial Vehicles ",5259,Other Investment Pools And Funds,52599,Other Financial Vehicles ,525990,Other Financial Vehicles 
119,S&P 500,,,"Europe, The Middle East and Africa",Western Europe,Ireland,CRH,CRH,Residential & Commercial REIT,Construction Materials,construction_materials,construction_materials,"Manufactures and supplies aggregates, cement, concrete and building materials.",1970,"Dublin,  Ireland",https://www.crh.com/,https://en.wikipedia.org/wiki/CRH_plc,,3241,"Cement, Hydraulic",31-33,Manufacturing,327,Nonmetallic Mineral Product Manufacturing,3273,Cement and Concrete Product Manufacturing,32732,Ready-mix Concrete Manufacturing,327320,Ready-mix Concrete Manufacturing
120,S&P 500,,,Americas,North America,United States,CRL,"Charles River Laboratories International, Inc.",Biotechnology & Medical Research,Biotechnology,biotechnology,biotechnology;research_services,"Provides research, laboratory and drug-development services for pharmaceutical and biotechnology companies.",1994,"Massachusetts,  United States",https://www.criver.com,https://en.wikipedia.org/wiki/charles_river_laboratories,https://x.com/criverlabs,8731,Commercial Physical & Biological Research,54,"Professional, Scientific, And Technical Services",541,"Professional, Scientific, And Technical Services",5417,Scientific Research And Development Services,54171,"Research And Development In The Physical, Engineering, And Life Sciences",541714,Research And Development In Biotechnology (Except Nanobiotechnology)
121,S&P 500,DJIA,,Americas,North America,United States,CRM,"Salesforce, Inc.",Software & IT Services,Software & Digital Services,enterprise_software,enterprise_software;artificial_intelligence,"Develops enterprise software, customer relationship management and AI-powered business platforms.",1999,"California,  United States",https://www.salesforce.com/,https://en.wikipedia.org/wiki/salesforce.com,https://x.com/salesforce,7372,Prepackaged Software,51,Information,511,Publishing Industries (Except Internet),5112,Software Publishers,51121,Software Publishers,511210,Software Publishers
122,S&P 500,,Nasdaq 100,Americas,North America,United States,CRWD,"Crowdstrike Holdings, Inc.",Software & IT Services,Cybersecurity,cybersecurity,cybersecurity;cloud_services;artificial_intelligence,Develops cloud-native cybersecurity and threat-intelligence platforms.,2011,"Texas,  United States",https://www.crowdstrike.com,https://en.wikipedia.org/wiki/CrowdStrike,https://x.com/CrowdStrike,7372,Prepackaged Software,51,Information,511,Publishing Industries (Except Internet),5112,Software Publishers,51121,Software Publishers,511210,Software Publishers
123,,,Nasdaq 100,Americas,North America,United States,CRWV,CoreWeave,Software & IT Services,Technology Platforms,cloud_infrastructure,cloud_infrastructure;artificial_intelligence,Provides cloud infrastructure and GPU computing platforms for artificial intelligence workloads.,2017,"New Jersey, United States",https://www.coreweave.com/,https://en.wikipedia.org/wiki/CoreWeave,https://x.com/coreweave,7374,Computer Processing And Data Preparation And Processing Services,51,Information,518,"Computing Infrastructure Providers, Data Processing, Web Hosting, And Related Services",5182,"Computing Infrastructure Providers, Data Processing, Web Hosting, And Related Services",51821,"Computing Infrastructure Providers, Data Processing, Web Hosting, And Related Services",518210,"Computing Infrastructure Providers, Data Processing, Web Hosting, And Related Services"
124,S&P 500,DJIA,Nasdaq 100,Americas,North America,United States,CSCO,"Cisco Systems, Inc.",Communications & Networking,Communications Equipment,networking_equipment,networking_equipment;cybersecurity,"Develops networking, communications and cybersecurity technologies.",2021,"California,  United States",https://www.cisco.com/,https://en.wikipedia.org/wiki/cisco_systems,https://x.com/cisco,3576,Computer Communications Equipment,31-33,Manufacturing,334,Computer And Electronic Product Manufacturing,3342,Communications Equipment Manufacturing,33429,Other Communications Equipment Manufacturing,334290,Other Communications Equipment Manufacturing
125,S&P 500,,,Americas,North America,United States,CSGP,"Costar Group, Inc.",Software & IT Services,Technology Platforms,digital_marketplaces,digital_marketplaces;real_estate_services,"Operates digital real-estate marketplaces, analytics and property intelligence platforms.",1998,"District of Columbia,  United States",https://www.costargroup.com,https://en.wikipedia.org/wiki/costar_group,https://x.com/costargroup,7389,"Business Services, Nec",53,Real Estate And Rental And Leasing,531,Real Estate,5311,Lessors Of Real Estate,53119,Lessors Of Other Real Estate Property ,531190,Lessors Of Other Real Estate Property 
126,S&P 500,,Nasdaq 100,Americas,North America,United States,CSX,Csx Corporation,Freight & Logistics Services,Logistics,rail_transport,rail_transport;logistics,"Provides rail freight transportation, intermodal logistics and supply-chain services.",1978,"Florida,  United States",https://www.csx.com/,https://en.wikipedia.org/wiki/csx_corp.,https://x.com/csx,4011,"Railroads, Line-Haul Operating",48-49,Transportation And Warehousing,482,Rail Transportation,4821,Rail Transportation,48211,Rail Transportation,482111,Line-Haul Railroads 
127,S&P 500,,Nasdaq 100,Americas,North America,United States,CTAS,Cintas Corporation,Professional & Commercial Services,Professional Services,business_services,business_services;workplace_services,"Provides workplace services, uniforms, facility management and safety solutions.",1986,"Ohio,  United States",http://www.cintas.com,https://en.wikipedia.org/wiki/cintas_corporation,https://x.com/cintascorp,2320,"Men'S & Boys' Furnishgs, Work Clothg, & Allied Garments",56,"Administrative Support, Waste Management & Remediation Services",561,Administrative And Support Services,5614,Business Support Services,56149,Other Business Support Services,561499,All Other Business Support Services 
128,S&P 500,,,Americas,North America,United States,CTSH,Cognizant Technology Solutions Corporation,Software & IT Services,Software & Digital Services,it_consulting,it_consulting;enterprise_software,"Provides digital transformation, consulting and technology services.",1988,"New Jersey,  United States",https://www.cognizant.com/,https://en.wikipedia.org/wiki/cognizant_technology_solutions,https://x.com/cognizant,7371,Computer Programming Services,54,"Professional, Scientific, And Technical Services",541,"Professional, Scientific, And Technical Services",5415,Computer Systems Design And Related Services,54151,Computer Systems Design And Related Services,541511,Custom Computer Programming Services 
129,S&P 500,,,Americas,North America,United States,CTVA,"Corteva, Inc.",Chemicals,Chemicals,agriculture_inputs,agriculture_inputs;chemicals,"Develops seeds, crop-protection products and agricultural technologies.",2018,"Indiana,  United States",http://corteva.com/,https://en.wikipedia.org/wiki/corteva,https://x.com/cortevaus,100,Agricultural Production-Crops,11,"Agriculture, Forestry, Fishing And Hunting",115,Support Activities For Agriculture And Forestry,1151,Support Activities For Crop Production,11511,Support Activities For Crop Production,115112,"Soil Preparation, Planting, And Cultivating "
130,S&P 500,,,Americas,North America,United States,CVNA,Carvana,Specialty Retailers,Retail,digital_marketplaces,digital_marketplaces;automotive_retail,Operates online automotive retail and vehicle financing platforms.,2012,"Arizona,  United States",http://carvana.com/,https://en.wikipedia.org/wiki/Carvana,,5500,Retail-Auto Dealers & Gasoline Stations,44-45,Retail Trade,441,Motor Vehicle And Parts Dealers ,4411,Automobile Dealers ,44112,Used Car Dealers ,441120,Used Car Dealers 
131,S&P 500,,,Americas,North America,United States,CVS,Cvs Health Corporation,Healthcare Providers & Services,Healthcare Providers & Services,healthcare_services,healthcare_services;pharmacy_benefits,"Provides pharmacy, healthcare, insurance and related health services.",1996,"Rhode Island,  United States",http://www.cvshealth.com/,https://en.wikipedia.org/wiki/cvs_health,https://x.com/cvshealth,5912,Drug Stores And Proprietary Stores,62,Health Care And Social Assistance,621,Ambulatory Health Care Services,6213,Offices Of Other Health Practitioners,62139,Offices Of All Other Health Practitioners,621399,Offices Of All Other Miscellaneous Health Practitioners 
132,S&P 500,DJIA,,Americas,North America,United States,CVX,Chevron Corporation,Oil & Gas,Oil & Gas,oil_gas,oil_gas,"Explores, produces, refines and markets oil, natural gas and related energy products.",1926,"California,  United States",https://www.chevron.com/,https://en.wikipedia.org/wiki/chevron_corp.,https://x.com/chevron,2911,Petroleum Refining,21,"Mining, Quarrying, And Oil And Gas Extraction",211,Oil And Gas Extraction,2111,Oil And Gas Extraction,21112,Crude Petroleum Extraction ,211120,Crude Petroleum Extraction 
133,S&P 500,,,Americas,North America,United States,D,"Dominion Energy, Inc.",Electrical Utilities & IPPs,Utilities,utilities,utilities;electricity_generation;renewable_energy,"Generates, distributes and supplies electricity and natural gas, with additional activities across renewable energy.",1983,"Virginia,  United States",http://www.dominionenergy.com/,https://en.wikipedia.org/wiki/dominion_energy,https://x.com/dominionenergy,4911,Electric Services,22,Utilities,221,Utilities,2211,"Electric Power Generation, Transmission And Distribution",22111,Electric Power Generation,221111,Hydroelectric Power Generation 
134,S&P 500,,,Americas,North America,United States,DAL,"Delta Air Lines, Inc.",Passenger Transportation Services,Transportation,airlines,airlines;transportation,Provides passenger and cargo airline transportation services.,1967,"Georgia,  United States",http://www.delta.com/,https://en.wikipedia.org/wiki/delta_air_lines_inc.,https://x.com/delta,4512,"Air Transportation, Scheduled",48-49,Transportation And Warehousing,481,Air Transportation,4811,Scheduled Air Transportation,48111,Scheduled Air Transportation,481111,Scheduled Passenger Air Transportation 
135,S&P 500,,Nasdaq 100,Americas,North America,United States,DASH,"DoorDash, Inc.",Software & IT Services,Technology Platforms,digital_marketplaces,digital_marketplaces;payments;logistics,Operates digital commerce and delivery marketplaces connecting consumers and merchants.,2013,"California,  United States","	doordash.com",https://en.wikipedia.org/wiki/DoorDash,,7389,"Services-Business Services, Nec",51,Information,511,Publishing Industries (Except Internet),5112,Software Publishers,51121,Software Publishers,511210,Software Publishers
136,S&P 500,,,Americas,North America,United States,DD,"Dupont De Nemours, Inc.",Chemicals,Chemicals,chemicals,chemicals;industrial_materials,"Develops specialty materials, industrial technologies and advanced chemical solutions.",2015,"Delaware,  United States",http://www.dupont.com/,https://en.wikipedia.org/wiki/dupont_de_nemours_inc,https://x.com/dupont_news,2821,"Plastic Materials, Synth Resins & Nonvulcan Elastomers",31-33,Manufacturing,325,Chemical Manufacturing,3252,"Resin, Synthetic Rubber, And Artificial And Synthetic Fibers And Filaments Manufacturing",32521,Resin And Synthetic Rubber Manufacturing,325211,Plastics Material And Resin Manufacturing 
137,S&P 500,,Nasdaq 100,Americas,North America,United States,DDOG,"Datadog, Inc.",Software & IT Services,Software & Digital Services,cloud_services,cloud_services;cybersecurity;artificial_intelligence,"Develops cloud monitoring, observability and cybersecurity software platforms.",2010,"New York,  United States",https://www.datadoghq.com,https://en.wikipedia.org/wiki/Datadog,https://x.com/datadoghq,7372,Prepackaged Software,51,Information,511,Publishing Industries (Except Internet),5112,Software Publishers,51121,Software Publishers,511210,Software Publishers
138,S&P 500,,,Americas,North America,United States,DE,Deere & Company,"Machinery, Equipment & Components",Machinery,agricultural_equipment,agricultural_equipment;construction_equipment,"Develops agricultural, construction and forestry equipment and precision technologies.",1958,"Illinois,  United States",http://www.deere.com,https://en.wikipedia.org/wiki/deere_%26_co.,https://x.com/johndeere,3523,Farm Machinery & Equipment,31-33,Manufacturing,333,Machinery Manufacturing,3331,"Agriculture, Construction, And Mining Machinery Manufacturing",33311,Agricultural Implement Manufacturing,333111,Farm Machinery And Equipment Manufacturing 
139,S&P 500,,,Americas,North America,United States,DECK,Deckers Brands,Textiles & Apparel,Textiles & Apparel,apparel,apparel;footwear,"Designs, manufactures and markets footwear, apparel and lifestyle products.",1993,"California,  United States","	deckers.com",https://en.wikipedia.org/wiki/Deckers_Brands,,3021,Rubber & Plastics Footwear,31-33,Manufacturing,316,Leather And Allied Product Manufacturing,3162,Footwear Manufacturing,31621,Footwear Manufacturing,316210,Footwear Manufacturing 
140,S&P 500,,,Americas,North America,United States,DELL,Dell Technologies,"Computers, Phones & Household Electronics",Consumer Electronics,computer_hardware,computer_hardware;enterprise_infrastructure,"Develops computers, enterprise infrastructure and information-technology solutions.",2013,"Texas,  United States","	dell.com",https://en.wikipedia.org/wiki/Dell_Technologies,https://x.com/DellTech,3571,Electronic Computers,31-33,Manufacturing,334,Computer And Electronic Product Manufacturing,3342,Communications Equipment Manufacturing,33422,Radio And Television Broadcasting And Wireless Communications Equipment Manufacturing,334220,Radio And Television Broadcasting And Wireless Communications Equipment Manufacturing
141,S&P 500,,,Americas,North America,United States,DG,Dollar General Corporation,Diversified Retail,Retail,retail,retail,Operates discount retail stores offering consumer and household products.,1998,"Tennessee,  United States",https://www.dollargeneral.com/,https://en.wikipedia.org/wiki/dollar_general,https://x.com/dollargeneral,5331,Variety Stores,44-45,Retail Trade,452,General Merchandise Stores ,4523,"General Merchandise Stores, Including Warehouse Clubs And Supercenters ",45231,"General Merchandise Stores, Including Warehouse Clubs And Supercenters ",452319,All Other General Merchandise Stores 
142,S&P 500,,,Americas,North America,United States,DGX,Quest Diagnostics Incorporated,Healthcare Providers & Services,Healthcare Providers & Services,diagnostics,diagnostics;healthcare_services,"Provides diagnostic testing, laboratory and healthcare information services.",1996,"New Jersey,  United States",http://www.questdiagnostics.com/,https://en.wikipedia.org/wiki/quest_diagnostics,https://x.com/questdx,8071,Medical Laboratories,62,Health Care And Social Assistance,621,Ambulatory Health Care Services,6215,Medical And Diagnostic Laboratories,62151,Medical And Diagnostic Laboratories,621511,Medical Laboratories 
143,S&P 500,,,Americas,North America,United States,DHI,"D.R. Horton, Inc.",Homebuilding & Construction Supplies,Residential Construction,homebuilding,homebuilding;mortgage_services,Develops residential communities and provides mortgage and homebuilding services.,1991,"Texas,  United States",https://www.drhorton.com/,https://en.wikipedia.org/wiki/d._r._horton,https://x.com/drhorton,1531,Operative Builders,23,Construction,236,Construction Of Buildings,2361,Residential Building Construction,23611,Residential Building Construction,236116,New Multifamily Housing Construction (Except For-Sale Builders) 
144,S&P 500,,,Americas,North America,United States,DHR,Danaher Corporation,Healthcare Equipment & Supplies,Medical Devices,life_sciences,life_sciences;medical_devices;diagnostics,"Develops life-science technologies, diagnostics and medical equipment.",1986,"District of Columbia,  United States",http://www.danaher.com/,https://en.wikipedia.org/wiki/danaher_corp.,https://x.com/danahercorp,3823,"Industrial Instruments For Measurement, Display, And Control",31-33,Manufacturing,334,Computer And Electronic Product Manufacturing,3345,"Navigational, Measuring, Electromedical, And Control Instruments Manufacturing",33451,"Navigational, Measuring, Electromedical, And Control Instruments Manufacturing",334513,"Instruments And Related Products Manufacturing For Measuring, Displaying, And Controlling Industrial Process Variables "
145,S&P 500,DJIA,,Americas,North America,United States,DIS,The Walt Disney Company,Media & Publishing,Media,media_entertainment,media_entertainment;theme_parks,"Produces media, entertainment, sports and consumer products, with additional activities across theme parks and streaming services.",2018,"California,  United States",https://www.thewaltdisneycompany.com/,https://en.wikipedia.org/wiki/the_walt_disney_company,https://x.com/disney,7990,Miscellaneous Amusement & Recreation,51,Information,512,Motion Picture And Sound Recording Industries,5121,Motion Picture And Video Industries,51211,Motion Picture And Video Production,512110,Motion Picture And Video Production 
146,S&P 500,,,Americas,North America,United States,DLR,"Digital Realty Trust, Inc.",Residential & Commercial REIT,Real Estate Investment Trusts (REITs),data_centres,data_centres;communications_infrastructure,"Owns, develops and operates data-centre infrastructure and digital real-estate assets.",2004,"Texas,  United States",http://www.digitalrealty.com/,https://en.wikipedia.org/wiki/digital_realty_trust,https://x.com/digitalrealty,6798,Real Estate Investment Trusts,52,Finance And Insurance,525,"Funds, Trusts, And Other Financial Vehicles ",5259,Other Investment Pools And Funds,52599,Other Financial Vehicles ,525990,Other Financial Vehicles 
147,S&P 500,,,Americas,North America,United States,DLTR,"Dollar Tree, Inc.",Diversified Retail,Retail,retail,retail,Operates discount retail stores offering consumer and household products.,2008,"Virginia,  United States",https://www.dollartree.com/,https://en.wikipedia.org/wiki/dollar_tree,https://x.com/dollartree,5331,Variety Stores,44-45,Retail Trade,452,General Merchandise Stores ,4523,"General Merchandise Stores, Including Warehouse Clubs And Supercenters ",45231,"General Merchandise Stores, Including Warehouse Clubs And Supercenters ",452319,All Other General Merchandise Stores 
148,S&P 500,,,Americas,North America,United States,DOC,Healthpeak Properties,Residential & Commercial REIT,Real Estate Investment Trusts (REITs),healthcare_real_estate,healthcare_real_estate,"Owns, develops and manages healthcare-focused real-estate assets.",2022,"Colorado,  United States","	www.healthpeak.com",https://en.wikipedia.org/wiki/Healthpeak_Properties,,6798,Real Estate Investment Trusts,52,Finance And Insurance,525,"Funds, Trusts, And Other Financial Vehicles ",5259,Other Investment Pools And Funds,52599,Other Financial Vehicles ,525990,Other Financial Vehicles 
149,S&P 500,,,Americas,North America,United States,DOV,Dover Corporation,"Machinery, Equipment & Components",Machinery,industrial_machinery,industrial_machinery;industrial_automation,"Develops industrial equipment, engineered products and manufacturing technologies.",1947,"Illinois,  United States",http://www.dovercorporation.com/,https://en.wikipedia.org/wiki/dover_corporation,https://x.com/dovercorp,3530,"Construction, Mining & Materials Handling Machinery & Equip",31-33,Manufacturing,333,Machinery Manufacturing,3339,Other General Purpose Machinery Manufacturing,33399,All Other General Purpose Machinery Manufacturing,333999,All Other Miscellaneous General Purpose Machinery Manufacturing 
150,S&P 500,,,Americas,North America,United States,DOW,Dow Inc.,Chemicals,Chemicals,chemicals,chemicals;industrial_materials,"Develops specialty chemicals, plastics, industrial materials and performance coatings.",2018,"Michigan,  United States",https://www.dow.com/,https://en.wikipedia.org/wiki/dow_inc.,https://x.com/DowNewsroom,2821,"Plastic Materials, Synth Resins & Nonvulcan Elastomers",31-33,Manufacturing,325,Chemical Manufacturing,3252,"Resin, Synthetic Rubber, And Artificial And Synthetic Fibers And Filaments Manufacturing",32521,Resin And Synthetic Rubber Manufacturing,325211,Plastics Material And Resin Manufacturing 
151,S&P 500,,,Americas,North America,United States,DPZ,"Domino'S Pizza, Inc.",Hotels & Entertainment Services,"Leisure, Hospitality & Travel",restaurants,restaurants,"Operates franchised pizza restaurants, delivery and food supply-chain services.",2002,"Michigan,  United States",http://www.dominos.com/,https://en.wikipedia.org/wiki/domino%27s_pizza,https://x.com/dominos,5140,Wholesale-Groceries & Related Products,72,Accommodation And Food Services,722,Food Services And Drinking Places,7225,Restaurants And Other Eating Places,72251,Restaurants And Other Eating Places,722513,Limited-Service Restaurants 
152,S&P 500,,,Americas,North America,United States,DRI,"Darden Restaurants, Inc.",Hotels & Entertainment Services,"Leisure, Hospitality & Travel",restaurants,restaurants,Owns and operates full-service restaurant brands across multiple dining categories.,1995,"Florida,  United States",https://www.darden.com/,https://en.wikipedia.org/wiki/darden_restaurants,https://x.com/darden,5812,Eating Places,72,Accommodation And Food Services,722,Food Services And Drinking Places,7225,Restaurants And Other Eating Places,72251,Restaurants And Other Eating Places,722511,Full-Service Restaurants 
153,S&P 500,,,Americas,North America,United States,DTE,Dte Energy Company,Electrical Utilities & IPPs,Utilities,utilities,utilities;electricity_generation;natural_gas,"Generates, distributes and supplies electricity and natural gas, with additional activities across renewable energy and energy services.",1995,"Michigan,  United States",http://newlook.dteenergy.com/,https://en.wikipedia.org/wiki/dte_energy_co.,https://x.com/dte_energy,4911,Electric Services,22,Utilities,221,Utilities,2211,"Electric Power Generation, Transmission And Distribution",22111,Electric Power Generation,221111,Hydroelectric Power Generation 
154,S&P 500,,,Americas,North America,United States,DUK,Duke Energy Corporation,Electrical Utilities & IPPs,Utilities,utilities,utilities;electricity_generation;natural_gas,"Generates, transmits and distributes electricity and natural gas through regulated utility operations.",2005,"North Carolina,  United States",http://www.duke-energy.com/,https://en.wikipedia.org/wiki/duke_energy,https://x.com/dukeenergy,4931,Electric & Other Services Combined,22,Utilities,221,Utilities,2211,"Electric Power Generation, Transmission And Distribution",22112,"Electric Power Transmission, Control, And Distribution",221122,Electric Power Distribution 
155,S&P 500,,,Americas,North America,United States,DVA,Davita Inc.,Healthcare Providers & Services,Healthcare Providers & Services,healthcare_services,healthcare_services;dialysis,"Provides kidney care, dialysis and integrated healthcare services.",1994,"Colorado,  United States",http://www.davita.com/,https://en.wikipedia.org/wiki/davita_inc.,https://x.com/davita,8090,"Misc Health & Allied Services, Nec",62,Health Care And Social Assistance,621,Ambulatory Health Care Services,6214,Outpatient Care Centers,62149,Other Outpatient Care Centers,621492,Kidney Dialysis Centers 
156,S&P 500,,,Americas,North America,United States,DVN,Devon Energy Corporation,Oil & Gas,Oil & Gas,oil_gas,oil_gas,"Explores, develops and produces oil, natural gas and natural-gas liquids.",1999,"Oklahoma,  United States",https://www.devonenergy.com/,https://en.wikipedia.org/wiki/devon_energy,https://x.com/devonenergy,1311,Crude Petroleum & Natural Gas,21,"Mining, Quarrying, And Oil And Gas Extraction",211,Oil And Gas Extraction,2111,Oil And Gas Extraction,21112,Crude Petroleum Extraction ,211120,Crude Petroleum Extraction 
157,S&P 500,,Nasdaq 100,Americas,North America,United States,DXCM,"Dexcom, Inc.",Healthcare Equipment & Supplies,Medical Devices,medical_devices,medical_devices;healthcare_technology,Develops continuous glucose monitoring technologies for diabetes management.,1999,"California,  United States",http://www.dexcom.com/,https://en.wikipedia.org/wiki/dexcom,https://x.com/dexcom,3841,Surgical & Medical Instruments & Apparatus,31-33,Manufacturing,339,Miscellaneous Manufacturing,3391,Medical Equipment And Supplies Manufacturing,33911,Medical Equipment And Supplies Manufacturing,339112,Surgical And Medical Instrument Manufacturing 
158,S&P 500,,Nasdaq 100,Americas,North America,United States,EA,Electronic Arts Inc.,Software & IT Services,Media,gaming,gaming;digital_content,"Develops and publishes digital games, online entertainment and interactive media services.",1991,"California,  United States",https://www.ea.com/,https://en.wikipedia.org/wiki/electronic_arts,https://x.com/ea,7372,Prepackaged Software,51,Information,511,Publishing Industries (Except Internet),5112,Software Publishers,51121,Software Publishers,511210,Software Publishers
159,S&P 500,,,Americas,North America,United States,EBAY,Ebay Inc.,Software & IT Services,Technology Platforms,digital_marketplaces,digital_marketplaces;payments,Operates global digital commerce and online marketplace platforms.,1998,"California,  United States",https://www.ebayinc.com/,https://en.wikipedia.org/wiki/ebay_inc.,https://x.com/ebay,7389,"Business Services, Nec",44-45,Retail Trade,454,Nonstore Retailers ,4541,Electronic Shopping And Mail-Order Houses ,45411,Electronic Shopping And Mail-Order Houses ,454110,Electronic Shopping And Mail-Order Houses 
160,S&P 500,,,Americas,North America,United States,ECHO,EchoStar,Telecommunications Services,Telecommunications,telecommunications,telecommunications;satellite_communications,"Provides satellite, broadband, wireless and television communications services.",1980,"Colorado, United States",https://www.echostar.com/,https://en.wikipedia.org/wiki/EchoStar,https://x.com/echostar,4899,"Communications Services, Not Elsewhere Classified",51,Information,517,Telecommunications,5174,Satellite Telecommunications,51741,Satellite Telecommunications,517410,Satellite Telecommunications
161,S&P 500,,,Americas,North America,United States,ECL,Ecolab Inc.,Chemicals,Chemicals,chemicals,chemicals;water_treatment,"Develops water treatment, hygiene and industrial cleaning technologies and services.",1924,"Minnesota,  United States",http://www.ecolab.com,https://en.wikipedia.org/wiki/ecolab_inc.,https://x.com/ecolab,2840,"Soap, Detergents, Cleang Preparations, Perfumes, Cosmetics",31-33,Manufacturing,325,Chemical Manufacturing,3256,"Soap, Cleaning Compound, And Toilet Preparation Manufacturing",32561,Soap And Cleaning Compound Manufacturing,325611,Soap And Other Detergent Manufacturing 
162,S&P 500,,,Americas,North America,United States,ED,"Consolidated Edison, Inc.",Electrical Utilities & IPPs,Utilities,utilities,utilities;electricity_generation;natural_gas,"Provides regulated electricity, gas and energy infrastructure services.",1997,"New York,  United States",http://www.conedison.com/,https://en.wikipedia.org/wiki/consolidated_edison,https://x.com/conedison,4931,Electric & Other Services Combined,22,Utilities,221,Utilities,2211,"Electric Power Generation, Transmission And Distribution",22111,Electric Power Generation,221118,Other Electric Power Generation 
163,S&P 500,,,Americas,North America,United States,EFX,Equifax Inc.,Professional & Commercial Services,Professional Services,information_services,information_services;credit_services,"Provides consumer information, analytics, identity verification and business decision services.",1913,"Georgia,  United States",http://www.equifax.com/,https://en.wikipedia.org/wiki/equifax_inc.,https://x.com/equifax,7320,"Consumer Credit Reporting, Collection Agencies",56,"Administrative Support, Waste Management & Remediation Services",561,Administrative And Support Services,5614,Business Support Services,56145,Credit Bureaus,561450,Credit Bureaus
164,S&P 500,,,Americas,North America,United States,EG,"Everest Group, Ltd.",Insurance,Insurance,insurance,insurance;reinsurance,Provides insurance and reinsurance products across global commercial markets.,1999,"Hamilton,  Bermuda",https://www.everestglobal.com/,https://en.wikipedia.org/wiki/Everest_Group,https://x.com/EverestGroup,6331,"Fire, Marine & Casualty Insurance",52,Finance And Insurance,524,Insurance Carriers And Related Activities,5241,Insurance Carriers,52412,"Direct Insurance (Except Life, Health, And Medical) Carriers ",524126,Direct Property And Casualty Insurance Carriers 
165,S&P 500,,,Americas,North America,United States,EIX,Edison International,Electrical Utilities & IPPs,Utilities,utilities,utilities;electricity_generation;energy_services,Provides regulated electricity services and energy advisory solutions.,1987,"California,  United States",http://www.edison.com/,https://en.wikipedia.org/wiki/edison_int%27l,https://x.com/edisonintl,4911,Electric Services,22,Utilities,221,Utilities,2211,"Electric Power Generation, Transmission And Distribution",22111,Electric Power Generation,221111,Hydroelectric Power Generation 
166,S&P 500,,,Americas,North America,United States,EL,The Estee Lauder Companies Inc.,Personal & Household Products & Services,Household Products,household_products,household_products;beauty_products,"Develops, manufactures and markets skincare, cosmetics, fragrances and personal-care products.",1976,"New York,  United States",https://www.elcompanies.co.uk/,https://en.wikipedia.org/wiki/est%c3%a9e_lauder_companies,https://x.com/esteelauder,2844,"Perfumes, Cosmetics & Other Toilet Preparations",31-33,Manufacturing,325,Chemical Manufacturing,3256,"Soap, Cleaning Compound, And Toilet Preparation Manufacturing",32562,Toilet Preparation Manufacturing,325620,Toilet Preparation Manufacturing
167,S&P 500,,,Americas,North America,United States,ELV,"Elevance Health, Inc.",Healthcare Providers & Services,Healthcare Providers & Services,healthcare_services,healthcare_services;health_insurance,"Provides health insurance, pharmacy and integrated healthcare services.",2001,"Indiana,  United States",https://www.elevancehealth.com,https://en.wikipedia.org/wiki/elevance_health,https://x.com/elevancehealth,6324,Hospital & Medical Service Plans,52,Finance And Insurance,524,Insurance Carriers And Related Activities,5241,Insurance Carriers,52411,"Direct Life, Health, And Medical Insurance Carriers ",524114,Direct Health And Medical Insurance Carriers 
168,S&P 500,,,Americas,North America,United States,EME,Emcor,Construction & Engineering,Construction & Engineering,engineering_services,engineering_services;building_services;industrial_services,"Provides electrical and mechanical engineering, construction, building and industrial services, with additional activities or exposure across facilities maintenance.",1994,"Connecticut,  United States",http://emcorgroup.com/,https://en.wikipedia.org/wiki/Emcor,,1731,Electrical Work,23,Construction,236,Construction Of Buildings,2361,Residential Building Construction,23611,Residential Building Construction,236116,New Multifamily Housing Construction (Except For-Sale Builders) 
169,S&P 500,,,Americas,North America,United States,EMR,Emerson Electric Co.,"Machinery, Equipment & Components",Machinery,industrial_automation,industrial_automation;industrial_machinery,"Develops industrial automation, process control and engineering software solutions.",1890,"Missouri,  United States",http://www.emerson.com/,https://en.wikipedia.org/wiki/emerson_electric_company,https://x.com/emerson_news,3600,Electronic & Other Electrical Equipment (No Computer Equip),31-33,Manufacturing,335,"Electrical Equipment, Appliance, And Component Manufacturing",3359,Other Electrical Equipment And Component Manufacturing,33599,All Other Electrical Equipment And Component Manufacturing,335999,All Other Miscellaneous Electrical Equipment And Component Manufacturing 
170,S&P 500,,,Americas,North America,United States,EOG,"Eog Resources, Inc.",Oil & Gas,Oil & Gas,oil_gas,oil_gas,"Explores, develops and produces crude oil, natural gas and natural-gas liquids.",1985,"Texas,  United States",https://www.eogresources.com/,https://en.wikipedia.org/wiki/eog_resources,,1311,Crude Petroleum & Natural Gas,21,"Mining, Quarrying, And Oil And Gas Extraction",211,Oil And Gas Extraction,2111,Oil And Gas Extraction,21112,Crude Petroleum Extraction ,211120,Crude Petroleum Extraction 
171,S&P 500,,,Americas,North America,United States,EQIX,"Equinix, Inc.",Residential & Commercial REIT,Real Estate Investment Trusts (REITs),data_centres,data_centres;communications_infrastructure,"Owns, develops and operates global data-centre infrastructure and interconnection services.",1998,"California,  United States",http://www.equinix.com/,https://en.wikipedia.org/wiki/equinix,https://x.com/equinix,6798,Real Estate Investment Trusts,52,Finance And Insurance,525,"Funds, Trusts, And Other Financial Vehicles ",5259,Other Investment Pools And Funds,52599,Other Financial Vehicles ,525990,Other Financial Vehicles 
172,S&P 500,,,Americas,North America,United States,EQR,Equity Residential,Residential & Commercial REIT,Real Estate Investment Trusts (REITs),residential_real_estate,residential_real_estate,"Owns, develops and manages multifamily residential real-estate assets.",1992,"Illinois,  United States",http://www.equityapartments.com/,https://en.wikipedia.org/wiki/equity_residential,https://x.com/equityres,6798,Real Estate Investment Trusts,52,Finance And Insurance,525,"Funds, Trusts, And Other Financial Vehicles ",5259,Other Investment Pools And Funds,52599,Other Financial Vehicles ,525990,Other Financial Vehicles 
173,S&P 500,,,Americas,North America,United States,EQT,Eqt Corporation,Oil & Gas,Oil & Gas,oil_gas,oil_gas;natural_gas,"Explores, produces, gathers and transports natural gas and related energy products.",2008,"Pennsylvania,  United States",https://www.eqt.com,https://en.wikipedia.org/wiki/eqt,https://x.com/eqtcorp,1311,Crude Petroleum & Natural Gas,21,"Mining, Quarrying, And Oil And Gas Extraction",211,Oil And Gas Extraction,2111,Oil And Gas Extraction,21112,Crude Petroleum Extraction ,211120,Crude Petroleum Extraction 
174,S&P 500,,,Americas,North America,United States,ERIE,Erie Indemnity,Insurance,Insurance,insurance,insurance,"Provides property, casualty and life insurance administration services.",1925,"Pennsylvania,  United States","	erieinsurance.com",https://en.wikipedia.org/wiki/Erie_Insurance_Group,https://x.com/erie_insurance,6411,Insurance Agents Brokers & Services,52,Finance And Insurance,524,Insurance Carriers And Related Activities,5242,"Agencies, Brokerages, And Other Insurance Related Activities",52421,Insurance Agencies And Brokerages ,524210,Insurance Agencies And Brokerages 
175,S&P 500,,,Americas,North America,United States,ES,Eversource Energy,Electrical Utilities & IPPs,Utilities,utilities,utilities;electricity_generation;natural_gas,"Provides electricity transmission, distribution and natural-gas utility services.",1927,"Massachusetts,  United States",http://www.eversource.com/,https://en.wikipedia.org/wiki/eversource_energy,https://x.com/eversourcecorp,4911,Electric Services,22,Utilities,221,Utilities,2211,"Electric Power Generation, Transmission And Distribution",22112,"Electric Power Transmission, Control, And Distribution",221122,Electric Power Distribution 
176,S&P 500,,,Americas,North America,United States,ESS,"Essex Property Trust, Inc.",Residential & Commercial REIT,Real Estate Investment Trusts (REITs),residential_real_estate,residential_real_estate,"Owns, develops and manages multifamily residential real-estate communities.",1994,"California,  United States",http://www.essexapartmenthomes.com/,"https://en.wikipedia.org/wiki/essex_property_trust,_inc.",,6798,Real Estate Investment Trusts,52,Finance And Insurance,525,"Funds, Trusts, And Other Financial Vehicles ",5259,Other Investment Pools And Funds,52599,Other Financial Vehicles ,525990,Other Financial Vehicles 
177,S&P 500,,,"Europe, The Middle East and Africa",Western Europe,Ireland,ETN,Eaton Corporation Public Limited Company,"Machinery, Equipment & Components",Machinery,electrical_equipment,electrical_equipment;industrial_automation,"Develops electrical power management, industrial and aerospace technologies.",2012,"Dublin,  Ireland",http://www.eaton.com/,https://en.wikipedia.org/wiki/eaton_corporation,https://x.com/eatoncorp,3590,Misc Industrial & Commercial Machinery & Equipment,31-33,Manufacturing,333,Machinery Manufacturing,3339,Other General Purpose Machinery Manufacturing,33399,All Other General Purpose Machinery Manufacturing,333999,All Other Miscellaneous General Purpose Machinery Manufacturing 
178,S&P 500,,,Americas,North America,United States,ETR,Entergy Corporation,Electrical Utilities & IPPs,Utilities,utilities,utilities;electricity_generation,"Generates, transmits and distributes electricity through regulated utility operations.",1992,"Louisiana,  United States",http://www.entergy.com/,https://en.wikipedia.org/wiki/entergy_corp.,https://x.com/entergy,4911,Electric Services,22,Utilities,221,Utilities,2211,"Electric Power Generation, Transmission And Distribution",22111,Electric Power Generation,221113,Nuclear Electric Power Generation 
179,S&P 500,,,Americas,North America,United States,EVRG,"Evergy, Inc.",Electrical Utilities & IPPs,Utilities,utilities,utilities;electricity_generation,"Generates, transmits and distributes electricity through regulated utility operations.",2017,"Missouri,  United States",http://www.evergyinc.com/,https://en.wikipedia.org/wiki/evergy,https://x.com/evergypower,4931,Electric & Other Services Combined,22,Utilities,221,Utilities,2211,"Electric Power Generation, Transmission And Distribution",22111,Electric Power Generation,221111,Hydroelectric Power Generation 
180,S&P 500,,,Americas,North America,United States,EW,Edwards Lifesciences Corporation,Healthcare Equipment & Supplies,Medical Devices,medical_devices,medical_devices;cardiovascular_devices,Develops structural-heart technologies and minimally invasive medical devices.,1999,"California,  United States",http://www.edwards.com/,https://en.wikipedia.org/wiki/edwards_lifesciences,https://x.com/edwardslifesci,3842,"Orthopedic, Prosthetic & Surgical Appliances & Supplies",31-33,Manufacturing,339,Miscellaneous Manufacturing,3391,Medical Equipment And Supplies Manufacturing,33911,Medical Equipment And Supplies Manufacturing,339113,Surgical Appliance And Supplies Manufacturing 
181,S&P 500,,Nasdaq 100,Americas,North America,United States,EXC,Exelon Corporation,Electrical Utilities & IPPs,Utilities,utilities,utilities;electricity_transmission,Provides regulated electricity transmission and distribution services.,1999,"Illinois,  United States",http://www.exeloncorp.com/,https://en.wikipedia.org/wiki/exelon_corp.,https://x.com/exelon,4931,Electric & Other Services Combined,22,Utilities,221,Utilities,2211,"Electric Power Generation, Transmission And Distribution",22111,Electric Power Generation,221111,Hydroelectric Power Generation 
182,S&P 500,,,Americas,North America,United States,EXE,Expand Energy,Oil & Gas,Oil & Gas,oil_gas,oil_gas;natural_gas,"Explores, develops and produces natural gas and related energy resources.",1996,"Oklahoma,  United States","	expandenergy.com",https://en.wikipedia.org/wiki/Expand_Energy,,1311,Crude Petroleum & Natural Gas,21,"Mining, Quarrying, And Oil And Gas Extraction",211,Oil And Gas Extraction,2111,Oil And Gas Extraction,21112,Crude Petroleum Extraction ,211120,Crude Petroleum Extraction 
183,S&P 500,,,Americas,North America,United States,EXPD,"Expeditors International Of Washington, Inc",Freight & Logistics Services,Logistics,logistics,logistics;freight_forwarding,"Provides freight forwarding, customs brokerage and global logistics services.",1979,"Washington,  United States",http://www.expeditors.com/,https://en.wikipedia.org/wiki/expeditors_international,,4731,Arrangement Of Transportation Of Freight & Cargo,48-49,Transportation And Warehousing,488,Support Activities For Transportation,4885,Freight Transportation Arrangement,48851,Freight Transportation Arrangement,488510,Freight Transportation Arrangement
184,S&P 500,,,Americas,North America,United States,EXPE,"Expedia Group, Inc.",Hotels & Entertainment Services,"Leisure, Hospitality & Travel",travel_services,travel_services;digital_marketplaces,"Operates digital travel booking, accommodation and tourism platforms.",2005,"Washington,  United States",https://www.expediagroup.com/,https://en.wikipedia.org/wiki/expedia_group,https://x.com/expedia,4700,Transportation Services,56,"Administrative Support, Waste Management & Remediation Services",561,Administrative And Support Services,5615,Travel Arrangement And Reservation Services,56151,Travel Agencies,561510,Travel Agencies
185,S&P 500,,,Americas,North America,United States,EXR,Extra Space Storage Inc.,Residential & Commercial REIT,Real Estate Investment Trusts (REITs),self_storage,self_storage,"Owns, develops and manages self-storage real-estate assets.",2004,"Utah,  United States",http://www.extraspace.com/,https://en.wikipedia.org/wiki/extra_space_storage,https://x.com/extraspace,6798,Real Estate Investment Trusts,52,Finance And Insurance,525,"Funds, Trusts, And Other Financial Vehicles ",5259,Other Investment Pools And Funds,52599,Other Financial Vehicles ,525990,Other Financial Vehicles 
186,S&P 500,,,Americas,North America,United States,F,Ford Motor Company,Automobiles & Auto Parts,Automotive,automotive,automotive;vehicle_finance,"Designs, manufactures and markets passenger, commercial and electric vehicles.",1919,"Michigan,  United States",https://www.ford.co.uk/,https://en.wikipedia.org/wiki/ford_motor_company,https://x.com/ford,3711,Motor Vehicles & Passenger Car Bodies,31-33,Manufacturing,336,Transportation Equipment Manufacturing,3361,Motor Vehicle Manufacturing,33611,Automobile And Light Duty Motor Vehicle Manufacturing,336111,Automobile Manufacturing 
187,S&P 500,,Nasdaq 100,Americas,North America,United States,FANG,"Diamondback Energy, Inc.",Oil & Gas,Oil & Gas,oil_gas,oil_gas,"Explores, develops and produces oil and natural gas.",2011,"Texas,  United States",https://ir.diamondbackenergy.com/,https://en.wikipedia.org/wiki/diamondback_energy,https://x.com/Diamondback_EP,1311,Crude Petroleum & Natural Gas,21,"Mining, Quarrying, And Oil And Gas Extraction",211,Oil And Gas Extraction,2111,Oil And Gas Extraction,21112,Crude Petroleum Extraction ,211120,Crude Petroleum Extraction 
188,S&P 500,,Nasdaq 100,Americas,North America,United States,FAST,Fastenal Company,"Machinery, Equipment & Components",Industrial Distribution,industrial_distribution,industrial_distribution;industrial_supplies,"Distributes industrial, construction and maintenance supplies to commercial customers.",1968,"Minnesota,  United States",https://www.fastenal.com/,https://en.wikipedia.org/wiki/fastenal_co,https://x.com/fastenalcompany,5200,"Building Materials, Hardware, Garden Supply",23,Construction,238,Specialty Trade Contractors,2382,Building Equipment Contractors,23829,Other Building Equipment Contractors,238290,Other Building Equipment Contractors 
189,S&P 500,,,Americas,North America,United States,FCX,Freeport-Mcmoran Inc.,Metals & Mining,Mining,mining,mining;metals,"Produces copper, gold, molybdenum and related mineral resources.",1987,"Arizona,  United States",http://fcx.com/,https://en.wikipedia.org/wiki/freeport-mcmoran_inc.,https://x.com/fm_fcx,1000,Metal Mining,21,"Mining, Quarrying, And Oil And Gas Extraction",212,Mining (Except Oil And Gas),2122,Metal Ore Mining,21223,"Copper, Nickel, Lead, And Zinc Mining",212230,"Copper, Nickel, Lead, And Zinc Mining "
190,S&P 500,,,Americas,North America,United States,FDS,Factset Research Systems Inc.,Professional & Commercial Services,Professional Services,financial_information,financial_information;analytics,"Provides financial data, analytics and investment research platforms.",1984,"Connecticut,  United States",https://www.factset.com,https://en.wikipedia.org/wiki/factset,https://x.com/factset,7370,"Computer Programming, Data Processing, Etc.",52,Finance And Insurance,523,"Securities, Commodity Contracts, And Other Financial Investments And Related Activities",5239,Other Financial Investment Activities,52399,All Other Financial Investment Activities ,523999,Miscellaneous Financial Investment Activities 
191,S&P 500,,,Americas,North America,United States,FDX,Fedex Corporation,Freight & Logistics Services,Logistics,logistics,logistics;freight_forwarding,"Provides parcel delivery, freight transportation and global logistics services.",1997,"Tennessee,  United States",http://www.fedex.com/,https://en.wikipedia.org/wiki/fedex_corporation,https://x.com/fedex,4513,Air Courier Services,48-49,Transportation And Warehousing,492,Couriers And Messengers,4921,Couriers And Express Delivery Services,49211,Couriers And Express Delivery Services,492110,Couriers And Express Delivery Services
192,S&P 500,,,Americas,North America,United States,FDXF,FedEx Freight,Freight & Logistics Services,Logistics,logistics,logistics;freight_transport,Provides less-than-truckload freight transportation and logistics services.,2001,"Tennessee, United States",https://www.fedex.com/en-us/shipping/freight.html,https://en.wikipedia.org/wiki/FedEx_Freight,,4513,Air Courier Services,48-49,Transportation And Warehousing,484,Truck Transportation,4841,General Freight Trucking,48412,"General Freight Trucking, Long-Distance",484122,"General Freight Trucking, Long-Distance, Less Than Truckload"
193,S&P 500,,,Americas,North America,United States,FE,Firstenergy Corp.,Electrical Utilities & IPPs,Utilities,utilities,utilities;electricity_generation,"Generates, transmits and distributes electricity through regulated utility operations.",1996,"Ohio,  United States",http://www.firstenergycorp.com/,https://en.wikipedia.org/wiki/firstenergy_corp,https://x.com/firstenergycorp,4911,Electric Services,22,Utilities,221,Utilities,2211,"Electric Power Generation, Transmission And Distribution",22111,Electric Power Generation,221111,Hydroelectric Power Generation 
194,,,Nasdaq 100,"Europe, The Middle East and Africa",Southern Europe,Spain,FER,Ferrovial SE,Construction & Engineering,Construction & Engineering,infrastructure,infrastructure;transportation_infrastructure,"Designs, constructs and operates transport and energy infrastructure assets.",1952,"Amsterdam, Netherlands","	www.ferrovial.com/en",https://en.wikipedia.org/wiki/Ferrovial,,1600,Heavy Construction Other Than Bldg Const - Contractors,23,Construction,237,Heavy And Civil Engineering Construction,2373,"Highway, Street, and Bridge Construction",23731,"Highway, Street, and Bridge Construction",237310,"Highway, Street, and Bridge Construction"
195,S&P 500,,,Americas,North America,United States,FFIV,"F5, Inc.",Software & IT Services,Cybersecurity,cybersecurity,cybersecurity;networking_equipment,"Develops application delivery, networking and cybersecurity technologies.",1996,"Washington,  United States",https://www.f5.com/,https://en.wikipedia.org/wiki/f5_networks,https://x.com/f5,3576,Computer Communications Equipment,54,"Professional, Scientific, And Technical Services",541,"Professional, Scientific, And Technical Services",5415,Computer Systems Design And Related Services,54151,Computer Systems Design And Related Services,541511,Custom Computer Programming Services 
196,S&P 500,,,Americas,North America,United States,FICO,Fair Isaac Corporation,Software & IT Services,Software & Digital Services,enterprise_software,enterprise_software;financial_analytics,"Develops analytics, decision-management and credit-scoring software platforms.",1987,"Montana,  United States",https://www.fico.com,https://en.wikipedia.org/wiki/FICO,https://x.com/FICO,7389,"Business Services, Nec",51,Information,511,Publishing Industries (Except Internet),5112,Software Publishers,51121,Software Publishers,511210,Software Publishers
197,S&P 500,,,Americas,North America,United States,FIS,"Fidelity National Information Services, Inc.",Financial Technology (Fintech) & Infrastructure,FinTech,financial_technology,financial_technology;payments,"Develops banking, capital markets and payment technology platforms.",2001,"Florida,  United States",https://www.fisglobal.com/,https://en.wikipedia.org/wiki/fidelity_national_information_services,https://x.com/fisglobal,7389,"Business Services, Nec",54,"Professional, Scientific, And Technical Services",541,"Professional, Scientific, And Technical Services",5415,Computer Systems Design And Related Services,54151,Computer Systems Design And Related Services,541511,Custom Computer Programming Services 
198,S&P 500,,,Americas,North America,United States,FISV,Fiserv,Professional & Commercial Services,FinTech,payments,payments;financial_technology,"Develops payment processing, merchant acquiring and financial technology platforms.",1984,"Wisconsin, United States",https://www.fiserv.com/,https://en.wikipedia.org/wiki/Fiserv,https://x.com/fiserv,7374,Computer Processing And Data Preparation And Processing Services,51,Information,518,"Computing Infrastructure Providers, Data Processing, Web Hosting, And Related Services",5182,"Computing Infrastructure Providers, Data Processing, Web Hosting, And Related Services",51821,"Computing Infrastructure Providers, Data Processing, Web Hosting, And Related Services",518210,"Computing Infrastructure Providers, Data Processing, Web Hosting, And Related Services"
199,S&P 500,,,Americas,North America,United States,FITB,Fifth Third Bancorp,Banking Services,Banking,banking,banking;wealth_management,"Provides retail, commercial and wealth-management banking services.",1974,"Ohio,  United States",http://www.53.com/,https://en.wikipedia.org/wiki/fifth_third_bancorp,https://x.com/FifthThird,6022,State Commercial Banks,52,Finance And Insurance,522,Credit Intermediation And Related Activities,5221,Depository Credit Intermediation ,52211,Commercial Banking ,522110,Commercial Banking 
200,S&P 500,,,Americas,North America,United States,FIX,Comfort Systems USA,Construction & Engineering,Construction & Engineering,engineering_services,engineering_services;building_services,"Provides mechanical, electrical and engineering construction, installation and maintenance services.",1997,"Texas,  United States",https://comfortsystemsusa.com/,https://en.wikipedia.org/wiki/Comfort_Systems_USA,,1731,Electrical Work,23,Construction,238,Specialty Trade Contractors,2382,Building Equipment Contractors,23822,"Plumbing, Heating, and Air-Conditioning  Contractors",238220,"Plumbing, Heating, and Air-Conditioning  Contractors"
201,S&P 500,,,Americas,North America,United States,FLEX,Flex Ltd.,Electronic Equipment & Parts,Electronics,electronics_manufacturing,electronics_manufacturing;cloud_infrastructure,"Provides electronics manufacturing, engineering and supply-chain solutions, with additional activities or exposure across cloud infrastructure.",1969,"Texas, United States",https://flex.com/,https://en.wikipedia.org/wiki/Flex_Ltd.,https://x.com/flexintl,3672,Printed Circuit Boards,31-33,Manufacturing,334,Computer And Electronic Product Manufacturing,3344,Semiconductor And Other Electronic Component Manufacturing,33441,Semiconductor And Other Electronic Component Manufacturing,334418,Printed Circuit Assembly Manufacturing
202,S&P 500,,,Americas,North America,United States,FOX,Fox Corporation,Media & Publishing,Media,media_entertainment,media_entertainment;broadcasting,"Produces and distributes news, sports and entertainment content across television and digital platforms.",2018,"New York,  United States",https://www.foxcorporation.com/,https://en.wikipedia.org/wiki/fox_corporation,,4833,Television Broadcasting Stations,51,Information,515,Broadcasting (Except Internet),5151,Radio And Television Broadcasting,51512,Television Broadcasting,515120,Television Broadcasting
203,S&P 500,,,Americas,North America,United States,FOXA,Fox Corporation,Media & Publishing,Media,media_entertainment,media_entertainment;broadcasting,"Produces and distributes news, sports and entertainment content across television and digital platforms.",2018,"New York,  United States",https://www.foxcorporation.com/,https://en.wikipedia.org/wiki/fox_corporation,,4833,Television Broadcasting Stations,51,Information,515,Broadcasting (Except Internet),5151,Radio And Television Broadcasting,51512,Television Broadcasting,515120,Television Broadcasting
204,S&P 500,,,Americas,North America,United States,FRT,Federal Realty Investment Trust,Residential & Commercial REIT,Real Estate Investment Trusts (REITs),commercial_real_estate,commercial_real_estate;mixed_use_property,"Owns, develops and manages retail and mixed-use real-estate assets.",2021,"Maryland,  United States",http://www.federalrealty.com/,https://en.wikipedia.org/wiki/federal_realty_investment_trust,https://x.com/federalrealty,6798,Real Estate Investment Trusts,52,Finance And Insurance,525,"Funds, Trusts, And Other Financial Vehicles ",5259,Other Investment Pools And Funds,52599,Other Financial Vehicles ,525990,Other Financial Vehicles 
205,S&P 500,,,Americas,North America,United States,FSLR,"First Solar, Inc.",Renewable Energy,Renewable Energy,renewable_energy,renewable_energy;solar_energy,"Develops, manufactures and supplies photovoltaic solar technologies and related energy solutions.",2003,"Arizona,  United States",https://www.firstsolar.com,https://en.wikipedia.org/wiki/first_solar,https://x.com/firstsolar,3674,Semiconductors & Related Devices,31-33,Manufacturing,334,Computer And Electronic Product Manufacturing,3344,Semiconductor And Other Electronic Component Manufacturing,33441,Semiconductor And Other Electronic Component Manufacturing,334413,Semiconductor And Related Device Manufacturing 
206,S&P 500,,Nasdaq 100,Americas,North America,United States,FTNT,"Fortinet, Inc.",Software & IT Services,Cybersecurity,cybersecurity,cybersecurity;networking_equipment;artificial_intelligence,"Develops cybersecurity, secure networking and threat-intelligence technologies.",2000,"California,  United States",https://www.fortinet.com/,https://en.wikipedia.org/wiki/fortinet,https://x.com/fortinet,3577,"Computer Peripheral Equipment, Nec",56,"Administrative Support, Waste Management & Remediation Services",561,Administrative And Support Services,5616,Investigation And Security Services,56162,Security Systems Services,561621,Security Systems Services (Except Locksmiths) 
207,S&P 500,,,Americas,North America,United States,FTV,Fortive Corporation,"Machinery, Equipment & Components",Machinery,industrial_automation,industrial_automation;medical_devices,"Develops industrial automation, instrumentation and healthcare workflow technologies.",2015,"Washington,  United States",http://www.fortive.com/,https://en.wikipedia.org/wiki/fortive_corp,https://x.com/fortivecorp,3823,"Industrial Instruments For Measurement, Display, And Control",31-33,Manufacturing,334,Computer And Electronic Product Manufacturing,3342,Communications Equipment Manufacturing,33422,Radio And Television Broadcasting And Wireless Communications Equipment Manufacturing,334220,Radio And Television Broadcasting And Wireless Communications Equipment Manufacturing
208,S&P 500,,,Americas,North America,United States,GD,General Dynamics Corporation,Aerospace & Defense,Aerospace & Defense,aerospace_defense,aerospace_defense,"Designs, manufactures and supports aerospace, defence and naval technologies.",1952,"Virginia,  United States",http://www.gd.com/,https://en.wikipedia.org/wiki/general_dynamics,https://x.com/generaldynamics,3730,Ship & Boat Building & Repairing,31-33,Manufacturing,336,Transportation Equipment Manufacturing,3366,Ship And Boat Building,33661,Ship And Boat Building,336611,Ship Building And Repairing 
209,S&P 500,,,Americas,North America,United States,GDDY,GoDaddy,Software & IT Services,Software & Digital Services,digital_services,digital_services;web_hosting,"Provides website hosting, domain registration and digital business services.",2014,"Arizona,  United States","	godaddy.com",https://en.wikipedia.org/wiki/GoDaddy,,7373,Services-Computer Integrated Systems Design,42,Wholesale Trade,443,Electronics And Appliance Stores ,4431,Electronics And Appliance Stores ,44314,Electronics And Appliance Stores ,443142,Electronics Stores 
210,S&P 500,,,Americas,North America,United States,GE,General Electric Company,Aerospace & Defense,Aerospace & Defense,aerospace_defense,aerospace_defense;aerospace_propulsion,"Develops, manufactures and services aerospace propulsion systems and related technologies.",1892,"Massachusetts,  United States",http://www.ge.com/,https://en.wikipedia.org/wiki/general_electric,https://x.com/generalelectric,3600,Electronic & Other Electrical Equipment (No Computer Equip),31-33,Manufacturing,335,"Electrical Equipment, Appliance, And Component Manufacturing",3353,Electrical Equipment Manufacturing,33531,Electrical Equipment Manufacturing,335312,Motor And Generator Manufacturing 
211,S&P 500,,Nasdaq 100,Americas,North America,United States,GEHC,Ge Healthcare Technologies Inc.,Healthcare Equipment & Supplies,Medical Devices,medical_devices,medical_devices;diagnostics,"Develops medical imaging, diagnostics and healthcare technologies.",2022,"Illinois,  United States",https://www.gehealthcare.com,https://en.wikipedia.org/wiki/ge_healthcare,https://x.com/gehealthcare,3844,X-Ray Apparatus & Tubes & Related Irradiation Apparatus,31-33,Manufacturing,325,Chemical Manufacturing,3254,Pharmaceutical And Medicine Manufacturing,32541,Pharmaceutical And Medicine Manufacturing,325411,Medicinal And Botanical Manufacturing 
212,S&P 500,,,Americas,North America,United States,GEN,Gen Digital Inc.,Software & IT Services,Cybersecurity,cybersecurity,cybersecurity;identity_protection,"Develops consumer cybersecurity, identity protection and online privacy technologies.",1988,"Arizona,  United States",https://www.gendigital.com,https://en.wikipedia.org/wiki/gen_digital,https://x.com/gendigitalinc,7372,Prepackaged Software,51,Information,511,Publishing Industries (Except Internet),5112,Software Publishers,51121,Software Publishers,511210,Software Publishers
213,S&P 500,,,Americas,North America,United States,GEV,"	GE Vernova",Electrical Utilities & IPPs,Utilities,power_systems,power_systems;renewable_energy;grid_infrastructure,"Develops power-generation, grid and electrification technologies.",2023,"Massachusetts,  United States","	www.gevernova.com",https://en.wikipedia.org/wiki/GE_Vernova,https://x.com/gevernova,3600,Electronic & Other Electrical Equipment (No Computer Equip),31-33,Manufacturing,333,Machinery Manufacturing,3339,Other General Purpose Machinery Manufacturing,33392,Material Handling Equipment Manufacturing,333921,Elevator And Moving Stairway Manufacturing 
214,S&P 500,,Nasdaq 100,Americas,North America,United States,GILD,"Gilead Sciences, Inc.",Pharmaceuticals,Pharmaceuticals,pharmaceuticals,pharmaceuticals;biotechnology,"Develops, manufactures and markets pharmaceutical products, with additional activities or exposure across biotechnology.",1987,"California,  United States",https://www.gilead.com/,https://en.wikipedia.org/wiki/gilead_sciences,https://x.com/gileadsciences,2836,"Biological Products, (No Disgnostic Substances)",31-33,Manufacturing,325,Chemical Manufacturing,3254,Pharmaceutical And Medicine Manufacturing,32541,Pharmaceutical And Medicine Manufacturing,325412,Pharmaceutical Preparation Manufacturing 
215,S&P 500,,,Americas,North America,United States,GIS,"General Mills, Inc.",Food & Tobacco,Food & Beverage,food_beverage,food_beverage;pet_food,"Produces and distributes branded food, snack and pet nutrition products.",1928,"Minnesota,  United States",https://www.generalmills.com/,https://en.wikipedia.org/wiki/general_mills,https://x.com/generalmills,2040,Grain Mill Products,31-33,Manufacturing,311,Food Manufacturing,3114,Fruit And Vegetable Preserving And Specialty Food Manufacturing,31141,Frozen Food Manufacturing,311412,Frozen Specialty Food Manufacturing 
216,S&P 500,,,Americas,North America,United States,GL,Globe Life Inc.,Insurance,Insurance,insurance,insurance,"Provides life, supplemental health and related insurance products.",1979,"Texas,  United States",http://www.globelifeinsurance.com/,https://en.wikipedia.org/wiki/torchmark_corp.,https://x.com/globelife,6311,Life Insurance,52,Finance And Insurance,524,Insurance Carriers And Related Activities,5241,Insurance Carriers,52411,"Direct Life, Health, And Medical Insurance Carriers ",524113,Direct Life Insurance Carriers 
217,S&P 500,,,Americas,North America,United States,GLW,Corning Incorporated,Electronic Equipment & Parts,Electronics,advanced_materials,advanced_materials;electronics;laboratory_equipment,"Develops advanced glass, ceramics, optical materials and laboratory technologies.",1936,"New York,  United States",https://www.corning.com/,https://en.wikipedia.org/wiki/corning_inc.,https://x.com/corning,3357,Drawing & Insulating Of Nonferrous Wire,31-33,Manufacturing,334,Computer And Electronic Product Manufacturing,3344,Semiconductor And Other Electronic Component Manufacturing,33441,Semiconductor And Other Electronic Component Manufacturing,334419,Other Electronic Component Manufacturing 
218,S&P 500,,,Americas,North America,United States,GM,General Motors Company,Automobiles & Auto Parts,Automotive,automotive,automotive;vehicle_finance;electric_vehicles,"Designs, manufactures and markets passenger and commercial vehicles, with additional activities or exposure across vehicle finance and electric mobility.",2009,"Michigan,  United States",https://www.gm.com/,https://en.wikipedia.org/wiki/general_motors,https://x.com/gm,3711,Motor Vehicles & Passenger Car Bodies,31-33,Manufacturing,336,Transportation Equipment Manufacturing,3362,Motor Vehicle Body And Trailer Manufacturing,33621,Motor Vehicle Body And Trailer Manufacturing,336211,Motor Vehicle Body Manufacturing 
219,S&P 500,,,Americas,North America,United States,GNRC,Generac Holdings Inc.,"Machinery, Equipment & Components",Machinery,power_generation,power_generation;energy_storage,"Develops power-generation, energy-storage and energy-management technologies.",2006,"Wisconsin,  United States",https://www.generac.com,https://en.wikipedia.org/wiki/generac,https://x.com/generac,3621,Motors & Generators,31-33,Manufacturing,335,"Electrical Equipment, Appliance, And Component Manufacturing",3353,Electrical Equipment Manufacturing,33531,Electrical Equipment Manufacturing,335312,Motor And Generator Manufacturing 
220,S&P 500,,Nasdaq 100,Americas,North America,United States,GOOG,Alphabet Inc.,Software & IT Services,Technology Platforms,technology_platforms,technology_platforms;cloud_services;artificial_intelligence;digital_advertising,"Develops digital platforms, cloud services and artificial-intelligence technologies, with additional activities or exposure across digital advertising.",2015,"California,  United States",https://abc.xyz/,https://en.wikipedia.org/wiki/alphabet_inc.,https://x.com/google,7370,"Computer Programming, Data Processing, Etc.",51,Information,519,Other Information Services,5191,Other Information Services,51913,Internet Publishing And Broadcasting And Web Search Portals,519130,Internet Publishing And Broadcasting And Web Search Portals
221,S&P 500,DJIA,Nasdaq 100,Americas,North America,United States,GOOGL,Alphabet Inc.,Software & IT Services,Technology Platforms,technology_platforms,technology_platforms;cloud_services;artificial_intelligence;digital_advertising,"Develops digital platforms, cloud services and artificial-intelligence technologies, with additional activities or exposure across digital advertising.",2015,"California,  United States",https://abc.xyz/,https://en.wikipedia.org/wiki/alphabet_inc.,https://x.com/google,7370,"Computer Programming, Data Processing, Etc.",51,Information,519,Other Information Services,5191,Other Information Services,51913,Internet Publishing And Broadcasting And Web Search Portals,519130,Internet Publishing And Broadcasting And Web Search Portals
222,S&P 500,,,Americas,North America,United States,GPC,Genuine Parts Company,Automobiles & Auto Parts,Industrial Distribution,industrial_distribution,industrial_distribution;automotive_parts,"Distributes automotive replacement parts, industrial components and maintenance products.",1928,"Georgia,  United States",https://www.genpt.com/,https://en.wikipedia.org/wiki/genuine_parts,https://x.com/genuinepartsco,5013,Wholesale-Motor Vehicle Supplies & New Parts,42,Wholesale Trade,423,"Merchant Wholesalers, Durable Goods ",4231,Motor Vehicle And Motor Vehicle Parts And Supplies Merchant Wholesalers ,42312,Motor Vehicle Supplies And New Parts Merchant Wholesalers ,423120,Motor Vehicle Supplies And New Parts Merchant Wholesalers 
223,S&P 500,,,Americas,North America,United States,GPN,Global Payments Inc.,Professional & Commercial Services,FinTech,payments,payments;financial_technology,"Develops payment technologies, merchant services and financial software platforms.",2000,"Georgia,  United States",https://www.globalpaymentsinc.com/,https://en.wikipedia.org/wiki/global_payments_inc.,https://x.com/globalpayinc,7389,"Business Services, Nec",52,Finance And Insurance,522,Credit Intermediation And Related Activities,5223,Activities Related To Credit Intermediation ,52232,"Financial Transactions Processing, Reserve, And Clearinghouse Activities ",522320,"Financial Transactions Processing, Reserve, And Clearinghouse Activities "
224,S&P 500,,,"Europe, The Middle East and Africa",Western Europe,Switzerland,GRMN,Garmin Ltd,Communications & Networking,Consumer Electronics,consumer_electronics,consumer_electronics;navigation;wearables,"Develops navigation, wearable and connected electronic devices.",2010,"Schaffhausen,  Switzerland",https://www.garmin.com/,https://en.wikipedia.org/wiki/garmin_ltd.,https://x.com/garmin,3812,"Search, Detection, Navagation, Guidance, Aeronautical Sys",31-33,Manufacturing,334,Computer And Electronic Product Manufacturing,3345,"Navigational, Measuring, Electromedical, And Control Instruments Manufacturing",33451,"Navigational, Measuring, Electromedical, And Control Instruments Manufacturing",334511,"Search, Detection, Navigation, Guidance, Aeronautical, And Nautical System And Instrument Manufacturing "
225,S&P 500,DJIA,,Americas,North America,United States,GS,"The Goldman Sachs Group, Inc.",Investment Banking & Investment Services,Investment Services,investment_banking,investment_banking;asset_management;wealth_management,"Provides investment banking, asset management and wealth-management services.",1998,"New York,  United States",https://www.goldmansachs.com/,https://en.wikipedia.org/wiki/goldman_sachs_group,https://x.com/goldmansachs,6211,"Security Brokers, Dealers & Flotation Companies",52,Finance And Insurance,523,"Securities, Commodity Contracts, And Other Financial Investments And Related Activities",5231,Securities And Commodity Contracts Intermediation And Brokerage,52311,Investment Banking And Securities Dealing ,523110,Investment Banking And Securities Dealing 
226,S&P 500,,,Americas,North America,United States,GWW,"W.W. Grainger, Inc.","Machinery, Equipment & Components",Industrial Distribution,industrial_distribution,industrial_distribution;industrial_supplies,"Distributes maintenance, repair, operating supplies and industrial products.",1928,"Illinois,  United States",http://grainger.com/,https://en.wikipedia.org/wiki/grainger_(w.w.)_inc.,https://x.com/grainger,5000,Wholesale-Durable Goods,42,Wholesale Trade,423,"Merchant Wholesalers, Durable Goods ",4236,Household Appliances And Electrical And Electronic Goods Merchant Wholesalers ,42361,"Electrical Apparatus And Equipment, Wiring Supplies, And Related Equipment Merchant Wholesalers ",423610,"Electrical Apparatus And Equipment, Wiring Supplies, And Related Equipment Merchant Wholesalers "
227,S&P 500,,,Americas,North America,United States,HAL,Halliburton Company,Oil & Gas Related Equipment and Services,Energy Equipment & Services,energy_equipment,energy_equipment;oilfield_services,"Provides oilfield services, drilling technologies and energy engineering solutions.",1996,"Texas,  United States",https://www.halliburton.com/,https://en.wikipedia.org/wiki/halliburton_co.,https://x.com/halliburton,1389,"Oil & Gas Field Services, Nec",21,"Mining, Quarrying, And Oil And Gas Extraction",213,Support Activities For Mining,2131,Support Activities For Mining,21311,Support Activities For Mining,213112,Support Activities For Oil And Gas Operations 
228,S&P 500,,,Americas,North America,United States,HAS,"Hasbro, Inc.",Professional & Commercial Services,Leisure Products,toys_games,toys_games;digital_content;media_entertainment,"Designs, manufactures and markets toys, games and entertainment content.",1926,"Rhode Island,  United States",https://hasbro.gcs-web.com/,https://en.wikipedia.org/wiki/hasbro_inc.,https://x.com/hasbro,3944,"Games, Toys & Children'S Vehicles (No Dolls & Bicycles)",31-33,Manufacturing,339,Miscellaneous Manufacturing,3399,Other Miscellaneous Manufacturing,33993,"Doll, Toy, And Game Manufacturing",339930,"Doll, Toy, And Game Manufacturing"
229,S&P 500,,,Americas,North America,United States,HBAN,Huntington Bancshares Incorporated,Banking Services,Banking,banking,banking;wealth_management,"Provides retail, commercial and wealth-management banking services.",1966,"Ohio,  United States",http://www.huntington.com/,https://en.wikipedia.org/wiki/huntington_bancshares,https://x.com/huntington_bank,6021,National Commercial Banks,52,Finance And Insurance,522,Credit Intermediation And Related Activities,5221,Depository Credit Intermediation ,52211,Commercial Banking ,522110,Commercial Banking 
230,S&P 500,,,Americas,North America,United States,HCA,"Hca Healthcare, Inc.",Healthcare Providers & Services,Healthcare Providers & Services,healthcare_services,healthcare_services;hospital_services,"Operates hospitals, outpatient facilities and related healthcare services.",2010,"Tennessee,  United States",http://www.hcahealthcare.com/,https://en.wikipedia.org/wiki/hca_healthcare,https://x.com/hcahealthcare,8062,"General Medical & Surgical Hospitals, Nec",62,Health Care And Social Assistance,622,Hospitals,6221,General Medical And Surgical Hospitals,62211,General Medical And Surgical Hospitals,622110,General Medical And Surgical Hospitals 
231,S&P 500,DJIA,,Americas,North America,United States,HD,"The Home Depot, Inc.",Specialty Retailers,Retail,home_improvement_retail,home_improvement_retail;building_products,"Operates home-improvement retail businesses, with additional activities or exposure across installation and building products.",1978,"Georgia,  United States",https://www.homedepot.com/,https://en.wikipedia.org/wiki/home_depot,https://x.com/homedepot,5211,Lumber & Other Building Materials Dealers,44-45,Retail Trade,444,Building Material And Garden Equipment And Supplies Dealers ,4441,Building Material And Supplies Dealers ,44411,Home Centers ,444110,Home Centers 
232,S&P 500,,,Americas,North America,United States,HIG,"The Hartford Financial Services Group, Inc.",Insurance,Insurance,insurance,insurance;asset_management,"Provides commercial and personal insurance products, with additional activities or exposure across investment management.",1985,"Connecticut,  United States",http://thehartford.com/,https://en.wikipedia.org/wiki/hartford_financial_svc.gp.,,6331,"Fire, Marine & Casualty Insurance",52,Finance And Insurance,524,Insurance Carriers And Related Activities,5241,Insurance Carriers,52412,"Direct Insurance (Except Life, Health, And Medical) Carriers ",524126,Direct Property And Casualty Insurance Carriers 
233,S&P 500,,,Americas,North America,United States,HII,"Huntington Ingalls Industries, Inc.",Aerospace & Defense,Aerospace & Defense,aerospace_defense,aerospace_defense;shipbuilding,"Designs, builds and supports naval ships, defence systems and military technologies.",2010,"Virginia,  United States",http://www.huntingtoningalls.com/,https://en.wikipedia.org/wiki/huntington_ingalls_industries,https://x.com/wearehii,3730,Ship & Boat Building & Repairing,31-33,Manufacturing,336,Transportation Equipment Manufacturing,3366,Ship And Boat Building,33661,Ship And Boat Building,336611,Ship Building And Repairing 
234,S&P 500,,,Americas,North America,United States,HLT,Hilton Worldwide Holdings Inc.,Hotels & Entertainment Services,"Leisure, Hospitality & Travel",hospitality,hospitality;hotel_management,"Operates, manages and franchises hotels, resorts and hospitality brands.",2010,"Virginia,  United States",https://www.hilton.com/,https://en.wikipedia.org/wiki/hilton_worldwide_holdings_inc,https://x.com/hiltonhotels,7011,Hotels & Motels,72,Accommodation And Food Services,721,Accommodation,7211,Traveler Accommodation,72111,Hotels (Except Casino Hotels) And Motels,721110,Hotels (Except Casino Hotels) And Motels 
235,S&P 500,DJIA,Nasdaq 100,Americas,North America,United States,HON,Honeywell International Inc.,Consumer Goods Conglomerates,Machinery,industrial_automation,industrial_automation;building_automation;aerospace_systems,"Develops industrial automation, building technologies and aerospace systems.",1999,"North Carolina,  United States",http://www.honeywell.com/,https://en.wikipedia.org/wiki/Honeywell,https://x.com/honeywell,3724,Aircraft Engines & Engine Parts,31-33,Manufacturing,333,Machinery Manufacturing,3339,Other General Purpose Machinery Manufacturing,33399,All Other General Purpose Machinery Manufacturing,333999,All Other Miscellaneous General Purpose Machinery Manufacturing 
236,S&P 500,,Nasdaq 100,Americas,North America,United States,HONA,Honeywell Aerospace,Aerospace & Defense,Aerospace & Defense,aerospace_defense,aerospace_defense;aerospace_systems,"Develops aerospace systems, propulsion and mission-critical defence technologies.",2026,"Arizona, United States",https://aerospace.honeywell.com/,https://en.wikipedia.org/wiki/Honeywell_Aerospace,https://x.com/honeywellaero,3724,Aircraft Engines & Engine Parts,31-33,Manufacturing,336,Transportation Equipment Manufacturing,3364,Aerospace Product And Parts Manufacturing,33641,Aerospace Product And Parts Manufacturing,336413,Other Aircraft Parts And Auxiliary Equipment Manufacturing
237,S&P 500,,,Americas,North America,United States,HOOD,Robinhood Markets,Financial Technology (Fintech) & Infrastructure,FinTech,digital_brokerage,digital_brokerage;cryptocurrency;payments,"Operates digital investment, brokerage and cryptocurrency trading platforms.",2013,"California,  United States",http://robinhood.com/,https://en.wikipedia.org/wiki/Robinhood_Markets,,6211,"Security Brokers, Dealers & Flotation Companies",52,Finance And Insurance,523,"Securities, Commodity Contracts, And Other Financial Investments And Related Activities",5231,Securities And Commodity Contracts Intermediation And Brokerage,52312,Securities Brokerage ,523120,Securities Brokerage 
238,S&P 500,,,Americas,North America,United States,HPE,Hewlett Packard Enterprise Company,"Computers, Phones & Household Electronics",Technology Platforms,enterprise_infrastructure,enterprise_infrastructure;cloud_services;networking_equipment,"Develops enterprise computing, networking and hybrid cloud infrastructure technologies.",2015,"Texas,  United States",https://www.hpe.com/,https://en.wikipedia.org/wiki/hewlett_packard_enterprise,https://x.com/hp,5045,Wholesale-Computers & Peripheral Equipment & Software,31-33,Manufacturing,334,Computer And Electronic Product Manufacturing,3341,Computer And Peripheral Equipment Manufacturing,33411,Computer And Peripheral Equipment Manufacturing,334111,Electronic Computer Manufacturing 
239,S&P 500,,,Americas,North America,United States,HPQ,Hp Inc.,"Computers, Phones & Household Electronics",Consumer Electronics,computer_hardware,computer_hardware;printing,"Develops personal computing, printing and related digital technologies.",1998,"California,  United States",http://www8.hp.com/,https://en.wikipedia.org/wiki/hp_inc.,https://x.com/hp,3570,Computer & Office Equipment,31-33,Manufacturing,334,Computer And Electronic Product Manufacturing,3341,Computer And Peripheral Equipment Manufacturing,33411,Computer And Peripheral Equipment Manufacturing,334111,Electronic Computer Manufacturing 
240,S&P 500,,,Americas,North America,United States,HRL,Hormel Foods Corporation,Food & Tobacco,Food & Beverage,food_beverage,food_beverage,Produces and distributes branded food and nutrition products.,1928,"Minnesota,  United States",https://www.hormelfoods.com/,https://en.wikipedia.org/wiki/hormel_foods_corp.,https://x.com/hormelfoods,2011,Meat Packing Plants,31-33,Manufacturing,311,Food Manufacturing,3116,Animal Slaughtering And Processing,31161,Animal Slaughtering And Processing,311612,Meat Processed From Carcasses 
241,S&P 500,,,Americas,North America,United States,HSIC,"Henry Schein, Inc.",Healthcare Equipment & Supplies,Medical Devices,medical_devices,medical_devices;healthcare_distribution,"Distributes medical, dental and healthcare technologies, with additional activities or exposure across practice-management software.",1992,"New York,  United States",https://www.henryschein.co.uk/,https://en.wikipedia.org/wiki/henry_schein,https://x.com/henryschein,5047,"Wholesale-Medical, Dental & Hospital Equipment & Supplies",42,Wholesale Trade,423,"Merchant Wholesalers, Durable Goods ",4234,Professional And Commercial Equipment And Supplies Merchant Wholesalers ,42345,"Medical, Dental, And Hospital Equipment And Supplies Merchant Wholesalers ",423450,"Medical, Dental, And Hospital Equipment And Supplies Merchant Wholesalers "
242,S&P 500,,,Americas,North America,United States,HST,"Host Hotels & Resorts, Inc.",Residential & Commercial REIT,Real Estate Investment Trusts (REITs),hospitality_real_estate,hospitality_real_estate,Owns and manages hotel and hospitality real-estate assets.,1998,"Maryland,  United States",http://www.hosthotels.com/,https://en.wikipedia.org/wiki/host_hotels_%26_resorts,,6798,Real Estate Investment Trusts,52,Finance And Insurance,525,"Funds, Trusts, And Other Financial Vehicles ",5259,Other Investment Pools And Funds,52599,Other Financial Vehicles ,525990,Other Financial Vehicles 
243,S&P 500,,,Americas,North America,United States,HSY,The Hershey Company,Food & Tobacco,Food & Beverage,food_beverage,food_beverage;snack_foods,"Produces and distributes confectionery, snacks and related food products.",1927,"Pennsylvania,  United States",https://www.thehersheycompany.com/,https://en.wikipedia.org/wiki/the_hershey_company,https://x.com/hersheycompany,2060,Sugar & Confectionery Products,31-33,Manufacturing,311,Food Manufacturing,3113,Sugar And Confectionery Product Manufacturing,31135,Chocolate And Confectionery Manufacturing,311352,Confectionery Manufacturing From Purchased Chocolate 
244,S&P 500,,,Americas,North America,United States,HUBB,Hubbell Incorporated,"Machinery, Equipment & Components",Machinery,electrical_equipment,electrical_equipment;grid_infrastructure,"Develops electrical infrastructure, utility equipment and power-distribution technologies.",1905,"Connecticut,  United States","	hubbell.com",https://en.wikipedia.org/wiki/Hubbell_Incorporated,,3670,Electronic Components & Accessories,31-33,Manufacturing,326,Plastics And Rubber Products Manufacturing,3261,Plastics Product Manufacturing,32619,Other Plastics Product Manufacturing,326199,All Other Plastics Product Manufacturing 
245,S&P 500,,,Americas,North America,United States,HUM,Humana Inc.,Healthcare Providers & Services,Healthcare Providers & Services,healthcare_services,healthcare_services;health_insurance,"Provides health insurance, pharmacy and integrated healthcare services.",1964,"Kentucky,  United States",http://www.humana.com/,https://en.wikipedia.org/wiki/humana_inc.,https://x.com/inchumana,6324,Hospital & Medical Service Plans,62,Health Care And Social Assistance,621,Ambulatory Health Care Services,6216,Home Health Care Services,62161,Home Health Care Services,621610,Home Health Care Services
246,S&P 500,,,Americas,North America,United States,HWM,Howmet Aerospace Inc.,Aerospace & Defense,Aerospace & Defense,aerospace_components,aerospace_components;advanced_materials,"Develops engineered aerospace components, fastening systems and lightweight metal technologies.",2017,"Pennsylvania,  United States",http://www.howmet.com/,https://en.wikipedia.org/wiki/howmet_aerospace,,3350,Rolling Drawing & Extruding Of Nonferrous Metals,31-33,Manufacturing,336,Transportation Equipment Manufacturing,3364,Aerospace Product And Parts Manufacturing,33641,Aerospace Product And Parts Manufacturing,336413,Other Aircraft Parts And Auxiliary Equipment Manufacturing 
247,S&P 500,,,Americas,North America,United States,IBKR,Interactive Brokers,Investment Banking & Investment Services,Investment Services,brokerage,brokerage;trading_platforms,"Provides electronic brokerage, trading platforms and investment services.",1978,"Connecticut,  United States",http://interactivebrokers.com/,https://en.wikipedia.org/wiki/Interactive_Brokers,,6211,"Security Brokers, Dealers & Flotation Companies",52,Finance And Insurance,523,"Securities, Commodity Contracts, And Other Financial Investments And Related Activities",5231,Securities And Commodity Contracts Intermediation And Brokerage,52312,Securities Brokerage ,523120,Securities Brokerage 
248,S&P 500,DJIA,,Americas,North America,United States,IBM,International Business Machines Corporation,Software & IT Services,Software & Digital Services,enterprise_software,enterprise_software;cloud_services;artificial_intelligence;consulting,"Develops enterprise software, hybrid cloud and artificial-intelligence technologies, with additional activities or exposure across consulting.",1911,"New York,  United States",https://www.ibm.com/,https://en.wikipedia.org/wiki/ibm,https://x.com/ibm,3570,Computer & Office Equipment,54,"Professional, Scientific, And Technical Services",541,"Professional, Scientific, And Technical Services",5415,Computer Systems Design And Related Services,54151,Computer Systems Design And Related Services,541512,Computer Systems Design Services 
249,S&P 500,,,Americas,North America,United States,ICE,"Intercontinental Exchange, Inc.",Investment Banking & Investment Services,Capital Markets & Advisory,exchange_services,exchange_services;financial_technology;market_data,"Operates exchanges, clearing services and financial market infrastructure, with additional activities or exposure across mortgage technology.",2013,"Georgia,  United States",http://www.intercontinentalexchange.com/,https://en.wikipedia.org/wiki/intercontinental_exchange,https://x.com/ice_markets,6200,"Security & Commodity Brokers, Dealers, Exchanges & Services",52,Finance And Insurance,523,"Securities, Commodity Contracts, And Other Financial Investments And Related Activities",5232,Securities And Commodity Exchanges,52321,Securities And Commodity Exchanges,523210,Securities And Commodity Exchanges
250,S&P 500,,Nasdaq 100,Americas,North America,United States,IDXX,"Idexx Laboratories, Inc.",Healthcare Equipment & Supplies,Medical Devices,diagnostics,diagnostics;veterinary_health;laboratory_equipment,"Develops veterinary diagnostics, laboratory technologies and related healthcare services.",1983,"Maine,  United States",https://www.idexx.co.uk/,https://en.wikipedia.org/wiki/idexx_laboratories,https://x.com/idexx,2835,In Vitro & In Vivo Diagnostic Substances,31-33,Manufacturing,325,Chemical Manufacturing,3254,Pharmaceutical And Medicine Manufacturing,32541,Pharmaceutical And Medicine Manufacturing,325412,Pharmaceutical Preparation Manufacturing 
251,S&P 500,,,Americas,North America,United States,IEX,Idex Corporation,"Machinery, Equipment & Components",Machinery,industrial_machinery,industrial_machinery;fluid_management,"Designs, manufactures and supplies fluid-handling, metering and industrial engineering technologies.",1987,"Illinois,  United States",http://www.idexcorp.com/,https://en.wikipedia.org/wiki/idex_corporation,,3561,Pumps & Pumping Equipment,31-33,Manufacturing,333,Machinery Manufacturing,3332,Industrial Machinery Manufacturing,33324,Industrial Machinery Manufacturing,333249,Other Industrial Machinery Manufacturing 
252,S&P 500,,,Americas,North America,United States,IFF,International Flavors & Fragrances Inc.,Food & Tobacco,Food & Beverage,food_ingredients,food_ingredients;biotechnology;household_products,"Develops flavours, fragrances, specialty ingredients and biotechnology solutions for food, beverage and consumer markets.",1909,"New York,  United States",http://www.iff.com/,https://en.wikipedia.org/wiki/international_flavors_%26_fragrances,https://x.com/iff,2860,Industrial Organic Chemicals,31-33,Manufacturing,325,Chemical Manufacturing,3251,Basic Chemical Manufacturing,32519,Other Basic Organic Chemical Manufacturing,325199,All Other Basic Organic Chemical Manufacturing 
253,S&P 500,,,Americas,North America,United States,INCY,Incyte Corporation,Pharmaceuticals,Pharmaceuticals,pharmaceuticals,pharmaceuticals;biotechnology,"Develops, manufactures and markets pharmaceutical products, with additional activities or exposure across biotechnology.",1991,"Delaware,  United States",https://www.incyte.com/,https://en.wikipedia.org/wiki/incyte,https://x.com/incyte,8731,Commercial Physical & Biological Research,54,"Professional, Scientific, And Technical Services",541,"Professional, Scientific, And Technical Services",5417,Scientific Research And Development Services,54171,"Research And Development In The Physical, Engineering, And Life Sciences",541715,"Research And Development In The Physical, Engineering, And Life Sciences (Except Nanotechnology And Biotechnology) "
254,S&P 500,,Nasdaq 100,Americas,North America,United States,INTC,Intel Corporation,Semiconductors & Semiconductor Equipment,Semiconductors,semiconductors,semiconductors;artificial_intelligence;foundry_services,"Designs, manufactures and supplies semiconductor technologies, with additional activities or exposure across foundry services and artificial intelligence.",1989,"California,  United States",https://www.intc.com/,https://en.wikipedia.org/wiki/intel_corp.,https://x.com/intel,3674,Semiconductors & Related Devices,31-33,Manufacturing,334,Computer And Electronic Product Manufacturing,3344,Semiconductor And Other Electronic Component Manufacturing,33441,Semiconductor And Other Electronic Component Manufacturing,334413,Semiconductor And Related Device Manufacturing 
255,S&P 500,,Nasdaq 100,Americas,North America,United States,INTU,Intuit Inc.,Financial Technology (Fintech) & Infrastructure,FinTech,financial_technology,financial_technology;payments;enterprise_software,"Develops financial management, accounting, tax and payment software platforms.",1993,"California,  United States",https://www.intuit.com/,https://en.wikipedia.org/wiki/intuit_inc.,https://x.com/intuit,7372,Prepackaged Software,51,Information,511,Publishing Industries (Except Internet),5112,Software Publishers,51121,Software Publishers,511210,Software Publishers
256,S&P 500,,,Americas,North America,United States,INVH,Invitation Homes Inc.,Residential & Commercial REIT,Real Estate Investment Trusts (REITs),residential_real_estate,residential_real_estate;property_management,"Owns, develops and manages single-family residential real-estate assets.",2017,"Texas,  United States",https://www.invitationhomes.com,https://en.wikipedia.org/wiki/invitation_homes,,6510,Real Estate Operators (No Developers) & Lessors,52,Finance And Insurance,525,"Funds, Trusts, And Other Financial Vehicles ",5259,Other Investment Pools And Funds,52599,Other Financial Vehicles ,525990,Other Financial Vehicles 
257,S&P 500,,,Americas,North America,United States,IP,International Paper Company,Containers & Packaging,Packaging,packaging,packaging;paper_products,"Develops and supplies fibre-based packaging, recycling and related industrial solutions.",1941,"Tennessee,  United States",http://www.internationalpaper.com/,https://en.wikipedia.org/wiki/international_paper,https://x.com/intlpaperco,2621,Paper Mills,31-33,Manufacturing,322,Paper Manufacturing,3222,Converted Paper Product Manufacturing,32221,Paperboard Container Manufacturing,322212,Folding Paperboard Box Manufacturing 
258,S&P 500,,,Americas,North America,United States,IQV,Iqvia Holdings Inc,Biotechnology & Medical Research,Biotechnology,clinical_research,clinical_research;healthcare_analytics;biotechnology,"Provides clinical research, healthcare analytics and technology services to life-science organisations.",2016,"North Carolina,  United States",http://www.iqvia.com/,https://en.wikipedia.org/wiki/iqvia,https://x.com/iqvia_global,8731,Commercial Physical & Biological Research,62,Health Care And Social Assistance,621,Ambulatory Health Care Services,6213,Offices Of Other Health Practitioners,62139,Offices Of All Other Health Practitioners,621399,Offices Of All Other Miscellaneous Health Practitioners 
259,S&P 500,,,Americas,North America,United States,IR,Ingersoll Rand Inc.,"Machinery, Equipment & Components",Machinery,industrial_machinery,industrial_machinery;fluid_management,"Develops industrial flow-control, compression and life-science technologies.",2013,"North Carolina,  United States",http://www.irco.com/,https://en.wikipedia.org/wiki/ingersoll_rand,https://x.com/irproducts,3560,General Industrial Machinery & Equipment,31-33,Manufacturing,333,Machinery Manufacturing,3334,"Ventilation, Heating, Air-Conditioning, And Commercial Refrigeration Equipment Manufacturing",33341,"Ventilation, Heating, Air-Conditioning, And Commercial Refrigeration Equipment Manufacturing",333415,Air-Conditioning And Warm Air Heating Equipment And Commercial And Industrial Refrigeration Equipment Manufacturing 
260,S&P 500,,,Americas,North America,United States,IRM,Iron Mountain Incorporated,Residential & Commercial REIT,Real Estate Investment Trusts (REITs),data_centres,data_centres;information_management,"Provides information management and data-centre services, with additional activities or exposure across records management.",2014,"New Hampshire,  United States",http://www.ironmountain.com/,https://en.wikipedia.org/wiki/iron_mountain_incorporated,https://x.com/ironmountain,6798,Real Estate Investment Trusts,52,Finance And Insurance,525,"Funds, Trusts, And Other Financial Vehicles ",5259,Other Investment Pools And Funds,52599,Other Financial Vehicles ,525990,Other Financial Vehicles 
261,S&P 500,,Nasdaq 100,Americas,North America,United States,ISRG,"Intuitive Surgical, Inc.",Healthcare Equipment & Supplies,Medical Devices,medical_devices,medical_devices;robotic_surgery,Develops robotic-assisted surgical systems and related healthcare technologies.,1995,"California,  United States",http://www.intuitive.com/,https://en.wikipedia.org/wiki/intuitive_surgical_inc.,https://x.com/intuitivesurg,3842,"Orthopedic, Prosthetic & Surgical Appliances & Supplies",31-33,Manufacturing,339,Miscellaneous Manufacturing,3391,Medical Equipment And Supplies Manufacturing,33911,Medical Equipment And Supplies Manufacturing,339112,Surgical And Medical Instrument Manufacturing 
262,S&P 500,,,Americas,North America,United States,IT,"Gartner, Inc.",Software & IT Services,Professional Services,consulting,consulting;research_services,"Provides business research, advisory and consulting services.",1990,"Connecticut,  United States",https://www.gartner.com/,https://en.wikipedia.org/wiki/gartner,https://x.com/gartner_inc,8741,Management Services,54,"Professional, Scientific, And Technical Services",541,"Professional, Scientific, And Technical Services",5416,"Management, Scientific, And Technical Consulting Services",54161,Management Consulting Services,541611,Administrative Management And General Management Consulting Services 
263,S&P 500,,,Americas,North America,United States,ITW,Illinois Tool Works Inc.,Consumer Goods Conglomerates,Machinery,industrial_machinery,industrial_machinery;industrial_components,"Designs, manufactures and supplies industrial equipment, engineered components and automation technologies.",1961,"Illinois,  United States",http://www.itw.com/,https://en.wikipedia.org/wiki/illinois_tool_works,,3560,General Industrial Machinery & Equipment,31-33,Manufacturing,333,Machinery Manufacturing,3339,Other General Purpose Machinery Manufacturing,33399,All Other General Purpose Machinery Manufacturing,333999,All Other Miscellaneous General Purpose Machinery Manufacturing 
264,S&P 500,,,Americas,North America,United States,IVZ,Invesco Ltd.,Investment Banking & Investment Services,Investment Services,asset_management,asset_management;wealth_management,"Provides asset-management, investment and related advisory services.",2007,"Georgia,  United States",http://www.invesco.com/,https://en.wikipedia.org/wiki/invesco_ltd.,https://x.com/invescous,6282,Investment Advice,52,Finance And Insurance,523,"Securities, Commodity Contracts, And Other Financial Investments And Related Activities",5239,Other Financial Investment Activities,52393,Investment Advice ,523930,Investment Advice 
265,S&P 500,,,Americas,North America,United States,J,Jacobs Solutions Inc.,Professional & Commercial Services,Professional Services,engineering_services,engineering_services;consulting,"Provides engineering, consulting and infrastructure services.",2022,"Texas,  United States",http://www.jacobs.com/,https://en.wikipedia.org/wiki/jacobs_engineering_group,https://x.com/jacobsconnects,1600,Heavy Construction Other Than Bldg Const - Contractors,54,"Professional, Scientific, And Technical Services",541,"Professional, Scientific, And Technical Services",5413,"Architectural, Engineering, And Related Services",54133,Engineering Services,541330,Engineering Services
266,S&P 500,,,Americas,North America,United States,JBHT,"J. B. Hunt Transport Services, Inc.",Freight & Logistics Services,Logistics,logistics,logistics;freight_transport;intermodal,"Provides freight transportation, intermodal logistics and supply-chain services.",1961,"Arkansas,  United States",https://www.jbhunt.com/,https://en.wikipedia.org/wiki/j._b._hunt,,4213,Trucking (No Local),48-49,Transportation And Warehousing,484,Truck Transportation,4841,General Freight Trucking,48412,"General Freight Trucking, Long-Distance",484122,"General Freight Trucking, Long-Distance, Less Than Truckload "
267,S&P 500,,,Americas,North America,United States,JBL,"	Jabil",Electronic Equipment & Parts,Electronics,electronics_manufacturing,electronics_manufacturing;cloud_infrastructure,"Provides electronics manufacturing, engineering and supply-chain solutions.",1992,"Florida,  United States","	jabil.com",https://en.wikipedia.org/wiki/Jabil,,3672,Printed Circuit Boards,54,"Professional, Scientific, And Technical Services",541,"Professional, Scientific, And Technical Services",5413,"Architectural, Engineering, And Related Services",54133,Engineering Services,541330,Engineering Services
268,S&P 500,,,Americas,North America,United States,JCI,Johnson Controls International Plc,"Machinery, Equipment & Components",Machinery,building_automation,building_automation;climate_technology;physical_security,"Develops building automation, climate-control and security technologies.",2014,"Cork,  Ireland",http://johnsoncontrols.com/,https://en.wikipedia.org/wiki/johnson_controls,https://x.com/johnsoncontrols,3585,Air-Cond & Warm Air Heatg Equip & Comm & Indl Refrig Equip,23,Construction,237,Heavy And Civil Engineering Construction,2379,Other Heavy And Civil Engineering Construction,23799,Other Heavy And Civil Engineering Construction,237990,Other Heavy And Civil Engineering Construction 
269,S&P 500,,,Americas,North America,United States,JKHY,"Jack Henry & Associates, Inc.",Software & IT Services,FinTech,financial_technology,financial_technology;payments;banking_software,"Develops banking software, payment technologies and digital financial platforms.",1985,"Missouri,  United States",https://www.jackhenry.com/,https://en.wikipedia.org/wiki/jack_henry_%26_associates,https://x.com/jh_fintech,7373,Computer Integrated Systems Design,54,"Professional, Scientific, And Technical Services",541,"Professional, Scientific, And Technical Services",5415,Computer Systems Design And Related Services,54151,Computer Systems Design And Related Services,541512,Computer Systems Design Services 
270,S&P 500,DJIA,,Americas,North America,United States,JNJ,Johnson & Johnson,Pharmaceuticals,Pharmaceuticals,pharmaceuticals,pharmaceuticals;medical_devices,"Develops, manufactures and markets pharmaceutical products, with additional activities or exposure across medical devices.",1887,"New Jersey,  United States",https://www.jnj.com/,https://en.wikipedia.org/wiki/johnson_%26_johnson,https://x.com/jnjnews,2834,Pharmaceutical Preparations,31-33,Manufacturing,325,Chemical Manufacturing,3254,Pharmaceutical And Medicine Manufacturing,32541,Pharmaceutical And Medicine Manufacturing,325412,Pharmaceutical Preparation Manufacturing 
271,S&P 500,DJIA,,Americas,North America,United States,JPM,Jpmorgan Chase & Co.,Banking Services,Banking,banking,banking;investment_banking;wealth_management;payments,"Provides retail, commercial and investment banking services, with additional activities or exposure across wealth management and payments.",1968,"New York,  United States",https://www.jpmorgan.com/,https://en.wikipedia.org/wiki/JPMorgan_Chase,https://x.com/jpmorgan,6021,National Commercial Banks,52,Finance And Insurance,522,Credit Intermediation And Related Activities,5221,Depository Credit Intermediation ,52211,Commercial Banking ,522110,Commercial Banking 
272,S&P 500,,Nasdaq 100,Americas,North America,United States,KDP,Keurig Dr Pepper Inc.,Beverages,Food & Beverage,beverages,beverages;consumer_beverages,"Produces and distributes hot and cold beverages, brewing systems and related consumer products.",2007,"Massachusetts,  United States",https://www.keurigdrpepper.com,https://en.wikipedia.org/wiki/keurig_dr_pepper,https://x.com/keurig,2080,Beverages,31-33,Manufacturing,312,Beverage And Tobacco Product Manufacturing,3121,Beverage Manufacturing,31211,Soft Drink And Ice Manufacturing,312111,Soft Drink Manufacturing 
273,S&P 500,,,Americas,North America,United States,KEY,Keycorp,Banking Services,Banking,banking,banking;investment_banking;wealth_management,"Provides retail, commercial and investment banking services.",1958,"Ohio,  United States",http://www.key.com/,https://en.wikipedia.org/wiki/keycorp,https://x.com/keybank,6021,National Commercial Banks,52,Finance And Insurance,522,Credit Intermediation And Related Activities,5221,Depository Credit Intermediation ,52211,Commercial Banking ,522110,Commercial Banking 
274,S&P 500,,,Americas,North America,United States,KEYS,"Keysight Technologies, Inc.","Machinery, Equipment & Components",Electronics,electronic_test_equipment,electronic_test_equipment;enterprise_software,"Develops electronic test, measurement and engineering software solutions.",2013,"California,  United States",https://www.keysight.com/,https://en.wikipedia.org/wiki/keysight_technologies,https://x.com/keysight,3823,"Industrial Instruments For Measurement, Display, And Control",31-33,Manufacturing,334,Computer And Electronic Product Manufacturing,3345,"Navigational, Measuring, Electromedical, And Control Instruments Manufacturing",33451,"Navigational, Measuring, Electromedical, And Control Instruments Manufacturing",334513,"Instruments And Related Products Manufacturing For Measuring, Displaying, And Controlling Industrial Process Variables "
275,S&P 500,,Nasdaq 100,Americas,North America,United States,KHC,The Kraft Heinz Company,Food & Tobacco,Food & Beverage,food_beverage,food_beverage,"Produces and distributes packaged food, beverage and nutrition products.",2013,"Pennsylvania,  United States",https://www.kraftheinzcompany.com/,https://en.wikipedia.org/wiki/kraft_heinz,https://x.com/kraftheinzco,2030,"Canned, Frozen & Preservd Fruit, Veg & Food Specialties",31-33,Manufacturing,311,Food Manufacturing,3119,Other Food Manufacturing,31199,All Other Food Manufacturing,311999,All Other Miscellaneous Food Manufacturing 
276,S&P 500,,,Americas,North America,United States,KIM,Kimco Realty Corporation.,Residential & Commercial REIT,Real Estate Investment Trusts (REITs),commercial_real_estate,commercial_real_estate;mixed_use_property,"Owns, develops and manages shopping-centre and mixed-use real-estate assets.",2022,"New York,  United States",http://www.kimcorealty.com/,https://en.wikipedia.org/wiki/kimco_realty,https://x.com/kimcorealty,6798,Real Estate Investment Trusts,52,Finance And Insurance,525,"Funds, Trusts, And Other Financial Vehicles ",5259,Other Investment Pools And Funds,52599,Other Financial Vehicles ,525990,Other Financial Vehicles 
277,S&P 500,,,Americas,North America,United States,KKR,KKR & Co.,Investment Banking & Investment Services,Investment Services,alternative_investments,alternative_investments;asset_management;insurance,"Provides alternative asset-management, capital-markets and insurance solutions.",2021,"New York,  United States","	kkr.com",https://en.wikipedia.org/wiki/Kohlberg_Kravis_Roberts,https://x.com/kkr_co,6282,Investment Advice,52,Finance And Insurance,523,"Securities, Commodity Contracts, And Other Financial Investments And Related Activities",5239,Other Financial Investment Activities,52393,Investment Advice ,523930,Investment Advice 
278,S&P 500,,Nasdaq 100,Americas,North America,United States,KLAC,Kla Corporation,Semiconductors & Semiconductor Equipment,Semiconductors,semiconductor_equipment,semiconductor_equipment;semiconductor_analytics,"Develops semiconductor inspection, metrology and process-control technologies.",1975,"California,  United States",https://www.kla-tencor.com/,https://en.wikipedia.org/wiki/kla_corporation,https://x.com/klacorp,3827,Optical Instruments & Lenses,31-33,Manufacturing,334,Computer And Electronic Product Manufacturing,3344,Semiconductor And Other Electronic Component Manufacturing,33441,Semiconductor And Other Electronic Component Manufacturing,334413,Semiconductor And Related Device Manufacturing 
279,S&P 500,,,Americas,North America,United States,KMB,Kimberly-Clark Corporation,Personal & Household Products & Services,Household Products,household_products,household_products;personal_care,"Develops, manufactures and markets household, tissue and personal-care products.",1928,"Texas,  United States",https://www.kimberly-clark.com/,https://en.wikipedia.org/wiki/kimberly-clark,https://x.com/kccorp,2670,Converted Paper & Paperboard Prods (No Contaners/Boxes),31-33,Manufacturing,322,Paper Manufacturing,3222,Converted Paper Product Manufacturing,32229,Other Converted Paper Product Manufacturing,322291,Sanitary Paper Product Manufacturing 
280,S&P 500,,,Americas,North America,United States,KMI,"Kinder Morgan, Inc.",Oil & Gas Related Equipment and Services,Energy Equipment & Services,energy_infrastructure,energy_infrastructure;pipeline_infrastructure,"Operates energy transportation, pipeline and storage infrastructure.",2006,"Texas,  United States",https://www.kindermorgan.com/,https://en.wikipedia.org/wiki/kinder_morgan,https://x.com/kinder_morgan,4922,Natural Gas Transmission,21,"Mining, Quarrying, And Oil And Gas Extraction",213,Support Activities For Mining,2131,Support Activities For Mining,21311,Support Activities For Mining,213112,Support Activities For Oil And Gas Operations 
281,S&P 500,DJIA,,Americas,North America,United States,KO,The Coca-Cola Company,Beverages,Food & Beverage,beverages,beverages,Produces and distributes non-alcoholic beverages and related consumer products.,1919,"Georgia,  United States",https://www.coca-cola.com/,https://en.wikipedia.org/wiki/coca-cola_company,https://x.com/cocacola,2080,Beverages,31-33,Manufacturing,312,Beverage And Tobacco Product Manufacturing,3121,Beverage Manufacturing,31211,Soft Drink And Ice Manufacturing,312111,Soft Drink Manufacturing 
282,S&P 500,,,Americas,North America,United States,KR,The Kroger Co.,Food & Drug Retailing,Food Retail,food_retail,food_retail;pharmacy_retail,"Operates supermarkets, pharmacies and related food retail businesses.",1902,"Ohio,  United States",https://www.thekrogerco.com/,https://en.wikipedia.org/wiki/kroger_co.,https://x.com/kroger,5411,Grocery Stores,44-45,Retail Trade,445,Food And Beverage Stores ,4452,Specialty Food Stores ,44529,Other Specialty Food Stores ,445299,All Other Specialty Food Stores 
283,S&P 500,,,Americas,North America,United States,KVUE,Kenvue,Personal & Household Products & Services,Household Products,consumer_health,consumer_health;personal_care,"Develops, manufactures and markets consumer-health, personal-care and self-care products.",2022,"New Jersey,  United States","	kenvue.com",https://en.wikipedia.org/wiki/Kenvue,,2844,"Perfumes, Cosmetics & Other Toilet Preparations",31-33,Manufacturing,325,Chemical Manufacturing,3256,"Soap, Cleaning Compound, And Toilet Preparation Manufacturing",32562,Toilet Preparation Manufacturing,325620,Toilet Preparation Manufacturing
284,S&P 500,,,Americas,North America,United States,L,Loews Corporation,Insurance,Holding Companies,holding_companies,holding_companies;insurance;energy_infrastructure;hospitality,"Owns and manages diversified businesses, with additional activities or exposure across insurance, energy infrastructure and hospitality.",1969,"New York,  United States",http://www.loews.com/,https://en.wikipedia.org/wiki/loews_corp.,,6331,"Fire, Marine & Casualty Insurance",52,Finance And Insurance,524,Insurance Carriers And Related Activities,5241,Insurance Carriers,52412,"Direct Insurance (Except Life, Health, And Medical) Carriers ",524126,Direct Property And Casualty Insurance Carriers 
285,S&P 500,,,Americas,North America,United States,LDOS,"Leidos Holdings, Inc.",Software & IT Services,Professional Services,government_services,government_services;cybersecurity;defence_technology,"Provides technology, engineering and digital services to government and defence organisations.",2005,"Virginia,  United States",https://www.leidos.com/,https://en.wikipedia.org/wiki/leidos_holdings,https://x.com/leidosinc,7373,Computer Integrated Systems Design,54,"Professional, Scientific, And Technical Services",541,"Professional, Scientific, And Technical Services",5415,Computer Systems Design And Related Services,54151,Computer Systems Design And Related Services,541513,Computer Facilities Management Services 
286,S&P 500,,,Americas,North America,United States,LEN,Lennar Corporation,Homebuilding & Construction Supplies,Residential Construction,homebuilding,homebuilding;mortgage_services,"Develops residential communities, with additional activities or exposure across mortgage and financial services.",1991,"Florida,  United States",https://www.lennar.com/,https://en.wikipedia.org/wiki/lennar_corp.,https://x.com/lennar,1520,General Bldg Contractors - Residential Bldgs,23,Construction,236,Construction Of Buildings,2361,Residential Building Construction,23611,Residential Building Construction,236115,New Single-Family Housing Construction (Except For-Sale Builders) 
287,S&P 500,,,Americas,North America,United States,LH,Laboratory Corporation Of America Holdings,Healthcare Providers & Services,Healthcare Providers & Services,diagnostics,diagnostics;clinical_research,"Provides laboratory testing, diagnostics and clinical research services.",1994,"North Carolina,  United States",http://www.labcorp.com/,https://en.wikipedia.org/wiki/laboratory_corp._of_america_holding,https://x.com/LABCORP,8071,Medical Laboratories,62,Health Care And Social Assistance,621,Ambulatory Health Care Services,6215,Medical And Diagnostic Laboratories,62151,Medical And Diagnostic Laboratories,621511,Medical Laboratories 
288,S&P 500,,,Americas,North America,United States,LHX,"L3Harris Technologies, Inc.",Aerospace & Defense,Aerospace & Defense,aerospace_defense,aerospace_defense;communications_equipment,"Develops aerospace, defence, communications and mission-critical technologies.",1926,"Florida,  United States",http://www.l3harris.com/,https://en.wikipedia.org/wiki/l3harris_technologies,https://x.com/l3harristech,3812,"Search, Detection, Navagation, Guidance, Aeronautical Sys",31-33,Manufacturing,334,Computer And Electronic Product Manufacturing,3342,Communications Equipment Manufacturing,33422,Radio And Television Broadcasting And Wireless Communications Equipment Manufacturing,334220,Radio And Television Broadcasting And Wireless Communications Equipment Manufacturing
289,S&P 500,,,Americas,North America,United States,LII,Lennox International,"Machinery, Equipment & Components",Machinery,climate_technology,climate_technology;industrial_machinery,"Develops heating, ventilation, air-conditioning and refrigeration technologies.",1991,"Texas,  United States","	lennox.com",https://en.wikipedia.org/wiki/Lennox_International,,3585,Air Cond & Warm Air Heating Equip & Comm & Indl Refrig Equip,42,Wholesale Trade,423,"Merchant Wholesalers, Durable Goods ",4237,"Hardware, And Plumbing And Heating Equipment And Supplies Merchant Wholesalers ",42374,Refrigeration Equipment And Supplies Merchant Wholesalers ,423740,Refrigeration Equipment And Supplies Merchant Wholesalers 
290,S&P 500,,Nasdaq 100,"Europe, The Middle East and Africa",Western Europe,United Kingdom,LIN,Linde Public Limited Company,Chemicals,Chemicals,industrial_gases,industrial_gases;engineering_services,"Produces industrial and medical gases, equipment and related engineering services.",2017,"Surrey,  United Kingdom",http://www.linde.com/,https://en.wikipedia.org/wiki/linde_plc,https://x.com/lindeplc,2810,Industrial Inorganic Chemicals,31-33,Manufacturing,325,Chemical Manufacturing,3251,Basic Chemical Manufacturing,32512,Industrial Gas Manufacturing,325120,Industrial Gas Manufacturing
291,S&P 500,,Nasdaq 100,Americas,North America,United States,LITE,Lumentum,Communications & Networking,Communications Equipment,photonics,photonics;communications_equipment,"Develops optical networking, photonic and laser technologies.",2015,"California, United States",https://www.lumentum.com/,https://en.wikipedia.org/wiki/Lumentum,https://x.com/lumentum,3674,Semiconductors And Related Devices,31-33,Manufacturing,334,Computer And Electronic Product Manufacturing,3344,Semiconductor And Other Electronic Component Manufacturing,33441,Semiconductor And Other Electronic Component Manufacturing,334419,Other Electronic Component Manufacturing
292,S&P 500,,,Americas,North America,United States,LLY,Eli Lilly And Company,Pharmaceuticals,Pharmaceuticals,pharmaceuticals,pharmaceuticals,"Develops, manufactures and markets pharmaceutical products.",1901,"Indiana,  United States",http://lilly.com/,https://en.wikipedia.org/wiki/lilly_(eli)_%26_co.,https://x.com/lillypad,2834,Pharmaceutical Preparations,31-33,Manufacturing,325,Chemical Manufacturing,3254,Pharmaceutical And Medicine Manufacturing,32541,Pharmaceutical And Medicine Manufacturing,325412,Pharmaceutical Preparation Manufacturing 
293,S&P 500,,,Americas,North America,United States,LMT,Lockheed Martin Corporation,Aerospace & Defense,Aerospace & Defense,aerospace_defense,aerospace_defense,"Designs, manufactures and supports aerospace, defence and space technologies.",1994,"Maryland,  United States",http://www.lockheedmartin.com/,https://en.wikipedia.org/wiki/lockheed_martin_corp.,https://x.com/lockheedmartin,3760,Guided Missiles & Space Vehicles & Parts,31-33,Manufacturing,336,Transportation Equipment Manufacturing,3364,Aerospace Product And Parts Manufacturing,33641,Aerospace Product And Parts Manufacturing,336414,Guided Missile And Space Vehicle Manufacturing 
294,S&P 500,,,Americas,North America,United States,LNT,Alliant Energy Corporation,Electrical Utilities & IPPs,Utilities,utilities,utilities;electricity_generation;natural_gas,"Generates, transmits and distributes electricity and natural gas through regulated utility operations.",1981,"Wisconsin,  United States",http://www.alliantenergy.com/,https://en.wikipedia.org/wiki/alliant_energy_corp,https://x.com/alliantenergy,4931,Electric & Other Services Combined,22,Utilities,221,Utilities,2211,"Electric Power Generation, Transmission And Distribution",22111,Electric Power Generation,221118,Other Electric Power Generation 
295,S&P 500,,,Americas,North America,United States,LOW,"Lowe'S Companies, Inc.",Specialty Retailers,Retail,home_improvement_retail,home_improvement_retail;building_products,"Operates home-improvement retail businesses, with additional activities or exposure across installation services.",1952,"North Carolina,  United States",https://www.lowes.com/,https://en.wikipedia.org/wiki/lowe%27s_cos.,https://x.com/lowes,5211,Lumber & Other Building Materials Dealers,44-45,Retail Trade,444,Building Material And Garden Equipment And Supplies Dealers ,4441,Building Material And Supplies Dealers ,44411,Home Centers ,444110,Home Centers 
296,S&P 500,,Nasdaq 100,Americas,North America,United States,LRCX,Lam Research Corporation,Semiconductors & Semiconductor Equipment,Semiconductors,semiconductor_equipment,semiconductor_equipment,Develops semiconductor manufacturing equipment and related technologies.,1989,"California,  United States",https://www.lamresearch.com/,https://en.wikipedia.org/wiki/lam_research,https://x.com/lamresearch,3559,"Special Industry Machinery, Nec",31-33,Manufacturing,333,Machinery Manufacturing,3332,Industrial Machinery Manufacturing,33324,Industrial Machinery Manufacturing,333249,Other Industrial Machinery Manufacturing 
297,S&P 500,,,Americas,North America,Canada,LULU,Lululemon Athletica Inc.,Textiles & Apparel,Textiles & Apparel,apparel,apparel;footwear,"Designs, manufactures and markets athletic apparel, footwear and related lifestyle products.",2005,"Vancouver,  Canada","	lululemon.com",https://en.wikipedia.org/wiki/Lululemon,https://x.com/lululemon,2300,Apparel & Other Finishd Prods Of Fabrics & Similar Matl,31-33,Manufacturing,315,Apparel Manufacturing,3159,Apparel Accessories And Other Apparel Manufacturing,31599,Apparel Accessories And Other Apparel Manufacturing,315990,Apparel Accessories And Other Apparel Manufacturing 
298,S&P 500,,,Americas,North America,United States,LUV,Southwest Airlines Co.,Passenger Transportation Services,Transportation,airlines,airlines;passenger_transport,Provides passenger airline transportation services.,1967,"Texas,  United States",http://www.southwest.com/,https://en.wikipedia.org/wiki/southwest_airlines,https://x.com/southwestair,4512,"Air Transportation, Scheduled",48-49,Transportation And Warehousing,481,Air Transportation,4811,Scheduled Air Transportation,48111,Scheduled Air Transportation,481111,Scheduled Passenger Air Transportation 
299,S&P 500,,,Americas,North America,United States,LVS,Las Vegas Sands Corp.,Hotels & Entertainment Services,"Leisure, Hospitality & Travel",hospitality,hospitality;gaming;resorts,"Owns, develops and operates integrated resorts, hotels, gaming and entertainment destinations.",2004,"Nevada,  United States",https://www.sands.com/,https://en.wikipedia.org/wiki/las_vegas_sands,https://x.com/lasvegassands,7011,Hotels & Motels,72,Accommodation And Food Services,721,Accommodation,7211,Traveler Accommodation,72112,Casino Hotels,721120,Casino Hotels
300,S&P 500,,,"Europe, The Middle East and Africa",Western Europe,United Kingdom,LYB,Lyondellbasell Industries Nv,Chemicals,Chemicals,chemicals,chemicals;advanced_materials,"Develops, manufactures and supplies industrial chemicals, polymers and advanced materials.",2009,"London,  United Kingdom",http://www.lyondellbasell.com/,https://en.wikipedia.org/wiki/lyondellbasell,https://x.com/lyondellbasell,2860,Industrial Organic Chemicals,31-33,Manufacturing,325,Chemical Manufacturing,3251,Basic Chemical Manufacturing,32519,Other Basic Organic Chemical Manufacturing,325199,All Other Basic Organic Chemical Manufacturing 
301,S&P 500,,,Americas,North America,United States,LYV,"Live Nation Entertainment, Inc.",Media & Publishing,Media,live_entertainment,live_entertainment;ticketing;media_entertainment,"Operates live entertainment, ticketing and event promotion platforms.",2005,"California,  United States",http://www.livenationentertainment.com/,https://en.wikipedia.org/wiki/live_nation_entertainment,https://x.com/livenation,7900,Amusement & Recreation Services,71,"Arts, Entertainment, And Recreation",711,"Performing Arts, Spectator Sports, And Related Industries",7111,Performing Arts Companies,71119,Other Performing Arts Companies,711190,Other Performing Arts Companies 
302,S&P 500,,,Americas,North America,United States,MA,Mastercard Incorporated.,Software & IT Services,FinTech,payments,payments;financial_technology;digital_payments,Develops payment-network technologies and digital financial infrastructure.,2001,"New York,  United States",https://www.mastercard.us/,https://en.wikipedia.org/wiki/mastercard_inc.,https://x.com/mastercard,7389,"Business Services, Nec",52,Finance And Insurance,522,Credit Intermediation And Related Activities,5223,Activities Related To Credit Intermediation ,52232,"Financial Transactions Processing, Reserve, And Clearinghouse Activities ",522320,"Financial Transactions Processing, Reserve, And Clearinghouse Activities "
303,S&P 500,,,Americas,North America,United States,MAA,"Mid-America Apartment Communities, Inc.",Residential & Commercial REIT,Real Estate Investment Trusts (REITs),residential_real_estate,residential_real_estate;property_management,"Owns, develops and manages residential apartment communities.",1993,"Tennessee,  United States",http://www.maac.com/,https://en.wikipedia.org/wiki/mid-america_apartments,,6798,Real Estate Investment Trusts,52,Finance And Insurance,525,"Funds, Trusts, And Other Financial Vehicles ",5259,Other Investment Pools And Funds,52599,Other Financial Vehicles ,525990,Other Financial Vehicles 
304,S&P 500,,Nasdaq 100,Americas,North America,United States,MAR,"Marriott International, Inc.",Hotels & Entertainment Services,"Leisure, Hospitality & Travel",hospitality,hospitality;hotels;travel_services,"Operates, franchises and manages hotels, resorts and hospitality services.",1997,"Maryland,  United States",https://www.marriott.com/,https://en.wikipedia.org/wiki/marriott_int%27l.,https://x.com/marriottintl,7011,Hotels & Motels,72,Accommodation And Food Services,721,Accommodation,7211,Traveler Accommodation,72111,Hotels (Except Casino Hotels) And Motels,721110,Hotels (Except Casino Hotels) And Motels 
305,S&P 500,,,Americas,North America,United States,MAS,Masco Corporation,Homebuilding & Construction Supplies,Residential Construction,building_products,building_products;home_improvement,"Develops, manufactures and supplies building products, plumbing systems and home-improvement solutions.",1962,"Michigan,  United States",http://masco.com/,https://en.wikipedia.org/wiki/masco_corp.,,3430,"Heating Equip, Except Elec & Warm Air; & Plumbing Fixtures",31-33,Manufacturing,332,Fabricated Metal Product Manufacturing,3329,Other Fabricated Metal Product Manufacturing,33291,Metal Valve Manufacturing,332919,Other Metal Valve And Pipe Fitting Manufacturing
306,S&P 500,DJIA,,Americas,North America,United States,MCD,Mcdonald'S Corporation,Hotels & Entertainment Services,"Leisure, Hospitality & Travel",restaurants,restaurants;food_service,Operates quick-service restaurant brands and related food-service operations.,1964,"Illinois,  United States",https://corporate.mcdonalds.com/,https://en.wikipedia.org/wiki/McDonald%27s,https://x.com/mcdonalds,5812,Eating Places,72,Accommodation And Food Services,722,Food Services And Drinking Places,7225,Restaurants And Other Eating Places,72251,Restaurants And Other Eating Places,722513,Limited-Service Restaurants 
307,S&P 500,,Nasdaq 100,Americas,North America,United States,MCHP,Microchip Technology Incorporated,Semiconductors & Semiconductor Equipment,Semiconductors,semiconductors,semiconductors;embedded_systems,"Designs, manufactures and supplies embedded semiconductor and connectivity technologies.",1989,"Arizona,  United States",https://www.microchip.com/,https://en.wikipedia.org/wiki/microchip_technology,https://x.com/microchiptech,3674,Semiconductors & Related Devices,31-33,Manufacturing,334,Computer And Electronic Product Manufacturing,3344,Semiconductor And Other Electronic Component Manufacturing,33441,Semiconductor And Other Electronic Component Manufacturing,334413,Semiconductor And Related Device Manufacturing 
308,S&P 500,,,Americas,North America,United States,MCK,Mckesson Corporation,Pharmaceuticals,Healthcare Providers & Services,pharmaceutical_distribution,pharmaceutical_distribution;healthcare_services,"Distributes pharmaceuticals and medical products, with additional activities across healthcare technology and oncology services.",1994,"Texas,  United States",http://www.mckesson.com/,https://en.wikipedia.org/wiki/mckesson_corp.,https://x.com/mckesson,5122,"Wholesale-Drugs, Proprietaries & Druggists' Sundries",42,Wholesale Trade,424,"Merchant Wholesalers, Nondurable Goods ",4242,Drugs And Druggists' Sundries Merchant Wholesalers ,42421,Drugs And Druggists' Sundries Merchant Wholesalers ,424210,Drugs And Druggists' Sundries Merchant Wholesalers 
309,S&P 500,,,Americas,North America,United States,MCO,Moody'S Corporation,Professional & Commercial Services,Professional Services,financial_analytics,financial_analytics;credit_ratings;risk_management,"Provides credit ratings, financial analytics and risk-management services.",2000,"New York,  United States",http://www.moodys.com/,https://en.wikipedia.org/wiki/moody%27s_corp,https://x.com/moodyscorp,7320,"Consumer Credit Reporting, Collection Agencies",52,Finance And Insurance,523,"Securities, Commodity Contracts, And Other Financial Investments And Related Activities",5239,Other Financial Investment Activities,52399,All Other Financial Investment Activities ,523999,Miscellaneous Financial Investment Activities 
310,S&P 500,,Nasdaq 100,Americas,North America,United States,MDLZ,"Mondelez International, Inc.",Food & Tobacco,Food & Beverage,food_beverage,food_beverage;snacks,"Develops, manufactures and markets snack foods, confectionery and beverage products.",2005,"Illinois,  United States",https://www.mondelezinternational.com/,,,2000,Food And Kindred Products,31-33,Manufacturing,311,Food Manufacturing,3119,Other Food Manufacturing,31191,Snack Food Manufacturing,311919,Other Snack Food Manufacturing 
311,S&P 500,,,"Europe, The Middle East and Africa",Western Europe,Ireland,MDT,Medtronic Public Limited Company,Healthcare Equipment & Supplies,Medical Devices,medical_devices,medical_devices;healthcare_technology,"Develops medical devices, surgical technologies and healthcare solutions.",2014,"Dublin,  Ireland",http://www.medtronic.com/,https://en.wikipedia.org/wiki/medtronic_plc,https://x.com/medtronic,3845,Electromedical & Electrotherapeutic Apparatus,31-33,Manufacturing,334,Computer And Electronic Product Manufacturing,3345,"Navigational, Measuring, Electromedical, And Control Instruments Manufacturing",33451,"Navigational, Measuring, Electromedical, And Control Instruments Manufacturing",334510,Electromedical And Electrotherapeutic Apparatus Manufacturing 
312,,,Nasdaq 100,Americas,Latin America,Uruguay,MELI,"Mercadolibre, Inc.",Software & IT Services,Technology Platforms,digital_marketplaces,digital_marketplaces;payments;logistics,"Operates digital marketplaces, payment platforms and logistics services.",1999,"Montevideo,  Uruguay","	mercadolibre.com",https://en.wikipedia.org/wiki/Mercado_Libre,,7389,"Business Services, Nec",44-45,Retail Trade,454,Nonstore Retailers ,4541,Electronic Shopping And Mail-Order Houses ,45411,Electronic Shopping And Mail-Order Houses ,454110,Electronic Shopping And Mail-Order Houses 
313,S&P 500,,,Americas,North America,United States,MET,"Metlife, Inc.",Insurance,Insurance,insurance,insurance;asset_management,"Provides insurance, retirement and asset-management services.",1999,"New York,  United States",http://www.metlife.com/,https://en.wikipedia.org/wiki/metlife_inc.,https://x.com/metlife,6311,Life Insurance,52,Finance And Insurance,524,Insurance Carriers And Related Activities,5241,Insurance Carriers,52411,"Direct Life, Health, And Medical Insurance Carriers ",524113,Direct Life Insurance Carriers 
314,S&P 500,,Nasdaq 100,Americas,North America,United States,META,"Meta Platforms, Inc.",Software & IT Services,Technology Platforms,social_platforms,social_platforms;digital_advertising;artificial_intelligence,"Develops digital communication platforms, advertising technologies and artificial intelligence services.",2004,"California,  United States",https://about.fb.com/,"https://en.wikipedia.org/wiki/facebook,_inc.",https://x.com/meta,7370,"Computer Programming, Data Processing, Etc.",51,Information,519,Other Information Services,5191,Other Information Services,51919,All Other Information Services,519190,All Other Information Services
315,S&P 500,,,Americas,North America,United States,MGM,Mgm Resorts International,Hotels & Entertainment Services,"Leisure, Hospitality & Travel",hospitality,hospitality;gaming;resorts,"Operates integrated resorts, gaming, entertainment and hospitality businesses.",1986,"Nevada,  United States",https://www.mgmresorts.com/,https://en.wikipedia.org/wiki/mgm_resorts_international,https://x.com/mgmresortsintl,7011,Hotels & Motels,72,Accommodation And Food Services,721,Accommodation,7211,Traveler Accommodation,72112,Casino Hotels,721120,Casino Hotels
316,S&P 500,,,Americas,North America,United States,MKC,"Mccormick & Company, Incorporated",Food & Tobacco,Food & Beverage,food_ingredients,food_ingredients;consumer_food,"Develops, manufactures and markets herbs, spices, seasonings and food ingredients.",1915,"Maryland,  United States",https://www.mccormickcorporation.com/,https://en.wikipedia.org/wiki/mccormick_%26_co.,https://x.com/mccormickcorp,2090,Miscellaneous Food Preparations & Kindred Products,31-33,Manufacturing,311,Food Manufacturing,3119,Other Food Manufacturing,31194,Seasoning And Dressing Manufacturing,311942,Spice And Extract Manufacturing 
317,S&P 500,,,Americas,North America,United States,MLM,"Martin Marietta Materials, Inc.",Construction Materials,Construction Materials,construction_materials,construction_materials;aggregates,"Produces aggregates, cement and other construction materials.",1993,"North Carolina,  United States",http://www.martinmarietta.com/,https://en.wikipedia.org/wiki/martin_marietta_materials,https://x.com/martinmarietta,1400,Mining & Quarrying Of Nonmetallic Minerals (No Fuels),21,"Mining, Quarrying, And Oil And Gas Extraction",212,Mining (Except Oil And Gas),2123,Nonmetallic Mineral Mining And Quarrying,21232,"Sand, Gravel, Clay, And Ceramic And Refractory Minerals Mining And Quarrying",212321,Construction Sand And Gravel Mining 
318,S&P 500,DJIA,,Americas,North America,United States,MMM,3M Company,Consumer Goods Conglomerates,Industrials,industrial_products,industrial_products;materials;electronics,"Develops diversified industrial, safety, healthcare and electronic products.",1929,"Minnesota,  United States",https://www.3m.com/,https://en.wikipedia.org/wiki/3m,https://x.com/3m,3841,Surgical & Medical Instruments & Apparatus,31-33,Manufacturing,339,Miscellaneous Manufacturing,3391,Medical Equipment And Supplies Manufacturing,33911,Medical Equipment And Supplies Manufacturing,339112,Surgical And Medical Instrument Manufacturing 
319,S&P 500,,Nasdaq 100,Americas,North America,United States,MNST,Monster Beverage Corporation,Beverages,Food & Beverage,beverages,beverages;energy_drinks,"Develops, manufactures and markets energy drinks and related beverages.",2014,"California,  United States",https://www.monsterbevcorp.com/,https://en.wikipedia.org/wiki/monster_beverage,https://x.com/monsterenergy,2086,Bottled & Canned Soft Drinks & Carbonated Waters,31-33,Manufacturing,312,Beverage And Tobacco Product Manufacturing,3121,Beverage Manufacturing,31211,Soft Drink And Ice Manufacturing,312111,Soft Drink Manufacturing 
320,S&P 500,,,Americas,North America,United States,MO,"Altria Group, Inc.",Food & Tobacco,Food & Beverage,tobacco,tobacco,"Develops, manufactures and markets tobacco and nicotine products.",2009,"Virginia,  United States",http://www.altria.com/,https://en.wikipedia.org/wiki/altria_group_inc,https://x.com/altrianews,2111,Cigarettes,31-33,Manufacturing,312,Beverage And Tobacco Product Manufacturing,3122,Tobacco Manufacturing,31223,Tobacco Manufacturing,312230,Tobacco Manufacturing 
321,S&P 500,,,Americas,North America,United States,MOS,The Mosaic Company,Chemicals,Chemicals,agriculture_inputs,agriculture_inputs;chemicals,"Produces crop nutrients, fertilisers and agricultural chemicals.",2004,"Florida,  United States",http://www.mosaicco.com/,https://en.wikipedia.org/wiki/the_mosaic_company,https://x.com/mosaiccompany,2870,Agricultural Chemicals,31-33,Manufacturing,325,Chemical Manufacturing,3259,Other Chemical Product And Preparation Manufacturing,32599,All Other Chemical Product And Preparation Manufacturing,325998,All Other Miscellaneous Chemical Product And Preparation Manufacturing 
322,S&P 500,,,Americas,North America,United States,MPC,Marathon Petroleum Corporation,Oil & Gas,Oil & Gas,refining,refining;fuel_distribution;energy_infrastructure,"Refines, markets and distributes petroleum products and related energy infrastructure services.",2009,"Ohio,  United States",https://www.marathonpetroleum.com/,https://en.wikipedia.org/wiki/marathon_petroleum,https://x.com/marathonpetroco,2911,Petroleum Refining,31-33,Manufacturing,324,Petroleum And Coal Products Manufacturing,3241,Petroleum And Coal Products Manufacturing,32411,Petroleum Refineries,324110,Petroleum Refineries
323,S&P 500,,Nasdaq 100,Americas,North America,United States,MPWR,"Monolithic Power Systems, Inc.",Semiconductors & Semiconductor Equipment,Semiconductors,semiconductors,semiconductors;power_management,Designs power-management semiconductor technologies.,2004,"Washington,  United States",https://www.monolithicpower.com,https://en.wikipedia.org/wiki/monolithic_power_systems,https://x.com/monolithicpower,3674,Semiconductors & Related Devices,31-33,Manufacturing,334,Computer And Electronic Product Manufacturing,3344,Semiconductor And Other Electronic Component Manufacturing,33441,Semiconductor And Other Electronic Component Manufacturing,334413,Semiconductor And Related Device Manufacturing 
324,S&P 500,DJIA,,Americas,North America,United States,MRK,"Merck & Co., Inc.",Pharmaceuticals,Pharmaceuticals,pharmaceuticals,pharmaceuticals;animal_health,"Develops pharmaceuticals, vaccines and animal-health products.",1970,"New Jersey,  United States",http://investor.travelers.com/,https://en.wikipedia.org/wiki/merck_%26_co.,https://x.com/merck,2834,Pharmaceutical Preparations,31-33,Manufacturing,325,Chemical Manufacturing,3254,Pharmaceutical And Medicine Manufacturing,32541,Pharmaceutical And Medicine Manufacturing,325412,Pharmaceutical Preparation Manufacturing 
325,S&P 500,,,Americas,North America,United States,MRNA,"Moderna, Inc.",Pharmaceuticals,Biotechnology,biotechnology,biotechnology;vaccines,"Develops messenger-RNA medicines, vaccines and biotechnology therapies.",2016,"Massachusetts,  United States",https://www.modernatx.com,https://en.wikipedia.org/wiki/moderna,https://x.com/moderna_tx,2836,"Biological Products, (No Disgnostic Substances)",31-33,Manufacturing,325,Chemical Manufacturing,3254,Pharmaceutical And Medicine Manufacturing,32541,Pharmaceutical And Medicine Manufacturing,325412,Pharmaceutical Preparation Manufacturing 
326,S&P 500,,,Americas,North America,United States,MRSH,Marsh McLennan,Insurance,Insurance,insurance,insurance;reinsurance;consulting,"Provides insurance brokerage, reinsurance and risk advisory services.",1871,"New York, United States",https://www.marshmclennan.com/,https://en.wikipedia.org/wiki/Marsh_McLennan,https://x.com/marshmclennan,6411,"Insurance Agents, Brokers And Service",52,Finance And Insurance,524,Insurance Carriers And Related Activities,5242,"Agencies, Brokerages, And Other Insurance Related Activities",52421,Insurance Agencies And Brokerages,524210,Insurance Agencies And Brokerages
327,S&P 500,,Nasdaq 100,Americas,North America,United States,MRVL,"Marvell Technology, Inc",Semiconductors & Semiconductor Equipment,Semiconductors,semiconductors,semiconductors;networking;data_centres,"Designs semiconductor technologies for networking, data-centre and AI infrastructure.",2020,"Delaware,  United States","	marvell.com",https://en.wikipedia.org/wiki/Marvell_Technology,,3674,Semiconductors & Related Devices,31-33,Manufacturing,334,Computer And Electronic Product Manufacturing,3344,Semiconductor And Other Electronic Component Manufacturing,33441,Semiconductor And Other Electronic Component Manufacturing,334413,Semiconductor And Related Device Manufacturing 
328,S&P 500,,,Americas,North America,United States,MS,Morgan Stanley,Investment Banking & Investment Services,Investment Services,investment_banking,investment_banking;wealth_management;asset_management,"Provides investment banking, wealth management and investment-management services.",1981,"New York,  United States",http://www.morganstanley.com/,https://en.wikipedia.org/wiki/morgan_stanley,https://x.com/morganstanley,6211,"Security Brokers, Dealers & Flotation Companies",52,Finance And Insurance,523,"Securities, Commodity Contracts, And Other Financial Investments And Related Activities",5231,Securities And Commodity Contracts Intermediation And Brokerage,52312,Securities Brokerage ,523120,Securities Brokerage 
329,S&P 500,,,Americas,North America,United States,MSCI,Msci Inc.,Professional & Commercial Services,Investment Services,market_indices,market_indices;financial_analytics;esg,"Develops market indices, portfolio analytics and investment research services.",1998,"New York,  United States",http://www.msci.com/,https://en.wikipedia.org/wiki/msci_inc,https://x.com/msci_inc,7389,"Business Services, Nec",52,Finance And Insurance,523,"Securities, Commodity Contracts, And Other Financial Investments And Related Activities",5239,Other Financial Investment Activities,52399,All Other Financial Investment Activities ,523999,Miscellaneous Financial Investment Activities 
330,S&P 500,DJIA,Nasdaq 100,Americas,North America,United States,MSFT,Microsoft Corporation,Software & IT Services,Software & Digital Services,enterprise_software,enterprise_software;cloud_computing;artificial_intelligence,"Develops enterprise software, cloud platforms and artificial intelligence technologies.",1993,"Washington,  United States",https://www.microsoft.com/,https://en.wikipedia.org/wiki/microsoft_corp.,https://x.com/microsoft,7372,Prepackaged Software,51,Information,511,Publishing Industries (Except Internet),5112,Software Publishers,51121,Software Publishers,511210,Software Publishers
331,S&P 500,,,Americas,North America,United States,MSI,"Motorola Solutions, Inc.",Communications & Networking,Communications Equipment,communications_equipment,communications_equipment;public_safety;video_security,"Develops communications, public-safety and security technologies.",1973,"Illinois,  United States",https://www.motorolasolutions.com/,https://en.wikipedia.org/wiki/motorola_solutions_inc.,https://x.com/motosolutions,3663,Radio & Tv Broadcasting & Communications Equipment,31-33,Manufacturing,334,Computer And Electronic Product Manufacturing,3342,Communications Equipment Manufacturing,33422,Radio And Television Broadcasting And Wireless Communications Equipment Manufacturing,334220,Radio And Television Broadcasting And Wireless Communications Equipment Manufacturing
332,,,Nasdaq 100,Americas,North America,United States,MSTR,MicroStrategy,Software & IT Services,Software & Digital Services,enterprise_software,enterprise_software;business_intelligence;digital_assets,"Develops enterprise analytics software, with additional activities across digital asset treasury management.",1989,"Virginia,  United States","	strategysoftware.com",https://en.wikipedia.org/wiki/MicroStrategy,https://x.com/MicroStrategy,6199,Finance Services,52,Finance And Insurance,522,Credit Intermediation And Related Activities,5221,Depository Credit Intermediation ,52219,Other Depository Credit Intermediation ,522190,Other Depository Credit Intermediation 
333,S&P 500,,,Americas,North America,United States,MTB,M&T Bank Corporation,Banking Services,Banking,banking,banking;commercial_banking;wealth_management,"Provides retail, commercial and institutional banking services.",1969,"New York,  United States",http://www.mtb.com/,https://en.wikipedia.org/wiki/m%26t_bank_corp.,https://x.com/mandt_bank,6022,State Commercial Banks,52,Finance And Insurance,522,Credit Intermediation And Related Activities,5221,Depository Credit Intermediation ,52211,Commercial Banking ,522110,Commercial Banking 
334,S&P 500,,,Americas,North America,United States,MTD,Mettler-Toledo International Inc.,Office Equipment,Office Equipment,laboratory_equipment,laboratory_equipment;precision_instruments,"Develops laboratory instruments, precision measurement and industrial weighing systems.",1991,"Ohio,  United States",http://www.mt.com/,https://en.wikipedia.org/wiki/mettler_toledo,https://x.com/mettlertoledo,3826,Laboratory Analytical Instruments,62,Health Care And Social Assistance,621,Ambulatory Health Care Services,6215,Medical And Diagnostic Laboratories,62151,Medical And Diagnostic Laboratories,621511,Medical Laboratories 
335,S&P 500,,Nasdaq 100,Americas,North America,United States,MU,"Micron Technology, Inc.",Semiconductors & Semiconductor Equipment,Semiconductors,semiconductors,semiconductors;memory,"Develops memory, storage and semiconductor technologies.",1984,"Idaho,  United States",https://www.micron.com/,https://en.wikipedia.org/wiki/micron_technology,https://x.com/microntech,3674,Semiconductors & Related Devices,31-33,Manufacturing,334,Computer And Electronic Product Manufacturing,3344,Semiconductor And Other Electronic Component Manufacturing,33441,Semiconductor And Other Electronic Component Manufacturing,334413,Semiconductor And Related Device Manufacturing 
336,,,Nasdaq 100,"Europe, The Middle East and Africa",Western Europe,Netherlands,NBIS,Nebius Group,Professional & Commercial Services,Technology Platforms,cloud_infrastructure,cloud_infrastructure;artificial_intelligence,Develops artificial intelligence cloud infrastructure and related technology platforms.,1989,"Amsterdam, Netherlands",https://nebius.com/,https://en.wikipedia.org/wiki/Nebius_Group,https://x.com/nebiusai,7370,"Services-Computer Programming, Data Processing, Etc.",51,Information,518,"Computing Infrastructure Providers, Data Processing, Web Hosting, And Related Services",5182,"Computing Infrastructure Providers, Data Processing, Web Hosting, And Related Services",51821,"Computing Infrastructure Providers, Data Processing, Web Hosting, And Related Services",518210,"Computing Infrastructure Providers, Data Processing, Web Hosting, And Related Services"
337,S&P 500,,,Americas,North America,United States,NCLH,Norwegian Cruise Line Holdings Ltd.,Hotels & Entertainment Services,"Leisure, Hospitality & Travel",cruise_lines,cruise_lines;hospitality,Operates global cruise and travel businesses.,2011,"Florida,  United States",http://www.nclhltd.com/,https://en.wikipedia.org/wiki/norwegian_cruise_line_holdings,https://x.com/cruisenorwegian,4400,Water Transportation,48-49,Transportation And Warehousing,483,Water Transportation,4832,Inland Water Transportation,48321,Inland Water Transportation,483211,Inland Water Freight Transportation 
338,S&P 500,,,Americas,North America,United States,NDAQ,"Nasdaq, Inc.",Investment Banking & Investment Services,Investment Services,capital_markets,capital_markets;exchange_operations;financial_technology,"Operates exchange infrastructure, capital-markets technology and financial platforms.",1979,"New York,  United States",http://www.nasdaq.com/,"https://en.wikipedia.org/wiki/nasdaq,_inc.",https://x.com/nasdaq,6200,"Security & Commodity Brokers, Dealers, Exchanges & Services",52,Finance And Insurance,523,"Securities, Commodity Contracts, And Other Financial Investments And Related Activities",5232,Securities And Commodity Exchanges,52321,Securities And Commodity Exchanges,523210,Securities And Commodity Exchanges
339,S&P 500,,,Americas,North America,United States,NDSN,Nordson Corporation,"Machinery, Equipment & Components",Machinery,industrial_machinery,industrial_machinery;fluid_management;medical_devices,"Develops precision dispensing, fluid-management and industrial automation technologies.",1935,"Ohio,  United States",https://www.nordson.com,https://en.wikipedia.org/wiki/nordson_corporation,https://x.com/nordson_corp,3569,"General Industrial Machinery & Equipment, Nec",31-33,Manufacturing,333,Machinery Manufacturing,3339,Other General Purpose Machinery Manufacturing,33399,All Other General Purpose Machinery Manufacturing,333999,All Other Miscellaneous General Purpose Machinery Manufacturing 
340,S&P 500,,,Americas,North America,United States,NEE,"Nextera Energy, Inc.",Electrical Utilities & IPPs,Utilities,utilities,utilities;renewable_energy;electricity_generation,"Generates, transmits and distributes electricity, with additional activities across renewable energy.",1984,"Florida,  United States",http://www.nexteraenergy.com/,https://en.wikipedia.org/wiki/nextera_energy,https://x.com/nexteraenergy,4911,Electric Services,22,Utilities,221,Utilities,2211,"Electric Power Generation, Transmission And Distribution",22111,Electric Power Generation,221118,Other Electric Power Generation 
341,S&P 500,,,Americas,North America,United States,NEM,Newmont Corporation,Metals & Mining,Mining,mining,mining;precious_metals,Produces gold and other industrial and precious metals.,2001,"Colorado,  United States",http://www.newmont.com/,https://en.wikipedia.org/wiki/newmont_corporation,https://x.com/newmontcorp,1040,Gold And Silver Ores,21,"Mining, Quarrying, And Oil And Gas Extraction",212,Mining (Except Oil And Gas),2122,Metal Ore Mining,21222,Gold Ore And Silver Ore Mining,212221,Gold Ore Mining 
342,S&P 500,,Nasdaq 100,Americas,North America,United States,NFLX,"Netflix, Inc.",Software & IT Services,Media,streaming,streaming;media_entertainment,Develops and operates digital streaming and entertainment platforms.,1997,"California,  United States",http://www.netflix.com/,https://en.wikipedia.org/wiki/netflix_inc.,https://x.com/netflix,7841,Video Tape Rental,51,Information,512,Motion Picture And Sound Recording Industries,5121,Motion Picture And Video Industries,51213,Motion Picture And Video Exhibition,512131,Motion Picture Theaters (Except Drive-Ins) 
343,S&P 500,,,Americas,North America,United States,NI,Nisource Inc.,Multiline Utilities,Utilities,utilities,utilities;natural_gas;electricity_generation,"Generates, transmits and distributes electricity and natural gas through regulated utility operations.",2000,"Indiana,  United States",http://www.nisource.com/,https://en.wikipedia.org/wiki/nisource_inc.,https://x.com/nisourceinc,4931,Electric & Other Services Combined,22,Utilities,221,Utilities,2211,"Electric Power Generation, Transmission And Distribution",22111,Electric Power Generation,221111,Hydroelectric Power Generation 
344,S&P 500,DJIA,,Americas,North America,United States,NKE,"Nike, Inc.",Textiles & Apparel,Textiles & Apparel,apparel,apparel;footwear,"Designs, manufactures and markets athletic footwear, apparel and related lifestyle products.",1969,"Oregon,  United States",https://www.nike.com/,"https://en.wikipedia.org/wiki/nike,_inc.",https://x.com/nike,3021,Rubber & Plastics Footwear,31-33,Manufacturing,316,Leather And Allied Product Manufacturing,3162,Footwear Manufacturing,31621,Footwear Manufacturing,316210,Footwear Manufacturing 
345,S&P 500,,,Americas,North America,United States,NOC,Northrop Grumman Corporation,Aerospace & Defense,Aerospace & Defense,aerospace_defense,aerospace_defense;space,"Develops aerospace, defence and space technologies.",2010,"Virginia,  United States",http://www.northropgrumman.com/,https://en.wikipedia.org/wiki/northrop_grumman,https://x.com/northropgrumman,3812,"Search, Detection, Navagation, Guidance, Aeronautical Sys",31-33,Manufacturing,334,Computer And Electronic Product Manufacturing,3345,"Navigational, Measuring, Electromedical, And Control Instruments Manufacturing",33451,"Navigational, Measuring, Electromedical, And Control Instruments Manufacturing",334511,"Search, Detection, Navigation, Guidance, Aeronautical, And Nautical System And Instrument Manufacturing "
346,S&P 500,,,Americas,North America,United States,NOW,"Servicenow, Inc.",Software & IT Services,Software & Digital Services,enterprise_software,enterprise_software;workflow_automation;artificial_intelligence,"Develops enterprise workflow, automation and artificial intelligence platforms.",2012,"California,  United States",https://www.servicenow.com/,https://en.wikipedia.org/wiki/servicenow,https://x.com/servicenow,7372,Prepackaged Software,51,Information,511,Publishing Industries (Except Internet),5112,Software Publishers,51121,Software Publishers,511210,Software Publishers
347,S&P 500,,,Americas,North America,United States,NRG,"Nrg Energy, Inc.",Electrical Utilities & IPPs,Utilities,utilities,utilities;electricity_generation;energy_services,Generates and supplies electricity and energy services to residential and commercial customers.,1992,"Texas,  United States",http://www.nrg.com/,https://en.wikipedia.org/wiki/nrg_energy,https://x.com/nrgenergy,4911,Electric Services,22,Utilities,221,Utilities,2211,"Electric Power Generation, Transmission And Distribution",22112,"Electric Power Transmission, Control, And Distribution",221122,Electric Power Distribution 
348,S&P 500,,,Americas,North America,United States,NSC,Norfolk Southern Corporation,Freight & Logistics Services,Logistics,rail_transport,rail_transport;logistics,Provides rail freight transportation and logistics services.,2009,"Georgia,  United States",http://www.norfolksouthern.com/,https://en.wikipedia.org/wiki/norfolk_southern_corp.,https://x.com/nscorp,4011,"Railroads, Line-Haul Operating",48-49,Transportation And Warehousing,482,Rail Transportation,4821,Rail Transportation,48211,Rail Transportation,482111,Line-Haul Railroads 
349,S&P 500,,,Americas,North America,United States,NTAP,"Netapp, Inc.","Computers, Phones & Household Electronics",Technology Platforms,data_infrastructure,data_infrastructure;cloud_infrastructure,"Develops enterprise data-storage, cloud infrastructure and data-management technologies.",2001,"California,  United States",https://www.netapp.com/,https://en.wikipedia.org/wiki/netapp,https://x.com/netapp,3572,Computer Storage Devices,31-33,Manufacturing,334,Computer And Electronic Product Manufacturing,3341,Computer And Peripheral Equipment Manufacturing,33411,Computer And Peripheral Equipment Manufacturing,334112,Computer Storage Device Manufacturing 
350,S&P 500,,,Americas,North America,United States,NTRS,Northern Trust Corporation,Investment Banking & Investment Services,Investment Services,asset_management,asset_management;custody;wealth_management,"Provides asset servicing, wealth management, custody and investment-management services.",1971,"Illinois,  United States",http://www.northerntrust.com/,https://en.wikipedia.org/wiki/northern_trust_corp.,https://x.com/northerntrust,6022,State Commercial Banks,52,Finance And Insurance,525,"Funds, Trusts, And Other Financial Vehicles ",5259,Other Investment Pools And Funds,52592,"Trusts, Estates, And Agency Accounts ",525920,"Trusts, Estates, And Agency Accounts "
351,S&P 500,,,Americas,North America,United States,NUE,Nucor Corporation,Metals & Mining,Mining,steel,steel;industrial_materials;recycling,"Produces steel, fabricated steel products and recycled metal materials.",1958,"North Carolina,  United States",http://www.nucor.com/,https://en.wikipedia.org/wiki/nucor_corp.,https://x.com/nucorcorp,3312,"Steel Works, Blast Furnaces & Rolling Mills (Coke Ovens)",31-33,Manufacturing,331,Primary Metal Manufacturing,3311,Iron And Steel Mills And Ferroalloy Manufacturing,33111,Iron And Steel Mills And Ferroalloy Manufacturing,331110,Iron And Steel Mills And Ferroalloy Manufacturing 
352,S&P 500,DJIA,Nasdaq 100,Americas,North America,United States,NVDA,Nvidia Corporation,Semiconductors & Semiconductor Equipment,Semiconductors,semiconductors,semiconductors;artificial_intelligence;data_centres,"Develops accelerated computing, artificial intelligence and semiconductor technologies.",1998,"California,  United States",https://www.nvidia.com/,https://en.wikipedia.org/wiki/nvidia_corporation,https://x.com/nvidia,3674,Semiconductors & Related Devices,31-33,Manufacturing,334,Computer And Electronic Product Manufacturing,3344,Semiconductor And Other Electronic Component Manufacturing,33441,Semiconductor And Other Electronic Component Manufacturing,334413,Semiconductor And Related Device Manufacturing 
353,S&P 500,,,Americas,North America,United States,NVR,"Nvr, Inc.",Homebuilding & Construction Supplies,Residential Construction,residential_construction,residential_construction;mortgage_services,Develops residential housing communities and mortgage-financing services.,1993,"Virginia,  United States",http://www.nvrinc.com/,"https://en.wikipedia.org/wiki/nvr,_inc.",,1531,Operative Builders,23,Construction,236,Construction Of Buildings,2361,Residential Building Construction,23611,Residential Building Construction,236117,New Housing For-Sale Builders 
354,S&P 500,,,Americas,North America,United States,NWS,News Corporation,Media & Publishing,Media,publishing,publishing;news_media;digital_media,"Develops and distributes news, publishing and digital media services.",2012,"New York,  United States",https://newscorp.com/,https://en.wikipedia.org/wiki/news_corp._class_b,https://x.com/newscorp,2711,Newspapers: Publishing Or Publishing & Printing,51,Information,515,Broadcasting (Except Internet),5151,Radio And Television Broadcasting,51512,Television Broadcasting,515120,Television Broadcasting
355,S&P 500,,,Americas,North America,United States,NWSA,News Corporation,Media & Publishing,Media,publishing,publishing;news_media;digital_media,"Develops and distributes news, publishing and digital media services.",2012,"New York,  United States",https://newscorp.com/,https://en.wikipedia.org/wiki/news_corp._class_a,https://x.com/newscorp,2711,Newspapers: Publishing Or Publishing & Printing,51,Information,515,Broadcasting (Except Internet),5151,Radio And Television Broadcasting,51512,Television Broadcasting,515120,Television Broadcasting
356,S&P 500,,Nasdaq 100,"Europe, The Middle East and Africa",Western Europe,Netherlands,NXPI,NXP  Semiconductors Nv,Semiconductors & Semiconductor Equipment,Semiconductors,semiconductors,semiconductors;automotive_electronics;iot,"Develops semiconductor technologies for automotive, industrial and connected devices.",2010,"Eindhoven,  Netherlands",https://www.nxp.com,https://en.wikipedia.org/wiki/nxp_semiconductors,https://x.com/nxp,3674,Semiconductors & Related Devices,31-33,Manufacturing,334,Computer And Electronic Product Manufacturing,3344,Semiconductor And Other Electronic Component Manufacturing,33441,Semiconductor And Other Electronic Component Manufacturing,334413,Semiconductor And Related Device Manufacturing 
357,S&P 500,,,Americas,North America,United States,O,Realty Income Corporation,Residential & Commercial REIT,Real Estate Investment Trusts (REITs),commercial_real_estate,commercial_real_estate;property_management,Owns and manages commercial real-estate leased under long-term agreements.,1997,"California,  United States",http://www.realtyincome.com/,https://en.wikipedia.org/wiki/realty_income_corporation,https://x.com/realtyincome,6798,Real Estate Investment Trusts,52,Finance And Insurance,525,"Funds, Trusts, And Other Financial Vehicles ",5259,Other Investment Pools And Funds,52599,Other Financial Vehicles ,525990,Other Financial Vehicles 
358,S&P 500,,Nasdaq 100,Americas,North America,United States,ODFL,"Old Dominion Freight Line, Inc.",Freight & Logistics Services,Logistics,logistics,logistics;road_freight,Provides freight transportation and logistics services.,1999,"North Carolina,  United States",http://www.odfl.com/,https://en.wikipedia.org/wiki/old_dominion_freight_line,https://x.com/odfl_inc,4213,Trucking (No Local),48-49,Transportation And Warehousing,484,Truck Transportation,4841,General Freight Trucking,48412,"General Freight Trucking, Long-Distance",484121,"General Freight Trucking, Long-Distance, Truckload "
359,S&P 500,,,Americas,North America,United States,OKE,"Oneok, Inc.",Oil & Gas Related Equipment and Services,Energy Equipment & Services,energy_infrastructure,energy_infrastructure;natural_gas;pipelines,"Operates natural-gas and liquids gathering, processing, storage and pipeline infrastructure.",1997,"Oklahoma,  United States",https://www.oneok.com/,https://en.wikipedia.org/wiki/oneok,https://x.com/oneok,4923,Natural Gas Transmisison & Distribution,22,Utilities,221,Utilities,2212,Natural Gas Distribution,22121,Natural Gas Distribution,221210,Natural Gas Distribution 
360,S&P 500,,,Americas,North America,United States,OMC,Omnicom Group Inc.,Media & Publishing,Media,advertising,advertising;marketing;digital_media,"Provides advertising, marketing, branding and communications services.",1944,"New York,  United States",https://www.omnicomgroup.com/,https://en.wikipedia.org/wiki/omnicom_group,https://x.com/omnicom,7311,Advertising Agencies,54,"Professional, Scientific, And Technical Services",541,"Professional, Scientific, And Technical Services",5418,"Advertising, Public Relations, And Related Services",54181,Advertising Agencies,541810,Advertising Agencies
361,S&P 500,,,Americas,North America,United States,ON,On Semiconductor Corporation,Semiconductors & Semiconductor Equipment,Semiconductors,semiconductors,semiconductors;power_management;sensors,Develops power-management and intelligent sensing semiconductor technologies.,2000,"Arizona,  United States",https://www.onsemi.com,https://en.wikipedia.org/wiki/onsemi,https://x.com/onsemiconductor,3674,Semiconductors & Related Devices,31-33,Manufacturing,334,Computer And Electronic Product Manufacturing,3344,Semiconductor And Other Electronic Component Manufacturing,33441,Semiconductor And Other Electronic Component Manufacturing,334413,Semiconductor And Related Device Manufacturing 
362,S&P 500,,,Americas,North America,United States,ORCL,Oracle Corporation,Software & IT Services,Software & Digital Services,enterprise_software,enterprise_software;cloud_computing;databases,"Develops enterprise software, cloud infrastructure and database technologies.",2005,"Texas,  United States",https://www.oracle.com/,https://en.wikipedia.org/wiki/oracle_corp.,https://x.com/oracle,7372,Prepackaged Software,51,Information,511,Publishing Industries (Except Internet),5112,Software Publishers,51121,Software Publishers,511210,Software Publishers
363,S&P 500,,Nasdaq 100,Americas,North America,United States,ORLY,"O'Reilly Automotive, Inc.",Specialty Retailers,Retail,automotive_retail,automotive_retail;automotive_aftermarket,"Operates specialty retail stores supplying automotive parts, tools and maintenance products.",2010,"Missouri,  United States",https://corporate.oreillyauto.com/,https://en.wikipedia.org/wiki/o%27reilly_automotive,https://x.com/oreillyauto,5531,Auto & Home Supply Stores,44-45,Retail Trade,441,Motor Vehicle And Parts Dealers ,4413,"Automotive Parts, Accessories, And Tire Stores ",44131,Automotive Parts And Accessories Stores ,441310,Automotive Parts And Accessories Stores 
364,S&P 500,,,Americas,North America,United States,OTIS,Otis Worldwide Corporation,"Machinery, Equipment & Components",Machinery,industrial_machinery,industrial_machinery;building_systems,"Designs, manufactures, installs and services elevators and escalators.",2019,"Connecticut,  United States",http://www.otis.com/,https://en.wikipedia.org/wiki/otis_worldwide,https://x.com/otiselevatorco,3600,Electronic & Other Electrical Equipment (No Computer Equip),31-33,Manufacturing,333,Machinery Manufacturing,3339,Other General Purpose Machinery Manufacturing,33392,Material Handling Equipment Manufacturing,333921,Elevator And Moving Stairway Manufacturing 
365,S&P 500,,,Americas,North America,United States,OXY,Occidental Petroleum Corporation,Oil & Gas,Oil & Gas,oil_gas,oil_gas;midstream,"Explores, produces and markets oil and natural gas, with additional midstream activities.",1986,"Texas,  United States",https://www.oxy.com/,https://en.wikipedia.org/wiki/occidental_petroleum,https://x.com/weareoxy,1311,Crude Petroleum & Natural Gas,21,"Mining, Quarrying, And Oil And Gas Extraction",211,Oil And Gas Extraction,2111,Oil And Gas Extraction,21112,Crude Petroleum Extraction ,211120,Crude Petroleum Extraction 
366,S&P 500,,Nasdaq 100,Americas,North America,United States,PANW,"Palo Alto Networks, Inc.",Software & IT Services,Cybersecurity,cybersecurity,cybersecurity;cloud_security;identity_security,"Develops cybersecurity platforms for network, cloud and identity protection.",2005,"California,  United States",http://paloaltonetworks.com,https://en.wikipedia.org/wiki/Palo_Alto_Networks,https://x.com/PaloAltoNtwks,3577,"Computer Peripheral Equipment, Nec",42,Wholesale Trade,423,"Merchant Wholesalers, Durable Goods ",4234,Professional And Commercial Equipment And Supplies Merchant Wholesalers ,42343,Computer And Computer Peripheral Equipment And Software Merchant Wholesalers ,423430,Computer And Computer Peripheral Equipment And Software Merchant Wholesalers 
367,S&P 500,,Nasdaq 100,Americas,North America,United States,PAYX,"Paychex, Inc.",Professional & Commercial Services,Professional Services,human_capital_management,human_capital_management;payroll;hr_services,"Provides payroll, human resources and workforce-management solutions.",1979,"New York,  United States",https://www.paychex.com/,https://en.wikipedia.org/wiki/paychex_inc.,https://x.com/paychex,8700,"Engineering, Accounting, Research, Management",56,"Administrative Support, Waste Management & Remediation Services",561,Administrative And Support Services,5614,Business Support Services,56149,Other Business Support Services,561499,All Other Business Support Services 
368,S&P 500,,Nasdaq 100,Americas,North America,United States,PCAR,Paccar Inc,"Machinery, Equipment & Components",Machinery,commercial_vehicles,commercial_vehicles;vehicle_finance,"Designs, manufactures and finances commercial trucks and related vehicles.",1971,"Washington,  United States",https://www.paccar.com/,https://en.wikipedia.org/wiki/paccar_inc.,,3711,Motor Vehicles & Passenger Car Bodies,31-33,Manufacturing,336,Transportation Equipment Manufacturing,3361,Motor Vehicle Manufacturing,33612,Heavy Duty Truck Manufacturing,336120,Heavy Duty Truck Manufacturing
369,S&P 500,,,Americas,North America,United States,PCG,Pg&E Corporation,Electrical Utilities & IPPs,Utilities,utilities,utilities;electricity_generation;natural_gas,"Generates, transmits and distributes electricity and natural gas.",1995,"California,  United States",https://www.pgecorp.com,https://en.wikipedia.org/wiki/pacific_gas_and_electric_company,https://x.com/pge4me,4931,Electric & Other Services Combined,22,Utilities,221,Utilities,2211,"Electric Power Generation, Transmission And Distribution",22111,Electric Power Generation,221111,Hydroelectric Power Generation 
370,,,Nasdaq 100,"Europe, The Middle East and Africa",Western Europe,Ireland,PDD,Pdd Holdings Inc.,Software & IT Services,Technology Platforms,digital_marketplaces,digital_marketplaces;ecommerce;logistics,Operates global digital marketplace platforms and commerce infrastructure.,2015,"Dublin,  Ireland","	pinduoduo.com",https://en.wikipedia.org/wiki/Pinduoduo,https://x.com/pinduoduoinc,7389,"Business Services, Nec",52,Finance and Insurance,523,"Securities, Commodity Contracts, And Other Financial Investments And Related Activities",5231,Securities And Commodity Contracts Intermediation And Brokerage,52311,Investment Banking And Securities Dealing ,523110,Investment Banking And Securities Dealing 
371,S&P 500,,,Americas,North America,United States,PEG,Public Service Enterprise Group Incorporated,Multiline Utilities,Utilities,utilities,utilities;electricity_generation;natural_gas,"Generates, transmits and distributes electricity and natural gas.",1985,"New Jersey,  United States",http://www.pseg.com/,https://en.wikipedia.org/wiki/public_service_enterprise_group,https://x.com/psegnews,4931,Electric & Other Services Combined,22,Utilities,221,Utilities,2211,"Electric Power Generation, Transmission And Distribution",22112,"Electric Power Transmission, Control, And Distribution",221121,Electric Bulk Power Transmission And Control 
372,S&P 500,,Nasdaq 100,Americas,North America,United States,PEP,"Pepsico, Inc.",Beverages,Food & Beverage,food_beverage,food_beverage;beverages;snacks,"Develops, manufactures and markets beverages and convenient food products.",1986,"New York,  United States",https://www.pepsico.com/,https://en.wikipedia.org/wiki/pepsico_inc.,https://x.com/pepsi,2080,Beverages,31-33,Manufacturing,312,Beverage And Tobacco Product Manufacturing,3121,Beverage Manufacturing,31211,Soft Drink And Ice Manufacturing,312111,Soft Drink Manufacturing 
373,S&P 500,,,Americas,North America,United States,PFE,Pfizer Inc.,Pharmaceuticals,Pharmaceuticals,pharmaceuticals,pharmaceuticals;vaccines,"Develops, manufactures and markets biopharmaceutical products and vaccines.",1942,"New York,  United States",https://www.pfizer.co.uk/,https://en.wikipedia.org/wiki/pfizer_inc.,https://x.com/pfizer,2834,Pharmaceutical Preparations,31-33,Manufacturing,325,Chemical Manufacturing,3254,Pharmaceutical And Medicine Manufacturing,32541,Pharmaceutical And Medicine Manufacturing,325412,Pharmaceutical Preparation Manufacturing 
374,S&P 500,,,Americas,North America,United States,PFG,"Principal Financial Group, Inc.",Insurance,Insurance,insurance,insurance;asset_management;retirement_services,"Provides insurance, retirement and investment-management services.",2001,"Iowa,  United States",http://www.principal.com/,https://en.wikipedia.org/wiki/principal_financial_group,https://x.com/principal,6321,Accident & Health Insurance,52,Finance And Insurance,524,Insurance Carriers And Related Activities,5241,Insurance Carriers,52411,"Direct Life, Health, And Medical Insurance Carriers ",524114,Direct Health And Medical Insurance Carriers 
375,S&P 500,DJIA,,Americas,North America,United States,PG,The Procter & Gamble Company,Personal & Household Products & Services,Household Products,household_products,household_products;consumer_goods,"Develops, manufactures and markets branded household and personal-care products.",1905,"Ohio,  United States",https://www.pg.co.uk/,https://en.wikipedia.org/wiki/Procter_%26_Gamble,https://x.com/proctergamble,2840,"Soap, Detergents, Cleang Preparations, Perfumes, Cosmetics",31-33,Manufacturing,325,Chemical Manufacturing,3256,"Soap, Cleaning Compound, And Toilet Preparation Manufacturing",32562,Toilet Preparation Manufacturing,325620,Toilet Preparation Manufacturing
376,S&P 500,,,Americas,North America,United States,PGR,The Progressive Corporation,Insurance,Insurance,insurance,insurance;motor_insurance,Provides personal and commercial insurance products.,1965,"Ohio,  United States",http://www.progressive.com/,https://en.wikipedia.org/wiki/progressive_corp.,https://x.com/progressive,6331,"Fire, Marine & Casualty Insurance",52,Finance And Insurance,524,Insurance Carriers And Related Activities,5241,Insurance Carriers,52412,"Direct Insurance (Except Life, Health, And Medical) Carriers ",524126,Direct Property And Casualty Insurance Carriers 
377,S&P 500,,,Americas,North America,United States,PH,Parker-Hannifin Corporation,"Machinery, Equipment & Components",Machinery,industrial_machinery,industrial_machinery;motion_control,"Develops motion-control, fluid-power and industrial-engineering technologies.",1938,"Ohio,  United States",http://www.parker.com/,https://en.wikipedia.org/wiki/parker-hannifin,https://x.com/parkerhannifin,3490,Miscellaneous Fabricated Metal Products,31-33,Manufacturing,332,Fabricated Metal Product Manufacturing,3326,Spring And Wire Product Manufacturing,33261,Spring And Wire Product Manufacturing,332618,Other Fabricated Wire Product Manufacturing 
378,S&P 500,,,Americas,North America,United States,PHM,"Pultegroup, Inc.",Homebuilding & Construction Supplies,Residential Construction,residential_construction,residential_construction;mortgage_services,Develops residential housing communities and related financing services.,1987,"Georgia,  United States",https://www.pulte.com/,https://en.wikipedia.org/wiki/pultegroup,https://x.com/pultegroupnews,1531,Operative Builders,23,Construction,236,Construction Of Buildings,2361,Residential Building Construction,23611,Residential Building Construction,236116,New Multifamily Housing Construction (Except For-Sale Builders) 
379,S&P 500,,,Americas,North America,United States,PKG,Packaging Corporation Of America,Containers & Packaging,Packaging,packaging,packaging;paper_products,"Produces packaging, containerboard and paper products.",1999,"Illinois,  United States",http://www.packagingcorp.com/,https://en.wikipedia.org/wiki/packaging_corporation_of_america,https://x.com/packagingcorp,2650,Paperboard Containers & Boxes,31-33,Manufacturing,322,Paper Manufacturing,3222,Converted Paper Product Manufacturing,32221,Paperboard Container Manufacturing,322211,Corrugated And Solid Fiber Box Manufacturing 
380,S&P 500,,,Americas,North America,United States,PLD,"Prologis, Inc.",Residential & Commercial REIT,Real Estate Investment Trusts (REITs),logistics_real_estate,logistics_real_estate;property_management,"Owns, develops and manages logistics and industrial real-estate assets.",1997,"California,  United States",http://www.prologis.com/,https://en.wikipedia.org/wiki/prologis,https://x.com/prologis,6798,Real Estate Investment Trusts,52,Finance And Insurance,525,"Funds, Trusts, And Other Financial Vehicles ",5259,Other Investment Pools And Funds,52599,Other Financial Vehicles ,525990,Other Financial Vehicles 
381,S&P 500,,Nasdaq 100,Americas,North America,United States,PLTR,Palantir Technologies,Software & IT Services,Software & Digital Services,analytics_platforms,analytics_platforms;artificial_intelligence;government_technology,"Develops enterprise analytics, artificial intelligence and decision-support platforms.",2003,"Colorado,  United States","	palantir.com",https://en.wikipedia.org/wiki/Palantir_Technologies,,7372,Services-Prepackaged Software,51,Information,513,Publishing Industries,5132,Software Publishers,51321,Software Publishers,513210,Software Publishers
382,S&P 500,,,Americas,North America,United States,PM,Philip Morris International Inc.,Food & Tobacco,Food & Beverage,tobacco,tobacco,Develops and markets tobacco and smoke-free nicotine products.,2007,"Connecticut,  United States",https://www.pmi.com/,https://en.wikipedia.org/wiki/philip_morris_international,https://x.com/insidepmi,2111,Cigarettes,31-33,Manufacturing,312,Beverage And Tobacco Product Manufacturing,3122,Tobacco Manufacturing,31223,Tobacco Manufacturing,312230,Tobacco Manufacturing 
383,S&P 500,,,Americas,North America,United States,PNC,"The Pnc Financial Services Group, Inc.",Banking Services,Banking,banking,banking;wealth_management,"Provides retail, commercial and institutional banking services.",1983,"Pennsylvania,  United States",http://www.pnc.com/,https://en.wikipedia.org/wiki/pnc_financial_services,,6021,National Commercial Banks,52,Finance And Insurance,522,Credit Intermediation And Related Activities,5221,Depository Credit Intermediation ,52211,Commercial Banking ,522110,Commercial Banking 
384,S&P 500,,,"Europe, The Middle East and Africa",Western Europe,United Kingdom,PNR,Pentair Public Limited Company,"Machinery, Equipment & Components",Machinery,water_infrastructure,water_infrastructure;industrial_machinery,"Develops water-treatment, fluid-management and pool technologies.",2013,"London,  United Kingdom",http://www.pentair.com/,https://en.wikipedia.org/wiki/pentair,https://x.com/pentair,3550,Special Industry Machinery (No Metalworking Machinery),31-33,Manufacturing,332,Fabricated Metal Product Manufacturing,3329,Other Fabricated Metal Product Manufacturing,33291,Metal Valve Manufacturing,332919,Other Metal Valve And Pipe Fitting Manufacturing 
385,S&P 500,,,Americas,North America,United States,PNW,Pinnacle West Capital Corporation,Electrical Utilities & IPPs,Utilities,utilities,utilities;electricity_generation,"Generates, transmits and distributes electricity.",1985,"Arizona,  United States",http://www.pinnaclewest.com/,https://en.wikipedia.org/wiki/pinnacle_west_capital,,4911,Electric Services,22,Utilities,221,Utilities,2211,"Electric Power Generation, Transmission And Distribution",22111,Electric Power Generation,221111,Hydroelectric Power Generation 
386,S&P 500,,,Americas,North America,United States,PODD,Insulet Corporation,Healthcare Equipment & Supplies,Medical Devices,medical_devices,medical_devices;diabetes_care,Develops insulin-delivery medical devices and diabetes-care technologies.,2000,"Massachusetts,  United States",https://www.insulet.com,,,3841,Surgical & Medical Instruments & Apparatus,31-33,Manufacturing,339,Miscellaneous Manufacturing,3391,Medical Equipment And Supplies Manufacturing,33911,Medical Equipment And Supplies Manufacturing,339112,Surgical And Medical Instrument Manufacturing 
387,S&P 500,,,Americas,North America,United States,PPG,"Ppg Industries, Inc.",Chemicals,Chemicals,chemicals,chemicals;coatings,"Develops paints, coatings and specialty chemical products.",1883,"Pennsylvania,  United States",http://www.ppg.com/,https://en.wikipedia.org/wiki/ppg_industries,https://x.com/ppg,2851,"Paints, Varnishes, Lacquers, Enamels & Allied Prods",31-33,Manufacturing,325,Chemical Manufacturing,3255,"Paint, Coating, And Adhesive Manufacturing",32551,Paint And Coating Manufacturing,325510,Paint And Coating Manufacturing
388,S&P 500,,,Americas,North America,United States,PPL,Ppl Corporation,Multiline Utilities,Utilities,utilities,utilities;electricity_generation;natural_gas,"Generates, transmits and distributes electricity and natural gas.",1994,"Pennsylvania,  United States",http://www.pplweb.com/,https://en.wikipedia.org/wiki/ppl_corp.,https://x.com/pplcorp,4911,Electric Services,22,Utilities,221,Utilities,2211,"Electric Power Generation, Transmission And Distribution",22111,Electric Power Generation,221111,Hydroelectric Power Generation 
389,S&P 500,,,Americas,North America,United States,PRU,"Prudential Financial, Inc.",Insurance,Insurance,insurance,insurance;asset_management;retirement_services,"Provides insurance, retirement and investment-management services.",1999,"New Jersey,  United States",http://www.prudential.com/,https://en.wikipedia.org/wiki/prudential_financial,https://x.com/prudential,6311,Life Insurance,52,Finance And Insurance,524,Insurance Carriers And Related Activities,5241,Insurance Carriers,52411,"Direct Life, Health, And Medical Insurance Carriers ",524113,Direct Life Insurance Carriers 
390,S&P 500,,,Americas,North America,United States,PSA,Public Storage Operating Company,Residential & Commercial REIT,Real Estate Investment Trusts (REITs),self_storage,self_storage;property_management,Owns and operates self-storage real-estate facilities.,2007,"California,  United States",http://www.publicstorage.com/,https://en.wikipedia.org/wiki/public_storage,https://x.com/publicstorage,6798,Real Estate Investment Trusts,52,Finance And Insurance,525,"Funds, Trusts, And Other Financial Vehicles ",5259,Other Investment Pools And Funds,52599,Other Financial Vehicles ,525990,Other Financial Vehicles 
391,S&P 500,,,Americas,North America,United States,PSKY,Paramount Skydance Corporation,Media & Publishing,Media,media_entertainment,media_entertainment;streaming;television,"Produces and distributes television, film and streaming entertainment.",2025,"California,  United States",http://www.paramount.com/,https://en.wikipedia.org/wiki/Paramount_Skydance,,4833,Television Broadcasting Stations,51,Information,512,Motion Picture And Sound Recording Industries,5121,Motion Picture And Video Industries,51211,Motion Picture And Video Production,512110,Motion Picture And Video Production 
392,S&P 500,,,Americas,North America,United States,PSX,Phillips 66,Oil & Gas,Oil & Gas,refining,refining;petrochemicals;fuel_distribution,"Refines, transports and markets petroleum and petrochemical products.",2011,"Texas,  United States",http://www.phillips66.com/,https://en.wikipedia.org/wiki/phillips_66,https://x.com/phillips66co,2911,Petroleum Refining,31-33,Manufacturing,324,Petroleum And Coal Products Manufacturing,3241,Petroleum And Coal Products Manufacturing,32411,Petroleum Refineries,324110,Petroleum Refineries
393,S&P 500,,,Americas,North America,United States,PTC,Ptc Inc.,Software & IT Services,Software & Digital Services,industrial_software,industrial_software;product_lifecycle_management,"Develops engineering, CAD and product lifecycle management software.",1985,"Massachusetts,  United States",https://www.ptc.com,https://en.wikipedia.org/wiki/ptc_(software_company),https://x.com/ptc,7372,Prepackaged Software,51,Information,511,Publishing Industries (Except Internet),5112,Software Publishers,51121,Software Publishers,511210,Software Publishers
394,S&P 500,,,Americas,North America,United States,PWR,"Quanta Services, Inc.",Construction & Engineering,Construction & Engineering,infrastructure_engineering,infrastructure_engineering;energy_infrastructure,"Designs, builds and maintains energy and communications infrastructure.",1997,"Texas,  United States",http://www.quantaservices.com/,https://en.wikipedia.org/wiki/quanta_services_inc.,https://x.com/quanta_services,1731,Electrical Work,23,Construction,238,Specialty Trade Contractors,2382,Building Equipment Contractors,23821,Electrical Contractors And Other Wiring Installation Contractors,238210,Electrical Contractors And Other Wiring Installation Contractors
395,S&P 500,,Nasdaq 100,Americas,North America,United States,PYPL,"Paypal Holdings, Inc.",Professional & Commercial Services,FinTech,payments,payments;financial_technology;digital_wallets,"Develops digital payment platforms, merchant services and financial technologies.",2015,"California,  United States",http://www.paypal.com/,https://en.wikipedia.org/wiki/paypal,https://x.com/paypal,7389,"Business Services, Nec",52,Finance And Insurance,522,Credit Intermediation And Related Activities,5223,Activities Related To Credit Intermediation ,52239,Other Activities Related To Credit Intermediation ,522390,Other Activities Related To Credit Intermediation 
396,S&P 500,,,Americas,North America,United States,Q,Qnity Electronics,Semiconductors & Semiconductor Equipment,Semiconductors,semiconductor_materials,semiconductor_materials;electronics_materials,Develops materials and manufacturing solutions for semiconductor production.,2024,"Delaware,  United States",qnityelectronics.com,,,3674,Semiconductors & Related Devices,31-33,Manufacturing,334,Computer And Electronic Product Manufacturing,3344,Semiconductor And Other Electronic Component Manufacturing,33441,Semiconductor And Other Electronic Component Manufacturing,334413,Semiconductor And Related Device Manufacturing 
397,S&P 500,,Nasdaq 100,Americas,North America,United States,QCOM,Qualcomm Incorporated,Semiconductors & Semiconductor Equipment,Semiconductors,semiconductors,semiconductors;wireless;mobile_chipsets,Develops wireless semiconductor and communications technologies.,1991,"California,  United States",https://www.qualcomm.com/,https://en.wikipedia.org/wiki/qualcomm_inc.,https://x.com/qualcomm,3663,Radio & Tv Broadcasting & Communications Equipment,31-33,Manufacturing,334,Computer And Electronic Product Manufacturing,3341,Computer And Peripheral Equipment Manufacturing,33411,Computer And Peripheral Equipment Manufacturing,334118,Computer Terminal And Other Computer Peripheral Equipment Manufacturing 
398,S&P 500,,,Americas,North America,United States,RCL,Royal Caribbean Cruises Ltd.,Hotels & Entertainment Services,"Leisure, Hospitality & Travel",cruise_lines,cruise_lines;hospitality,Operates global cruise and travel businesses.,1985,"Florida,  United States",https://www.royalcaribbean.co.uk/,https://en.wikipedia.org/wiki/royal_caribbean_group,https://x.com/newsfromrcgroup,4400,Water Transportation,48-49,Transportation And Warehousing,483,Water Transportation,4831,"Deep Sea, Coastal, And Great Lakes Water Transportation",48311,"Deep Sea, Coastal, And Great Lakes Water Transportation",483111,Deep Sea Freight Transportation 
399,S&P 500,,,Americas,North America,United States,REG,Regency Centers Corporation,Residential & Commercial REIT,Real Estate Investment Trusts (REITs),retail_real_estate,retail_real_estate;property_management,"Owns, develops and manages retail shopping-centre real-estate assets.",1993,"Florida,  United States",http://www.regencycenters.com/,https://en.wikipedia.org/wiki/regency_centers_corporation,https://x.com/regencycenters,6798,Real Estate Investment Trusts,52,Finance And Insurance,525,"Funds, Trusts, And Other Financial Vehicles ",5259,Other Investment Pools And Funds,52599,Other Financial Vehicles ,525990,Other Financial Vehicles 
400,S&P 500,,Nasdaq 100,Americas,North America,United States,REGN,"Regeneron Pharmaceuticals, Inc.",Pharmaceuticals,Biotechnology,biotechnology,biotechnology;drug_discovery,"Develops, manufactures and commercialises biotechnology medicines for serious diseases.",1988,"New York,  United States",https://www.regeneron.com/,https://en.wikipedia.org/wiki/regeneron_pharmaceuticals,https://x.com/regeneron,2834,Pharmaceutical Preparations,31-33,Manufacturing,325,Chemical Manufacturing,3254,Pharmaceutical And Medicine Manufacturing,32541,Pharmaceutical And Medicine Manufacturing,325412,Pharmaceutical Preparation Manufacturing 
401,S&P 500,,,Americas,North America,United States,RF,Regions Financial Corporation,Banking Services,Banking,banking,banking;wealth_management,"Provides retail, commercial and wealth-management banking services.",2004,"Alabama,  United States",http://www.regions.com/,https://en.wikipedia.org/wiki/regions_financial_corp.,,6021,National Commercial Banks,52,Finance And Insurance,522,Credit Intermediation And Related Activities,5221,Depository Credit Intermediation ,52211,Commercial Banking ,522110,Commercial Banking 
402,S&P 500,,,Americas,North America,United States,RJF,"Raymond James Financial, Inc.",Banking Services,Investment Services,investment_banking,investment_banking;asset_management;wealth_management,"Provides investment banking, asset management, wealth management and brokerage services.",1974,"Florida,  United States",http://www.raymondjames.com/,https://en.wikipedia.org/wiki/raymond_james_financial_inc.,https://x.com/raymondjames,6211,"Security Brokers, Dealers & Flotation Companies",52,Finance And Insurance,523,"Securities, Commodity Contracts, And Other Financial Investments And Related Activities",5231,Securities And Commodity Contracts Intermediation And Brokerage,52312,Securities Brokerage ,523120,Securities Brokerage 
403,,,Nasdaq 100,Americas,North America,United States,RKLB,Rocket Lab,Aerospace & Defense,Aerospace & Defense,space_technology,space_technology;satellites;launch_services,"Designs, manufactures and launches rockets, spacecraft and satellite systems.",2006,"California, United States",https://www.rocketlabusa.com/,https://en.wikipedia.org/wiki/Rocket_Lab,https://x.com/rocketlab,3760,Guided Missiles And Space Vehicles And Parts,31-33,Manufacturing,336,Transportation Equipment Manufacturing,3364,Aerospace Product And Parts Manufacturing,33641,Aerospace Product And Parts Manufacturing,336414,Guided Missile And Space Vehicle Manufacturing
404,S&P 500,,,Americas,North America,United States,RL,Ralph Lauren Corporation,Textiles & Apparel,Textiles & Apparel,apparel,apparel;luxury_goods,"Designs, markets and distributes luxury apparel, accessories and lifestyle products.",1997,"New York,  United States",https://corporate.ralphlauren.com/,https://en.wikipedia.org/wiki/ralph_lauren_corporation,https://x.com/ralphlauren,2320,"Men'S & Boys' Furnishgs, Work Clothg, & Allied Garments",31-33,Manufacturing,315,Apparel Manufacturing,3152,Cut And Sew Apparel Manufacturing,31522,Men’S And Boys’ Cut And Sew Apparel Manufacturing ,315220,Men’S And Boys’ Cut And Sew Apparel Manufacturing 
405,S&P 500,,,Americas,North America,United States,RMD,Resmed Inc.,Healthcare Equipment & Supplies,Medical Devices,medical_devices,medical_devices;digital_health,Develops respiratory medical devices and connected digital-health software.,1994,"California,  United States",http://www.resmed.com/,https://en.wikipedia.org/wiki/resmed,https://x.com/resmed,3841,Surgical & Medical Instruments & Apparatus,31-33,Manufacturing,339,Miscellaneous Manufacturing,3391,Medical Equipment And Supplies Manufacturing,33911,Medical Equipment And Supplies Manufacturing,339112,Surgical And Medical Instrument Manufacturing 
406,S&P 500,,,Americas,North America,United States,ROK,"Rockwell Automation, Inc.","Machinery, Equipment & Components",Machinery,industrial_automation,industrial_automation;industrial_software,"Develops industrial automation, control systems and digital manufacturing technologies.",1996,"Wisconsin,  United States",http://www.rockwellautomation.com/,https://en.wikipedia.org/wiki/rockwell_automation_inc.,https://x.com/rokautomation,3829,"Measuring & Controlling Devices, Nec",31-33,Manufacturing,333,Machinery Manufacturing,3332,Industrial Machinery Manufacturing,33324,Industrial Machinery Manufacturing,333249,Other Industrial Machinery Manufacturing 
407,S&P 500,,,Americas,North America,United States,ROL,"Rollins, Inc.",Professional & Commercial Services,Professional Services,facilities_services,facilities_services;pest_control,Provides pest-control and environmental protection services.,1948,"Georgia,  United States",http://www.rollins.com/,https://en.wikipedia.org/wiki/rollins_inc.,,7340,Dwellings & Other Buildings,56,"Administrative Support, Waste Management & Remediation Services",561,Administrative And Support Services,5617,Services To Buildings And Dwellings,56171,Exterminating And Pest Control Services,561710,Exterminating And Pest Control Services
408,S&P 500,,Nasdaq 100,Americas,North America,United States,ROP,"Roper Technologies, Inc.",Software & IT Services,Software & Digital Services,enterprise_software,enterprise_software;vertical_software,Develops vertical software and technology-enabled solutions.,1981,"Florida,  United States",http://www.ropertech.com/,https://en.wikipedia.org/wiki/roper_technologies,,3823,"Industrial Instruments For Measurement, Display, And Control",54,"Professional, Scientific, And Technical Services",541,"Professional, Scientific, And Technical Services",5415,Computer Systems Design And Related Services,54151,Computer Systems Design And Related Services,541511,Custom Computer Programming Services 
409,S&P 500,,Nasdaq 100,Americas,North America,United States,ROST,"Ross Stores, Inc.",Specialty Retailers,Retail,discount_retail,discount_retail;apparel_retail,"Operates off-price retail stores selling apparel, footwear and home products.",1989,"California,  United States",https://www.rossstores.com/,https://en.wikipedia.org/wiki/ross_stores,https://en.wikipedia.org/wiki/ross_stores,5651,Family Clothing Stores,44-45,Retail Trade,448,Clothing And Clothing Accessories Stores ,4481,Clothing Stores ,44814,Family Clothing Stores ,448140,Family Clothing Stores 
410,S&P 500,,,Americas,North America,United States,RSG,"Republic Services, Inc.",Professional & Commercial Services,Professional Services,environmental_services,environmental_services;waste_management;recycling,"Provides waste management, recycling and environmental services.",1996,"Arizona,  United States",http://www.republicservices.com/,https://en.wikipedia.org/wiki/republic_services_inc,https://x.com/republicservice,4953,Refuse Systems,56,"Administrative Support, Waste Management & Remediation Services",562,Waste Management And Remediation Services,5621,Waste Collection ,56211,Waste Collection ,562111,Solid Waste Collection 
411,S&P 500,,,Americas,North America,United States,RTX,Rtx Corporation,Aerospace & Defense,Aerospace & Defense,aerospace_defence,aerospace_defence;aircraft_engines;missile_systems,"Develops aerospace, defence and aircraft propulsion technologies.",1934,"Virginia,  United States",http://www.rtx.com/,https://en.wikipedia.org/wiki/raytheon_technologies,https://x.com/raytheontech,3724,Aircraft Engines & Engine Parts,31-33,Manufacturing,336,Transportation Equipment Manufacturing,3364,Aerospace Product And Parts Manufacturing,33641,Aerospace Product And Parts Manufacturing,336411,Aircraft Manufacturing 
412,S&P 500,,,Americas,North America,United States,RVTY,"Revvity, Inc.",Healthcare Equipment & Supplies,Biotechnology,life_sciences,life_sciences;diagnostics,"Develops life-science technologies, diagnostics and laboratory solutions.",1947,"Massachusetts,  United States",http://revvity.com,https://en.wikipedia.org/wiki/Revvity,https://x.com/RevvityInc,3826,Laboratory Analytical Instruments,31-33,Manufacturing,334,Computer And Electronic Product Manufacturing,3345,"Navigational, Measuring, Electromedical, And Control Instruments Manufacturing",33451,"Navigational, Measuring, Electromedical, And Control Instruments Manufacturing",334516,Analytical Laboratory Instrument Manufacturing 
413,S&P 500,,,Americas,North America,United States,SBAC,Sba Communications Corporation,Residential & Commercial REIT,Real Estate Investment Trusts (REITs),telecommunications_infrastructure,telecommunications_infrastructure;towers,Owns and operates wireless communications tower infrastructure.,2016,"Florida,  United States",http://www.sbasite.com/,https://en.wikipedia.org/wiki/sba_communications,,6798,Real Estate Investment Trusts,52,Finance And Insurance,525,"Funds, Trusts, And Other Financial Vehicles ",5259,Other Investment Pools And Funds,52599,Other Financial Vehicles ,525990,Other Financial Vehicles 
414,S&P 500,,Nasdaq 100,Americas,North America,United States,SBUX,Starbucks Corporation,Hotels & Entertainment Services,"Leisure, Hospitality & Travel",coffee_retail,coffee_retail;food_service,Operates specialty coffee shops and branded food-service businesses.,1985,"Washington,  United States",https://www.starbucks.co.uk/,https://en.wikipedia.org/wiki/starbucks_corp.,https://x.com/starbucks,5810,Eating & Drinking Places,72,Accommodation And Food Services,722,Food Services And Drinking Places,7225,Restaurants And Other Eating Places,72251,Restaurants And Other Eating Places,722515,Snack And Nonalcoholic Beverage Bars 
415,S&P 500,,,Americas,North America,United States,SCHW,The Charles Schwab Corporation,Investment Banking & Investment Services,Investment Services,brokerage,brokerage;asset_management;banking,"Provides brokerage, banking, custody and wealth-management services.",1986,"Texas,  United States",http://www.schwab.com/,https://en.wikipedia.org/wiki/charles_schwab_corporation,https://x.com/charlesschwab,6211,"Security Brokers, Dealers & Flotation Companies",52,Finance And Insurance,523,"Securities, Commodity Contracts, And Other Financial Investments And Related Activities",5231,Securities And Commodity Contracts Intermediation And Brokerage,52312,Securities Brokerage ,523120,Securities Brokerage 
416,,,Nasdaq 100,Americas,North America,Canada,SHOP,Shopify,Software & IT Services,Technology Platforms,ecommerce_platforms,ecommerce_platforms;payments;digital_marketplaces,Develops digital commerce platforms and merchant infrastructure.,2004,"Ontario, Canada","	shopify.com",https://en.wikipedia.org/wiki/Shopify,https://x.com/Shopify,7372,Services-Prepackaged Software,42,Wholesale Trade,454,Nonstore Retailers ,4541,Electronic Shopping And Mail-Order Houses ,45411,Electronic Shopping And Mail-Order Houses ,454110,Electronic Shopping And Mail-Order Houses 
417,S&P 500,DJIA,,Americas,North America,United States,SHW,The Sherwin-Williams Company,Chemicals,Chemicals,coatings,coatings;specialty_chemicals,"Develops paints, coatings and specialty chemical products.",1884,"Ohio,  United States",http://www.sherwin-williams.com/,https://en.wikipedia.org/wiki/sherwin-williams,https://x.com/sherwinwilliams,5200,"Building Materials, Hardware, Garden Supply",31-33,Manufacturing,325,Chemical Manufacturing,3255,"Paint, Coating, And Adhesive Manufacturing",32551,Paint And Coating Manufacturing,325510,Paint And Coating Manufacturing
418,S&P 500,,,Americas,North America,United States,SJM,The J. M. Smucker Company,Food & Tobacco,Food & Beverage,food_beverage,food_beverage;consumer_brands,"Develops, manufactures and markets branded food and beverage products.",1921,"Ohio,  United States",https://www.jmsmucker.com/,https://en.wikipedia.org/wiki/jm_smucker,https://x.com/smuckers,2033,"Canned, Fruits, Veg, Preserves, Jams & Jellies",31-33,Manufacturing,311,Food Manufacturing,3114,Fruit And Vegetable Preserving And Specialty Food Manufacturing,31142,"Fruit And Vegetable Canning, Pickling, And Drying",311421,Fruit And Vegetable Canning 
419,S&P 500,,,Americas,North America,United States,SLB,Schlumberger N.V.,Oil & Gas Related Equipment and Services,Energy Equipment & Services,oilfield_services,oilfield_services;energy_technology,"Provides oilfield technologies, engineering and digital energy solutions.",1956,"Texas, United States",https://www.slb.com/,https://en.wikipedia.org/wiki/SLB,https://x.com/slbglobal,1389,"Oil & Gas Field Services, Nec",21,"Mining, Quarrying, And Oil And Gas Extraction",213,Support Activities For Mining,2131,Support Activities For Mining,21311,Support Activities For Mining,213112,Support Activities For Oil And Gas Operations 
420,S&P 500,,,Americas,North America,United States,SMCI,Supermicro,"Computers, Phones & Household Electronics",Consumer Electronics,server_hardware,server_hardware;artificial_intelligence;data_centres,"Develops server, storage and artificial-intelligence computing infrastructure.",2006,"California,  United States","	supermicro.com",https://en.wikipedia.org/wiki/Supermicro,https://x.com/supermicro_smci,3571,Electronic Computers,31-33,Manufacturing,334,Computer And Electronic Product Manufacturing,3342,Communications Equipment Manufacturing,33422,Radio And Television Broadcasting And Wireless Communications Equipment Manufacturing,334220,Radio And Television Broadcasting And Wireless Communications Equipment Manufacturing
421,S&P 500,,,Americas,North America,United States,SNA,Snap-On Incorporated,"Machinery, Equipment & Components",Machinery,industrial_tools,industrial_tools;diagnostics,"Manufactures professional tools, diagnostics and industrial equipment.",1930,"Wisconsin,  United States",http://www.snapon.com/,https://en.wikipedia.org/wiki/snap-on,https://x.com/snapon_tools,3420,"Cutlery, Handtools & General Hardware",31-33,Manufacturing,332,Fabricated Metal Product Manufacturing,3322,Cutlery And Handtool Manufacturing,33221,Cutlery And Handtool Manufacturing,332216,Saw Blade And Handtool Manufacturing 
422,S&P 500,,Nasdaq 100,Americas,North America,United States,SNDK,Sandisk,"Computers, Phones & Household Electronics",Consumer Electronics,data_storage,data_storage;flash_memory,"Develops flash-memory, solid-state storage and data-storage technologies.",1988,"California,  United States",http://sandisk.com/,https://en.wikipedia.org/wiki/Sandisk,,3572,Computer Storage Devices,31-33,Manufacturing,334,Computer And Electronic Product Manufacturing,3341,Computer And Peripheral Equipment Manufacturing,33411,Computer And Peripheral Equipment Manufacturing,334112,Computer Storage Device Manufacturing 
423,S&P 500,,Nasdaq 100,Americas,North America,United States,SNPS,"Synopsys, Inc.",Software & IT Services,Software & Digital Services,semiconductor_design_software,semiconductor_design_software;electronic_design_automation,Develops electronic design automation software and semiconductor intellectual property.,1987,"California,  United States",https://www.synopsys.com/,https://en.wikipedia.org/wiki/synopsys_inc.,https://x.com/synopsys,7372,Prepackaged Software,51,Information,511,Publishing Industries (Except Internet),5112,Software Publishers,51121,Software Publishers,511210,Software Publishers
424,S&P 500,,,Americas,North America,United States,SO,The Southern Company,Electrical Utilities & IPPs,Utilities,utilities,utilities;electricity_generation;natural_gas,"Generates, transmits and distributes electricity and natural gas.",1945,"Georgia,  United States",http://www.southerncompany.com/,https://en.wikipedia.org/wiki/southern_company,https://x.com/southerncompany,4911,Electric Services,22,Utilities,221,Utilities,2211,"Electric Power Generation, Transmission And Distribution",22112,"Electric Power Transmission, Control, And Distribution",221122,Electric Power Distribution 
425,S&P 500,,,Americas,North America,United States,SOLV,Solventum,Healthcare Equipment & Supplies,Medical Devices,medical_devices,medical_devices;healthcare_technology,"Develops medical devices, healthcare technologies and clinical software solutions.",2023,"Minnesota,  United States","	solventum.com",https://en.wikipedia.org/wiki/Solventum,,3841,Surgical & Medical Instruments & Apparatus,31-33,Manufacturing,339,Miscellaneous Manufacturing,3391,Medical Equipment And Supplies Manufacturing,33911,Medical Equipment And Supplies Manufacturing,339112,Surgical And Medical Instrument Manufacturing 
426,,,Nasdaq 100,Americas,North America,United States,SPCX,SpaceX,Telecommunications Services,Telecommunications,satellites,satellites;space_technology;broadband,Develops launch systems and operates satellite communications and broadband infrastructure.,2002,"Texas, United States",https://www.spacex.com/,https://en.wikipedia.org/wiki/SpaceX,https://x.com/spacex,7370,"Services-Computer Programming, Data Processing, Etc.",31-33,Manufacturing,336,Transportation Equipment Manufacturing,3364,Aerospace Product And Parts Manufacturing,33641,Aerospace Product And Parts Manufacturing,336414,Guided Missile And Space Vehicle Manufacturing
427,S&P 500,,,Americas,North America,United States,SPG,"Simon Property Group, Inc.",Residential & Commercial REIT,Real Estate Investment Trusts (REITs),retail_real_estate,retail_real_estate;property_management,"Owns, develops and manages shopping-centre real-estate assets.",1998,"Indiana,  United States",http://www.simon.com/,https://en.wikipedia.org/wiki/simon_property_group_inc,https://x.com/simonpropertygp,6798,Real Estate Investment Trusts,52,Finance And Insurance,525,"Funds, Trusts, And Other Financial Vehicles ",5259,Other Investment Pools And Funds,52599,Other Financial Vehicles ,525990,Other Financial Vehicles 
428,S&P 500,,,Americas,North America,United States,SPGI,S&P Global Inc.,Professional & Commercial Services,Professional Services,financial_information,financial_information;market_data;credit_ratings,"Provides financial information, market data, ratings and benchmark indices.",1925,"New York,  United States",http://www.spglobal.com/,"https://en.wikipedia.org/wiki/s%26p_global,_inc.",https://x.com/spglobal,7320,"Consumer Credit Reporting, Collection Agencies",52,Finance And Insurance,523,"Securities, Commodity Contracts, And Other Financial Investments And Related Activities",5239,Other Financial Investment Activities,52399,All Other Financial Investment Activities ,523999,Miscellaneous Financial Investment Activities 
429,S&P 500,,,Americas,North America,United States,SRE,Sempra,Multiline Utilities,Utilities,utilities,utilities;energy_infrastructure;natural_gas,"Operates electricity, natural-gas and energy infrastructure assets.",1996,"California,  United States",http://www.sempra.com/,https://en.wikipedia.org/wiki/sempra_energy,https://x.com/sempra,4932,Gas & Other Services Combined,22,Utilities,221,Utilities,2212,Natural Gas Distribution,22121,Natural Gas Distribution,221210,Natural Gas Distribution 
430,S&P 500,,,"Europe, The Middle East and Africa",Western Europe,Ireland,STE,Steris Public Limited Company,Healthcare Equipment & Supplies,Medical Devices,sterilisation,sterilisation;medical_devices,"Develops sterilisation, infection prevention and life-science technologies.",2016,"Dublin,  Ireland",http://steris.com/,https://en.wikipedia.org/wiki/steris_plc,https://x.com/steris,3842,"Orthopedic, Prosthetic & Surgical Appliances & Supplies",31-33,Manufacturing,339,Miscellaneous Manufacturing,3391,Medical Equipment And Supplies Manufacturing,33911,Medical Equipment And Supplies Manufacturing,339113,Surgical Appliance And Supplies Manufacturing 
431,S&P 500,,,Americas,North America,United States,STLD,"Steel Dynamics, Inc.",Metals & Mining,Mining,steel,steel;recycling;industrial_materials,Produces steel products and recycled metal materials.,1994,"Indiana,  United States",https://stld.steeldynamics.com,https://en.wikipedia.org/wiki/steel_dynamics,,3312,"Steel Works, Blast Furnaces & Rolling Mills (Coke Ovens)",31-33,Manufacturing,331,Primary Metal Manufacturing,3311,Iron And Steel Mills And Ferroalloy Manufacturing,33111,Iron And Steel Mills And Ferroalloy Manufacturing,331110,Iron And Steel Mills And Ferroalloy Manufacturing 
432,S&P 500,,,Americas,North America,United States,STT,State Street Corporation,Investment Banking & Investment Services,Investment Services,custody,custody;asset_management,"Provides custody, investment servicing and asset-management solutions.",1969,"Massachusetts,  United States",http://www.statestreet.com/,https://en.wikipedia.org/wiki/state_street_corp.,https://x.com/statestreet,6022,State Commercial Banks,52,Finance And Insurance,523,"Securities, Commodity Contracts, And Other Financial Investments And Related Activities",5231,Securities And Commodity Contracts Intermediation And Brokerage,52311,Investment Banking And Securities Dealing ,523110,Investment Banking And Securities Dealing 
433,S&P 500,,Nasdaq 100,"Europe, The Middle East and Africa",Western Europe,Ireland,STX,Seagate Technology Holdings Public Limited Company,"Computers, Phones & Household Electronics",Consumer Electronics,data_storage,data_storage;hard_disk_drives,Develops mass data-storage infrastructure and storage devices.,2021,"Dublin,  Ireland",https://www.seagate.com/gb/en/,https://en.wikipedia.org/wiki/seagate_technology,https://x.com/seagate,3572,Computer Storage Devices,31-33,Manufacturing,334,Computer And Electronic Product Manufacturing,3341,Computer And Peripheral Equipment Manufacturing,33411,Computer And Peripheral Equipment Manufacturing,334112,Computer Storage Device Manufacturing 
434,S&P 500,,,Americas,North America,United States,STZ,"Constellation Brands, Inc.",Beverages,Food & Beverage,beverages,beverages;spirits;wine,"Produces and markets beer, wine and spirits.",1972,"New York,  United States",https://www.cbrands.com/,https://en.wikipedia.org/wiki/constellation_brands,https://x.com/cbrands,2080,Beverages,31-33,Manufacturing,312,Beverage And Tobacco Product Manufacturing,3121,Beverage Manufacturing,31213,Wineries,312130,Wineries 
435,S&P 500,,,"Europe, The Middle East and Africa",Western Europe,Ireland,SW,"	Smurfit Westrock",Containers & Packaging,Packaging,packaging,packaging;paper_products,Produces sustainable paper and packaging products.,2017,"Dublin,  Ireland","	www.smurfitwestrock.com",https://en.wikipedia.org/wiki/Smurfit_Westrock,https://x.com/smurfitkappa,2650,Paperboard Containers & Boxes,31-33,Manufacturing,322,Paper Manufacturing,3222,Converted Paper Product Manufacturing,32221,Paperboard Container Manufacturing,322211,Corrugated And Solid Fiber Box Manufacturing 
436,S&P 500,,,Americas,North America,United States,SWK,"Stanley Black & Decker, Inc.","Machinery, Equipment & Components",Machinery,industrial_tools,industrial_tools;consumer_tools,Manufactures professional and consumer tools and engineered fastening systems.,1901,"Connecticut,  United States",http://www.stanleyblackanddecker.com/,https://en.wikipedia.org/wiki/stanley_black_%26_decker,https://x.com/stanleyblkdeckr,3420,"Cutlery, Handtools & General Hardware",31-33,Manufacturing,333,Machinery Manufacturing,3335,Metalworking Machinery Manufacturing,33351,Metalworking Machinery Manufacturing,333515,Cutting Tool And Machine Tool Accessory Manufacturing 
437,S&P 500,,,Americas,North America,United States,SWKS,"Skyworks Solutions, Inc.",Semiconductors & Semiconductor Equipment,Semiconductors,semiconductors,semiconductors;wireless;rf_components,Develops wireless semiconductor and RF connectivity technologies.,2002,"California,  United States",http://skyworksinc.com/,https://en.wikipedia.org/wiki/skyworks_solutions,https://x.com/skyworksinc,3674,Semiconductors & Related Devices,31-33,Manufacturing,334,Computer And Electronic Product Manufacturing,3344,Semiconductor And Other Electronic Component Manufacturing,33441,Semiconductor And Other Electronic Component Manufacturing,334413,Semiconductor And Related Device Manufacturing 
438,S&P 500,,,Americas,North America,United States,SYF,Synchrony Financial,Banking Services,Banking,consumer_finance,consumer_finance;credit_cards;digital_payments,"Provides consumer finance, credit-card and digital banking products.",2003,"Connecticut,  United States",http://www.synchrony.com/,https://en.wikipedia.org/wiki/synchrony_financial,https://x.com/synchrony,6199,Finance Services,52,Finance And Insurance,522,Credit Intermediation And Related Activities,5221,Depository Credit Intermediation ,52219,Other Depository Credit Intermediation ,522190,Other Depository Credit Intermediation 
439,S&P 500,,,Americas,North America,United States,SYK,Stryker Corporation,Healthcare Equipment & Supplies,Medical Devices,medical_devices,medical_devices;orthopaedics;surgical_equipment,"Develops medical devices, surgical equipment and orthopaedic technologies.",1946,"Michigan,  United States",http://www.stryker.com/,https://en.wikipedia.org/wiki/stryker_corp.,https://x.com/stryker_st,3841,Surgical & Medical Instruments & Apparatus,31-33,Manufacturing,339,Miscellaneous Manufacturing,3391,Medical Equipment And Supplies Manufacturing,33911,Medical Equipment And Supplies Manufacturing,339112,Surgical And Medical Instrument Manufacturing 
440,S&P 500,,,Americas,North America,United States,SYY,Sysco Corporation,Food & Drug Retailing,Industrial Distribution,food_distribution,food_distribution;logistics,Distributes food and related products to the food-service industry.,1969,"Texas,  United States",https://www.sysco.com/,https://en.wikipedia.org/wiki/sysco_corp.,https://x.com/sysco,5140,Wholesale-Groceries & Related Products,42,Wholesale Trade,424,"Merchant Wholesalers, Nondurable Goods ",4244,Grocery And Related Product Merchant Wholesalers ,42442,Packaged Frozen Food Merchant Wholesalers ,424420,Packaged Frozen Food Merchant Wholesalers 
441,S&P 500,,,Americas,North America,United States,T,At&T Inc.,Telecommunications Services,Telecommunications,telecommunications,telecommunications;broadband;mobile_networks,"Provides mobile, broadband and digital communications services.",1983,"Texas,  United States",https://www.att.com/,https://en.wikipedia.org/wiki/at%26t_inc.,https://x.com/att,4813,"Telephone Communications, Except Radiotelephone (Except Resellers)",51,Information,517,Telecommunications,5173,Wired And Wireless Telecommunications Carriers,51731,Wired And Wireless Telecommunications Carriers,517312,Wireless Telecommunications Carriers (Except Satellite)
442,S&P 500,,,Americas,North America,United States,TAP,Molson Coors Beverage Company,Beverages,Food & Beverage,beverages,beverages;beer,Produces and markets beer and beverage brands.,2003,"Colorado,  United States",http://molsoncoors.com/,https://en.wikipedia.org/wiki/molson_coors_beverage_company,https://x.com/molsoncoors,2082,Malt Beverages,31-33,Manufacturing,312,Beverage And Tobacco Product Manufacturing,3121,Beverage Manufacturing,31212,Breweries,312120,Breweries
443,S&P 500,,,Americas,North America,United States,TDG,Transdigm Group Incorporated,Aerospace & Defense,Aerospace & Defense,aerospace_components,aerospace_components;aircraft_systems,Develops engineered aircraft systems and aerospace components.,2003,"Ohio,  United States",http://www.transdigm.com/,https://en.wikipedia.org/wiki/transdigm_group,,3728,"Aircraft Parts & Auxiliary Equipment, Nec",31-33,Manufacturing,336,Transportation Equipment Manufacturing,3364,Aerospace Product And Parts Manufacturing,33641,Aerospace Product And Parts Manufacturing,336413,Other Aircraft Parts And Auxiliary Equipment Manufacturing 
444,S&P 500,,,Americas,North America,United States,TDY,Teledyne Technologies Incorporated,Electronic Equipment & Parts,Electronics,industrial_electronics,industrial_electronics;sensors;defence_electronics,"Develops sensing, instrumentation and industrial electronics technologies.",1999,"California,  United States",http://www.teledyne.com/,https://en.wikipedia.org/wiki/teledyne_technologies,,3812,"Search, Detection, Navagation, Guidance, Aeronautical Sys",31-33,Manufacturing,334,Computer And Electronic Product Manufacturing,3345,"Navigational, Measuring, Electromedical, And Control Instruments Manufacturing",33451,"Navigational, Measuring, Electromedical, And Control Instruments Manufacturing",334511,"Search, Detection, Navigation, Guidance, Aeronautical, And Nautical System And Instrument Manufacturing "
445,S&P 500,,,Americas,North America,United States,TECH,Bio-Techne Corporation,Biotechnology & Medical Research,Biotechnology,biotechnology,biotechnology;life_sciences;diagnostics,"Develops biotechnology reagents, diagnostics and life-science technologies.",1981,"Minnesota,  United States",https://www.bio-techne.com,https://en.wikipedia.org/wiki/bio-techne,https://x.com/biotechne,2836,"Biological Products, (No Disgnostic Substances)",31-33,Manufacturing,325,Chemical Manufacturing,3254,Pharmaceutical And Medicine Manufacturing,32541,Pharmaceutical And Medicine Manufacturing,325414,Biological Product(Except Diagnostic) Manufacturing 
446,S&P 500,,,"Europe, The Middle East and Africa",Western Europe,Switzerland,TEL,Te Connectivity Ltd,Semiconductors & Semiconductor Equipment,Electronics,connectivity,connectivity;sensors;electronics,Develops electronic connectivity and sensor technologies.,2009,"Schaffhausen,  Switerland",https://www.te.com/,https://en.wikipedia.org/wiki/te_connectivity,https://x.com/teconnectivity,5065,"Wholesale-Electronic Parts & Equipment, Nec",31-33,Manufacturing,334,Computer And Electronic Product Manufacturing,3344,Semiconductor And Other Electronic Component Manufacturing,33441,Semiconductor And Other Electronic Component Manufacturing,334419,Other Electronic Component Manufacturing 
447,S&P 500,,Nasdaq 100,Americas,North America,United States,TER,"Teradyne, Inc.",Semiconductors & Semiconductor Equipment,Semiconductors,semiconductor_equipment,semiconductor_equipment;robotics,Develops semiconductor test equipment and industrial robotics solutions.,1960,"Massachusetts,  United States",http://www.teradyne.com/,https://en.wikipedia.org/wiki/teradyne,https://x.com/teradyneinc,3825,Instruments For Meas & Testing Of Electricity & Elec Signals,31-33,Manufacturing,334,Computer And Electronic Product Manufacturing,3345,"Navigational, Measuring, Electromedical, And Control Instruments Manufacturing",33451,"Navigational, Measuring, Electromedical, And Control Instruments Manufacturing",334515,Instrument Manufacturing For Measuring And Testing Electricity And Electrical Signals 
448,S&P 500,,,Americas,North America,United States,TFC,Truist Financial Corporation,Banking Services,Banking,banking,banking;investment_banking;wealth_management,"Provides retail, commercial and investment banking services.",1968,"North Carolina,  United States",http://www.truist.com/,https://en.wikipedia.org/wiki/truist_financial,https://x.com/truistnews,6021,National Commercial Banks,52,Finance And Insurance,522,Credit Intermediation And Related Activities,5221,Depository Credit Intermediation ,52211,Commercial Banking ,522110,Commercial Banking 
449,S&P 500,,,Americas,North America,United States,TGT,Target Corporation,Diversified Retail,Retail,general_retail,general_retail;digital_marketplaces,Operates general merchandise retail stores and digital commerce platforms.,1902,"Minnesota,  United States",https://corporate.target.com/,https://en.wikipedia.org/wiki/target_corp.,https://x.com/target,5331,Variety Stores,44-45,Retail Trade,452,General Merchandise Stores ,4523,"General Merchandise Stores, Including Warehouse Clubs And Supercenters ",45231,"General Merchandise Stores, Including Warehouse Clubs And Supercenters ",452319,All Other General Merchandise Stores 
450,S&P 500,,,Americas,North America,United States,TJX,"The Tjx Companies, Inc.",Diversified Retail,Retail,discount_retail,discount_retail;apparel_retail;home_furnishings,Operates off-price retail stores selling apparel and home products.,1962,"Massachusetts,  United States",https://www.tjx.com/,https://en.wikipedia.org/wiki/tjx_companies_inc.,,5651,Family Clothing Stores,44-45,Retail Trade,452,General Merchandise Stores ,4523,"General Merchandise Stores, Including Warehouse Clubs And Supercenters ",45231,"General Merchandise Stores, Including Warehouse Clubs And Supercenters ",452319,All Other General Merchandise Stores 
451,S&P 500,,,Americas,North America,United States,TKO,TKO Group Holdings,Media & Publishing,Media,media_entertainment,media_entertainment;sports_media;live_events,"Produces and commercialises sports entertainment, media rights and live events.",2023,"New York, United States","	tkogrp.com",https://en.wikipedia.org/wiki/TKO_Group_Holdings,https://x.com/TKOGrp,7900,Services-Amusement & Recreation Services,71,"Arts, Entertainment, And Recreation",713,"Amusement, Gambling, And Recreation Industries",7139,Other Amusement And Recreation Industries,71399,All Other Amusement And Recreation Industries,713990,All Other Amusement And Recreation Industries 
452,S&P 500,,,Americas,North America,United States,TMO,Thermo Fisher Scientific Inc.,Healthcare Equipment & Supplies,Biotechnology,life_sciences,life_sciences;diagnostics;laboratory_equipment,"Develops life-science technologies, diagnostics and laboratory equipment.",1960,"Massachusetts,  United States",http://www.thermofisher.com/,https://en.wikipedia.org/wiki/thermo_fisher_scientific,https://x.com/thermofisher,3829,"Measuring & Controlling Devices, Nec",31-33,Manufacturing,334,Computer And Electronic Product Manufacturing,3345,"Navigational, Measuring, Electromedical, And Control Instruments Manufacturing",33451,"Navigational, Measuring, Electromedical, And Control Instruments Manufacturing",334516,Analytical Laboratory Instrument Manufacturing 
453,S&P 500,,Nasdaq 100,Americas,North America,United States,TMUS,"T-Mobile Us, Inc.",Telecommunications Services,Telecommunications,telecommunications,telecommunications;mobile_networks,"Provides wireless, broadband and mobile communications services.",2004,"Washington,  United States",https://www.t-mobile.com/,https://en.wikipedia.org/wiki/t-mobile_us,https://x.com/tmobile,4812,Radiotelephone Communications (Paging Carriers),51,Information,517,Telecommunications,5173,Wired And Wireless Telecommunications Carriers,51731,Wired And Wireless Telecommunications Carriers,517312,Wireless Telecommunications Carriers (Except Satellite)
454,S&P 500,,,Americas,North America,United States,TPL,Texas Pacific Land Corporation,Oil & Gas,Oil & Gas,oil_gas_royalties,oil_gas_royalties;water_infrastructure,Owns oil and gas royalty interests and provides water infrastructure services.,2020,"Texas,  United States","	www.texaspacific.com",https://en.wikipedia.org/wiki/Texas_Pacific_Land_Corporation,,6792,Oil Royalty Traders,53,Real Estate And Rental And Leasing,533,Lessors Of Nonfinancial Intangible Assets (Except Copyrighted Works),5331,Lessors Of Nonfinancial Intangible Assets (Except Copyrighted Works),53311,Lessors Of Nonfinancial Intangible Assets (Except Copyrighted Works),533110,Lessors Of Nonfinancial Intangible Assets (Except Copyrighted Works)
455,S&P 500,,,Americas,North America,United States,TPR,"Tapestry, Inc.",Specialty Retailers,Retail,luxury_goods,luxury_goods;apparel,"Designs and markets luxury fashion, accessories and lifestyle brands.",2000,"New York,  United States",https://www.tapestry.com/,"https://en.wikipedia.org/wiki/tapestry,_inc.",https://x.com/Coach,3100,Leather & Leather Products,31-33,Manufacturing,316,Leather And Allied Product Manufacturing,3169,Other Leather And Allied Product Manufacturing,31699,Other Leather And Allied Product Manufacturing,316992,Women'S Handbag And Purse Manufacturing 
456,S&P 500,,,Americas,North America,United States,TRGP,Targa Resources Corp.,Oil & Gas Related Equipment and Services,Energy Equipment & Services,midstream_energy,midstream_energy;natural_gas;energy_infrastructure,"Operates natural-gas gathering, processing and transportation infrastructure.",2005,"Texas,  United States",https://www.targaresources.com,https://en.wikipedia.org/wiki/targa_resources,,4922,Natural Gas Transmission,21,"Mining, Quarrying, And Oil And Gas Extraction",213,Support Activities For Mining,2131,Support Activities For Mining,21311,Support Activities For Mining,213112,Support Activities For Oil And Gas Operations 
457,,,Nasdaq 100,Americas,North America,United States,TRI,Thomson Reuters,Professional & Commercial Services,Professional Services,financial_information,financial_information;legal_information;news_services,"Provides legal, tax, financial information and news services.",2008,"Ontario, Canada",https://thomsonreuters.com/,https://en.wikipedia.org/wiki/Thomson_Reuters,,2741,Miscellaneous Publishing,54,"Professionl, Scientific, and Technical Services",551,Management of Companies and Enterprises,5511,Management of Companies and Enterprises,55111,Management of Companies and Enterprises,551112,Offices of Other Holding Companies
458,S&P 500,,,Americas,North America,United States,TRMB,Trimble Inc.,Software & IT Services,Software & Digital Services,industrial_software,industrial_software;geospatial;construction_technology,"Develops software and positioning technologies for construction, surveying and logistics.",2016,"Colorado,  United States",https://www.trimble.com,https://en.wikipedia.org/wiki/trimble_inc.,https://x.com/trimblecorpnews,3829,"Measuring & Controlling Devices, Nec",31-33,Manufacturing,334,Computer And Electronic Product Manufacturing,3345,"Navigational, Measuring, Electromedical, And Control Instruments Manufacturing",33451,"Navigational, Measuring, Electromedical, And Control Instruments Manufacturing",334519,Other Measuring And Controlling Device Manufacturing 
459,S&P 500,,,Americas,North America,United States,TROW,"T. Rowe Price Group, Inc.",Investment Banking & Investment Services,Investment Services,asset_management,asset_management;investment_management,Provides investment management and advisory services.,2000,"Maryland,  United States",http://www.troweprice.com/,https://en.wikipedia.org/wiki/t._rowe_price_group,https://x.com/troweprice,6200,"Security & Commodity Brokers, Dealers, Exchanges & Services",52,Finance And Insurance,523,"Securities, Commodity Contracts, And Other Financial Investments And Related Activities",5239,Other Financial Investment Activities,52393,Investment Advice ,523930,Investment Advice 
460,S&P 500,DJIA,,Americas,North America,United States,TRV,"The Travelers Companies, Inc.",Insurance,Insurance,insurance,insurance;property_casualty,Provides property and casualty insurance products and services.,1853,"Minnesota,  United States",http://investor.travelers.com/,https://en.wikipedia.org/wiki/the_travelers_companies_inc.,https://x.com/travelers,6331,"Fire, Marine & Casualty Insurance",52,Finance And Insurance,524,Insurance Carriers And Related Activities,5241,Insurance Carriers,52412,"Direct Insurance (Except Life, Health, And Medical) Carriers ",524126,Direct Property And Casualty Insurance Carriers 
461,S&P 500,,,Americas,North America,United States,TSCO,Tractor Supply Company,Specialty Retailers,Retail,agriculture_retail,agriculture_retail;pet_products,"Operates retail stores supplying agricultural, rural lifestyle and pet products.",1982,"Tennessee,  United States",https://www.tractorsupply.com/,https://en.wikipedia.org/wiki/tractor_supply_company,https://x.com/tractorsupply,5200,"Building Materials, Hardware, Garden Supply",44-45,Retail Trade,453,Miscellaneous Store Retailers ,4539,Other Miscellaneous Store Retailers ,45399,All Other Miscellaneous Store Retailers ,453998,All Other Miscellaneous Store Retailers (Except Tobacco Stores) 
462,S&P 500,,Nasdaq 100,Americas,North America,United States,TSLA,"Tesla, Inc.",Automobiles & Auto Parts,Automotive,electric_vehicles,electric_vehicles;battery_storage;renewable_energy,"Designs, manufactures and sells electric vehicles, battery storage and energy systems.",2003,"Texas,  United States",http://www.tesla.com/,"https://en.wikipedia.org/wiki/tesla,_inc.",https://x.com/tesla,3711,Motor Vehicles & Passenger Car Bodies,31-33,Manufacturing,336,Transportation Equipment Manufacturing,3361,Motor Vehicle Manufacturing,33611,Automobile And Light Duty Motor Vehicle Manufacturing,336112,Light Truck And Utility Vehicle Manufacturing 
463,S&P 500,,,Americas,North America,United States,TSN,"Tyson Foods, Inc.",Food & Tobacco,Food & Beverage,food_processing,food_processing;protein,Produces and markets meat and prepared food products.,1986,"Arkansas,  United States",https://www.tysonfoods.com/,https://en.wikipedia.org/wiki/tyson_foods,https://x.com/tysonfoods,2015,Poultry Slaughtering And Processing,31-33,Manufacturing,311,Food Manufacturing,3116,Animal Slaughtering And Processing,31161,Animal Slaughtering And Processing,311615,Poultry Processing 
464,S&P 500,,,"Europe, The Middle East and Africa",Western Europe,Ireland,TT,Trane Technologies Plc,"Machinery, Equipment & Components",Machinery,climate_control,climate_control;hvac,"Develops heating, cooling, ventilation and transport refrigeration systems.",2009,"Dublin,  Ireland",http://www.tranetechnologies.com/,https://en.wikipedia.org/wiki/trane_technologies_plc,https://x.com/trane_tech,3822,Auto Controls For Regulating Residential & Comml Environments,31-33,Manufacturing,333,Machinery Manufacturing,3334,"Ventilation, Heating, Air-Conditioning, And Commercial Refrigeration Equipment Manufacturing",33341,"Ventilation, Heating, Air-Conditioning, And Commercial Refrigeration Equipment Manufacturing",333415,Air-Conditioning And Warm Air Heating Equipment And Commercial And Industrial Refrigeration Equipment Manufacturing 
465,S&P 500,,,Americas,North America,United States,TTD,"The Trade Desk, Inc.",Software & IT Services,Technology Platforms,advertising_technology,advertising_technology;digital_advertising,Operates cloud advertising technology and digital media platforms.,2009,"California,  United States","	thetradedesk.com",https://en.wikipedia.org/wiki/The_Trade_Desk,https://x.com/TheTradeDesk,7370,"Computer Programming, Data Processing, Etc.",54,"Professional, Scientific, And Technical Services",541,"Professional, Scientific, And Technical Services",5415,Computer Systems Design And Related Services,54151,Computer Systems Design And Related Services,541511,Custom Computer Programming Services 
466,S&P 500,,Nasdaq 100,Americas,North America,United States,TTWO,"Take-Two Interactive Software, Inc.",Software & IT Services,Software & Digital Services,gaming,gaming;digital_content,"Develops, publishes and distributes interactive entertainment software.",1993,"New York,  United States",https://www.take2games.com/,https://en.wikipedia.org/wiki/take-two_interactive,,7372,Prepackaged Software,51,Information,511,Publishing Industries (Except Internet),5112,Software Publishers,51121,Software Publishers,511210,Software Publishers
467,S&P 500,,Nasdaq 100,Americas,North America,United States,TXN,Texas Instruments Incorporated,Semiconductors & Semiconductor Equipment,Semiconductors,semiconductors,semiconductors;analog_semiconductors,Designs and manufactures analog and embedded semiconductor products.,1938,"Texas,  United States",http://www.ti.com/,https://en.wikipedia.org/wiki/texas_instruments,https://x.com/txinstruments,3674,Semiconductors & Related Devices,31-33,Manufacturing,334,Computer And Electronic Product Manufacturing,3344,Semiconductor And Other Electronic Component Manufacturing,33441,Semiconductor And Other Electronic Component Manufacturing,334413,Semiconductor And Related Device Manufacturing 
468,S&P 500,,,Americas,North America,United States,TXT,Textron Inc.,Aerospace & Defense,Aerospace & Defense,aerospace_defence,aerospace_defence;industrial_systems,"Manufactures aerospace, defence and industrial equipment.",1967,"Rhode Island,  United States",http://www.textron.com/,https://en.wikipedia.org/wiki/textron_inc.,https://x.com/textron,3720,Aircraft & Parts,31-33,Manufacturing,336,Transportation Equipment Manufacturing,3364,Aerospace Product And Parts Manufacturing,33641,Aerospace Product And Parts Manufacturing,336411,Aircraft Manufacturing 
469,S&P 500,,,Americas,North America,United States,TYL,"Tyler Technologies, Inc.",Software & IT Services,Aerospace & Defense,aerospace_defense,aerospace_defense;aerospace_manufacturing;industrial_products,"Designs, manufactures and services aircraft, helicopters, defence systems and specialised industrial products, with additional activities or exposure across finance.",1989,"Texas,  United States",http://www.tylertech.com/,https://en.wikipedia.org/wiki/tyler_technologies,https://x.com/tylertech,7372,Prepackaged Software,51,Information,511,Publishing Industries (Except Internet),5112,Software Publishers,51121,Software Publishers,511210,Software Publishers
470,S&P 500,,,Americas,North America,United States,UAL,"United Airlines Holdings, Inc.",Passenger Transportation Services,Transportation,airlines,airlines;cargo,Provides passenger and cargo airline services.,1968,"Illinois,  United States",http://ir.united.com/,https://en.wikipedia.org/wiki/united_airlines_holdings,https://x.com/united,4512,"Air Transportation, Scheduled",48-49,Transportation And Warehousing,481,Air Transportation,4811,Scheduled Air Transportation,48111,Scheduled Air Transportation,481111,Scheduled Passenger Air Transportation 
471,S&P 500,,,Americas,North America,United States,UBER,Uber,Software & IT Services,Technology Platforms,mobility_platforms,mobility_platforms;food_delivery;logistics,"Operates digital mobility, delivery and freight platforms.",2010,"California,  United States","	uber.com",https://en.wikipedia.org/wiki/Uber,,7389,"Services-Business Services, Nec",54,"Professional, Scientific, And Technical Services",541,"Professional, Scientific, And Technical Services",5415,Computer Systems Design And Related Services,54151,Computer Systems Design And Related Services,541511,Custom Computer Programming Services 
472,S&P 500,,,Americas,North America,United States,UDR,"Udr, Inc.",Residential & Commercial REIT,Real Estate Investment Trusts (REITs),residential_real_estate,residential_real_estate;property_management,Owns and manages multifamily residential real-estate assets.,2003,"Colorado,  United States",http://www.udr.com/,"https://en.wikipedia.org/wiki/udr,_inc.",,6798,Real Estate Investment Trusts,52,Finance And Insurance,525,"Funds, Trusts, And Other Financial Vehicles ",5259,Other Investment Pools And Funds,52599,Other Financial Vehicles ,525990,Other Financial Vehicles 
473,S&P 500,,,Americas,North America,United States,UHS,"Universal Health Services, Inc.",Healthcare Providers & Services,Healthcare Providers & Services,hospitals,hospitals;behavioural_health,"Operates hospitals, outpatient facilities and behavioural healthcare services.",1979,"Pennsylvania,  United States",http://www.uhsinc.com/,https://en.wikipedia.org/wiki/universal_health_services,https://x.com/uhs_inc,8062,"General Medical & Surgical Hospitals, Nec",62,Health Care And Social Assistance,622,Hospitals,6221,General Medical And Surgical Hospitals,62211,General Medical And Surgical Hospitals,622110,General Medical And Surgical Hospitals 
474,S&P 500,,,Americas,North America,United States,ULTA,"Ulta Beauty, Inc.",Specialty Retailers,Retail,beauty_retail,beauty_retail,Operates beauty retail stores and salon services.,2016,"Illinois,  United States",https://www.ulta.com/,https://en.wikipedia.org/wiki/ulta_beauty,https://x.com/ultabeauty,5990,"Retail Stores, Nec",44-45,Retail Trade,446,Health And Personal Care Stores ,4461,Health And Personal Care Stores ,44612,"Cosmetics, Beauty Supplies, And Perfume Stores ",446120,"Cosmetics, Beauty Supplies, And Perfume Stores "
475,S&P 500,DJIA,,Americas,North America,United States,UNH,Unitedhealth Group Incorporated,Healthcare Providers & Services,Healthcare Providers & Services,healthcare_services,healthcare_services;health_insurance,"Provides healthcare services, insurance and pharmacy benefit solutions.",2015,"Minnesota,  United States",https://www.unitedhealthgroup.com/,https://en.wikipedia.org/wiki/unitedhealth_group_inc.,https://x.com/unitedhealthgrp,6324,Hospital & Medical Service Plans,52,Finance And Insurance,524,Insurance Carriers And Related Activities,5241,Insurance Carriers,52411,"Direct Life, Health, And Medical Insurance Carriers ",524114,Direct Health And Medical Insurance Carriers 
476,S&P 500,,,Americas,North America,United States,UNP,Union Pacific Corporation,Freight & Logistics Services,Logistics,rail_transport,rail_transport;freight,Operates freight railway transportation services.,1969,"Nebraska,  United States",http://www.up.com/,https://en.wikipedia.org/wiki/union_pacific_corp,https://x.com/unionpacific,4011,"Railroads, Line-Haul Operating",48-49,Transportation And Warehousing,482,Rail Transportation,4821,Rail Transportation,48211,Rail Transportation,482111,Line-Haul Railroads 
477,S&P 500,,,Americas,North America,United States,UPS,"United Parcel Service, Inc.",Freight & Logistics Services,Logistics,logistics,logistics;parcel_delivery,Provides parcel delivery and logistics services.,1999,"Georgia,  United States",http://www.ups.com/,https://en.wikipedia.org/wiki/united_parcel_service,https://x.com/ups,4210,Trucking & Courier Services (No Air),48-49,Transportation And Warehousing,492,Couriers And Messengers,4921,Couriers And Express Delivery Services,49211,Couriers And Express Delivery Services,492110,Couriers And Express Delivery Services
478,S&P 500,,,Americas,North America,United States,URI,"United Rentals, Inc.",Professional & Commercial Services,Industrial Distribution,equipment_rental,equipment_rental;industrial_distribution,Provides industrial and construction equipment rental services.,1998,"Connecticut,  United States",http://www.unitedrentals.com/,"https://en.wikipedia.org/wiki/united_rentals,_inc.",https://x.com/unitedrentals,7359,"Equipment Rental & Leasing, Nec",53,Real Estate And Rental And Leasing,532,Rental And Leasing Services,5324,Commercial And Industrial Machinery And Equipment Rental And Leasing,53241,"Construction, Transportation, Mining, And Forestry Machinery And Equipment Rental And Leasing",532412,"Construction, Mining, And Forestry Machinery And Equipment Rental And Leasing "
479,S&P 500,,,Americas,North America,United States,USB,U.S. Bancorp,Banking Services,Banking,banking,banking;payments;wealth_management,"Provides retail, commercial and wealth-management banking services.",1929,"Minnesota,  United States",http://www.usbank.com/,https://en.wikipedia.org/wiki/u.s._bancorp,https://x.com/usbank,6021,National Commercial Banks,52,Finance And Insurance,522,Credit Intermediation And Related Activities,5221,Depository Credit Intermediation ,52211,Commercial Banking ,522110,Commercial Banking 
480,S&P 500,DJIA,,Americas,North America,United States,V,Visa Inc.,Professional & Commercial Services,FinTech,digital_payments,digital_payments;payment_networks,Operates global digital payment network infrastructure.,2007,"California,  United States",https://usa.visa.com/,https://en.wikipedia.org/wiki/visa_inc.,https://x.com/visa,7389,"Business Services, Nec",52,Finance And Insurance,522,Credit Intermediation And Related Activities,5223,Activities Related To Credit Intermediation ,52232,"Financial Transactions Processing, Reserve, And Clearinghouse Activities ",522320,"Financial Transactions Processing, Reserve, And Clearinghouse Activities "
481,S&P 500,,,Americas,North America,United States,VEEV,Veeva Systems,Healthcare Equipment & Supplies,Software & Digital Services,life_sciences_software,life_sciences_software;cloud_platforms,Develops cloud software for the life-sciences industry.,2007,"California, United States",https://www.veeva.com/,https://en.wikipedia.org/wiki/Veeva_Systems,https://x.com/veevasystems,7372,Services-Prepackaged Software,51,Information,513,Publishing Industries,5132,Software Publishers,51321,Software Publishers,513210,Software Publishers
482,S&P 500,,,Americas,North America,United States,VICI,Vici Properties Inc.,Residential & Commercial REIT,Real Estate Investment Trusts (REITs),hospitality_real_estate,hospitality_real_estate;gaming_real_estate,"Owns gaming, hospitality and entertainment real-estate assets.",2017,"New York,  United States",https://www.viciproperties.com,https://en.wikipedia.org/wiki/vici_properties,https://x.com/ViciProp,6798,Real Estate Investment Trusts,52,Finance And Insurance,525,"Funds, Trusts, And Other Financial Vehicles ",5259,Other Investment Pools And Funds,52599,Other Financial Vehicles ,525990,Other Financial Vehicles 
483,S&P 500,,,Americas,North America,United States,VLO,Valero Energy Corporation,Oil & Gas,Oil & Gas,refining,refining;renewable_fuels,Refines and markets petroleum and renewable fuels.,1981,"Texas,  United States",https://www.valero.com/,https://en.wikipedia.org/wiki/valero_energy,https://x.com/valeroenergy,2911,Petroleum Refining,31-33,Manufacturing,324,Petroleum And Coal Products Manufacturing,3241,Petroleum And Coal Products Manufacturing,32411,Petroleum Refineries,324110,Petroleum Refineries
484,S&P 500,,,Americas,North America,United States,VLTO,Veralto,Professional & Commercial Services,Industrial Distribution,water_technology,water_technology;industrial_instrumentation,Develops water quality and industrial product quality technologies.,2023,"Massachusetts, United States",https://www.veralto.com/,https://en.wikipedia.org/wiki/Veralto,https://x.com/veralto,3823,"Industrial Instruments For Measurement, Display, And Control",31-33,Manufacturing,334,Computer And Electronic Product Manufacturing,3345,"Navigational, Measuring, Electromedical, And Control Instruments Manufacturing",33451,"Navigational, Measuring, Electromedical, And Control Instruments Manufacturing",334513,"Instruments And Related Products Manufacturing For Measuring, Displaying, And Controlling Industrial Process Variables"
485,S&P 500,,,Americas,North America,United States,VMC,Vulcan Materials Company,Construction Materials,Construction Materials,construction_materials,construction_materials;aggregates,"Produces aggregates, asphalt and concrete products.",2007,"Alabama,  United States",http://www.vulcanmaterials.com/,https://en.wikipedia.org/wiki/vulcan_materials,,1400,Mining & Quarrying Of Nonmetallic Minerals (No Fuels),21,"Mining, Quarrying, And Oil And Gas Extraction",212,Mining (Except Oil And Gas),2123,Nonmetallic Mineral Mining And Quarrying,21232,"Sand, Gravel, Clay, And Ceramic And Refractory Minerals Mining And Quarrying",212321,Construction Sand And Gravel Mining 
486,S&P 500,,,Americas,North America,United States,VRSK,"Verisk Analytics, Inc.",Software & IT Services,Software & Digital Services,analytics,analytics;insurance_technology,Provides analytics and decision-support software for the insurance industry.,2008,"New Jersey,  United States",http://www.verisk.com/,https://en.wikipedia.org/wiki/verisk_analytics,https://x.com/verisk,7374,Computer Processing & Data Preparation,51,Information,518,"Data Processing, Hosting, And Related Services",5182,"Data Processing, Hosting, And Related Services",51821,"Data Processing, Hosting, And Related Services",518210,"Data Processing, Hosting, And Related Services"
487,S&P 500,,,Americas,North America,United States,VRSN,"Verisign, Inc.",Software & IT Services,Technology Platforms,internet_infrastructure,internet_infrastructure;domain_services,Operates internet domain registry and critical internet infrastructure.,1995,"Virginia,  United States",https://www.verisign.com/,https://en.wikipedia.org/wiki/verisign_inc.,https://x.com/verisign,7371,Computer Programming Services,54,"Professional, Scientific, And Technical Services",541,"Professional, Scientific, And Technical Services",5415,Computer Systems Design And Related Services,54151,Computer Systems Design And Related Services,541511,Custom Computer Programming Services 
488,S&P 500,,,Americas,North America,United States,VRT,Vertiv,"Machinery, Equipment & Components",Machinery,data_centre_infrastructure,data_centre_infrastructure;power_management;thermal_management,"Develops data-centre power, cooling and digital infrastructure systems.",2016,"Ohio, United States",https://www.vertiv.com/,https://en.wikipedia.org/wiki/Vertiv,https://x.com/vertiv,3585,Air-Conditioning And Warm Air Heating Equipment And Commercial And Industrial Refrigeration Equipment,31-33,Manufacturing,335,"Electrical Equipment, Appliance, And Component Manufacturing",3353,Electrical Equipment Manufacturing,33531,Electrical Equipment Manufacturing,335311,"Power, Distribution, And Specialty Transformer Manufacturing"
489,S&P 500,,Nasdaq 100,Americas,North America,United States,VRTX,Vertex Pharmaceuticals Incorporated,Pharmaceuticals,Biotechnology,biotechnology,biotechnology;drug_discovery,Develops biotechnology medicines for serious diseases.,1989,"Massachusetts,  United States",https://www.vrtx.com/,https://en.wikipedia.org/wiki/vertex_pharmaceuticals_inc,https://x.com/vertexpharma,2834,Pharmaceutical Preparations,31-33,Manufacturing,325,Chemical Manufacturing,3254,Pharmaceutical And Medicine Manufacturing,32541,Pharmaceutical And Medicine Manufacturing,325412,Pharmaceutical Preparation Manufacturing 
490,S&P 500,,,Americas,North America,United States,VST,"	Vistra Corp.",Electrical Utilities & IPPs,Utilities,utilities,utilities;electricity_generation,Generates and supplies electricity and energy services.,2016,"Texas,  United States","	vistracorp.com",https://en.wikipedia.org/wiki/Vistra_Corp.,,4911,Electric Services,22,Utilities,221,Utilities,2211,"Electric Power Generation, Transmission And Distribution",22111,Electric Power Generation,221118,Other Electric Power Generation 
491,S&P 500,,,Americas,North America,United States,VTR,"Ventas, Inc.",Residential & Commercial REIT,Real Estate Investment Trusts (REITs),healthcare_real_estate,healthcare_real_estate,Owns healthcare and senior housing real-estate assets.,1987,"Illinois,  United States",http://www.ventasreit.com/,https://en.wikipedia.org/wiki/ventas_inc,,6798,Real Estate Investment Trusts,52,Finance And Insurance,525,"Funds, Trusts, And Other Financial Vehicles ",5259,Other Investment Pools And Funds,52599,Other Financial Vehicles ,525990,Other Financial Vehicles 
492,S&P 500,,,Americas,North America,United States,VTRS,Viatris Inc.,Pharmaceuticals,Pharmaceuticals,pharmaceuticals,pharmaceuticals;generic_medicines,Develops and markets branded and generic pharmaceutical products.,2019,"Pennsylvania,  United States",http://www.viatris.com/,https://en.wikipedia.org/wiki/viatris,https://x.com/viatrisinc,2834,Pharmaceutical Preparations,31-33,Manufacturing,325,Chemical Manufacturing,3254,Pharmaceutical And Medicine Manufacturing,32541,Pharmaceutical And Medicine Manufacturing,325412,Pharmaceutical Preparation Manufacturing 
493,S&P 500,,,Americas,North America,United States,VZ,Verizon Communications Inc.,Telecommunications Services,Telecommunications,telecommunications,telecommunications;broadband,"Provides wireless, broadband and communications services.",1983,"New York,  United States",https://www.verizonwireless.com/,https://en.wikipedia.org/wiki/verizon_communications,https://x.com/verizon,4813,"Telephone Communications, Except Radiotelephone (Except Resellers)",51,Information,517,Telecommunications,5174,Satellite Telecommunications,51741,Satellite Telecommunications,517410,Satellite Telecommunications
494,S&P 500,,,Americas,North America,United States,WAB,Westinghouse Air Brake Technologies Corporation,"Machinery, Equipment & Components",Transportation,rail_equipment,rail_equipment;industrial_systems,"Manufactures rail equipment, digital rail technologies and services.",1989,"Pennsylvania,  United States",http://wabteccorp.com/,https://en.wikipedia.org/wiki/wabtec_corporation,https://x.com/WabtecCorp,3743,Railroad Equipment,31-33,Manufacturing,336,Transportation Equipment Manufacturing,3365,Railroad Rolling Stock Manufacturing,33651,Railroad Rolling Stock Manufacturing,336510,Railroad Rolling Stock Manufacturing
495,S&P 500,,,Americas,North America,United States,WAT,Waters Corporation,Healthcare Equipment & Supplies,Medical Devices,laboratory_instruments,laboratory_instruments;diagnostics,Develops analytical instruments and laboratory technologies.,1991,"Massachusetts,  United States",http://www.waters.com/,https://en.wikipedia.org/wiki/waters_corporation,https://x.com/waterscorp,3826,Laboratory Analytical Instruments,31-33,Manufacturing,334,Computer And Electronic Product Manufacturing,3345,"Navigational, Measuring, Electromedical, And Control Instruments Manufacturing",33451,"Navigational, Measuring, Electromedical, And Control Instruments Manufacturing",334516,Analytical Laboratory Instrument Manufacturing 
496,S&P 500,,Nasdaq 100,Americas,North America,United States,WBD,"Warner Bros. Discovery, Inc.",Media & Publishing,Media,media_entertainment,media_entertainment;streaming;film,"Produces and distributes media, streaming and entertainment content.",2008,"New York,  United States",https://ir.wbd.com,https://en.wikipedia.org/wiki/warner_bros.,https://x.com/wbd,4841,Cable & Other Pay Television Services,51,Information,515,Broadcasting (Except Internet),5151,Radio And Television Broadcasting,51512,Television Broadcasting,515120,Television Broadcasting
497,S&P 500,,Nasdaq 100,Americas,North America,United States,WDAY,"Workday, Inc.",Software & IT Services,Software & Digital Services,enterprise_software,enterprise_software;human_capital_management,Develops enterprise finance and workforce management software.,2012,"California,  United States","	workday.com","https://en.wikipedia.org/wiki/Workday,_Inc.",,7374,Computer Processing & Data Preparation,51,Information,518,"Data Processing, Hosting, And Related Services",5182,"Data Processing, Hosting, And Related Services",51821,"Data Processing, Hosting, And Related Services",518210,"Data Processing, Hosting, And Related Services"
498,S&P 500,,Nasdaq 100,Americas,North America,United States,WDC,Western Digital Corporation,"Computers, Phones & Household Electronics",Consumer Electronics,data_storage,data_storage;hard_disk_drives,Develops data-storage devices and infrastructure solutions.,2000,"California,  United States",https://www.westerndigital.com/,https://en.wikipedia.org/wiki/western_digital,https://x.com/westerndigital,3572,Computer Storage Devices,31-33,Manufacturing,334,Computer And Electronic Product Manufacturing,3341,Computer And Peripheral Equipment Manufacturing,33411,Computer And Peripheral Equipment Manufacturing,334112,Computer Storage Device Manufacturing 
499,S&P 500,,,Americas,North America,United States,WEC,"Wec Energy Group, Inc.",Electrical Utilities & IPPs,Utilities,utilities,utilities;electricity_generation;natural_gas,Generates and distributes electricity and natural gas.,1981,"Wisconsin,  United States",http://www.wecenergygroup.com/,https://en.wikipedia.org/wiki/wec_energy_group,https://x.com/wecenergygroup,4931,Electric & Other Services Combined,22,Utilities,221,Utilities,2211,"Electric Power Generation, Transmission And Distribution",22111,Electric Power Generation,221118,Other Electric Power Generation 
500,S&P 500,,,Americas,North America,United States,WELL,Welltower Inc.,Residential & Commercial REIT,Real Estate Investment Trusts (REITs),healthcare_real_estate,healthcare_real_estate;senior_housing,Owns senior housing and healthcare real-estate assets.,2022,"Ohio,  United States",http://www.welltower.com/,https://en.wikipedia.org/wiki/welltower_inc.,https://x.com/welltower,6798,Real Estate Investment Trusts,52,Finance And Insurance,525,"Funds, Trusts, And Other Financial Vehicles ",5259,Other Investment Pools And Funds,52599,Other Financial Vehicles ,525990,Other Financial Vehicles 
501,S&P 500,,,Americas,North America,United States,WFC,Wells Fargo & Company,Banking Services,Banking,banking,banking;investment_banking;wealth_management,"Provides retail, commercial and investment banking services.",1929,"California,  United States",http://www.wellsfargo.com/,https://en.wikipedia.org/wiki/wells_fargo,https://x.com/wellsfargo,6021,National Commercial Banks,52,Finance And Insurance,522,Credit Intermediation And Related Activities,5221,Depository Credit Intermediation ,52211,Commercial Banking ,522110,Commercial Banking 
502,S&P 500,,,Americas,North America,United States,WM,"Waste Management, Inc.",Professional & Commercial Services,Professional Services,waste_management,waste_management;recycling;environmental_services,"Provides waste management, recycling and environmental services.",1995,"Texas,  United States",http://www.wm.com/,https://en.wikipedia.org/wiki/waste_management_inc.,https://x.com/wastemanagement,4953,Refuse Systems,56,"Administrative Support, Waste Management & Remediation Services",562,Waste Management And Remediation Services,5622,Waste Treatment And Disposal ,56221,Waste Treatment And Disposal ,562211,Hazardous Waste Treatment And Disposal 
503,S&P 500,,,Americas,North America,United States,WMB,"The Williams Companies, Inc.",Oil & Gas Related Equipment and Services,Energy Equipment & Services,midstream_energy,midstream_energy;natural_gas_pipelines,Operates natural-gas pipeline and energy infrastructure assets.,1987,"Oklahoma,  United States",https://www.williams.com/,https://en.wikipedia.org/wiki/williams_companies,https://x.com/williamsupdates,4922,Natural Gas Transmission,48-49,Transportation And Warehousing,486,Pipeline Transportation,4862,Pipeline Transportation Of Natural Gas,48621,Pipeline Transportation Of Natural Gas,486210,Pipeline Transportation Of Natural Gas
504,S&P 500,DJIA,Nasdaq 100,Americas,North America,United States,WMT,Walmart Inc.,Food & Drug Retailing,Retail,general_retail,general_retail;ecommerce,Operates omnichannel retail and wholesale businesses.,1969,"Arkansas,  United States",https://www.walmart.com/,https://en.wikipedia.org/wiki/walmart,https://x.com/walmartinc,5331,Variety Stores,44-45,Retail Trade,452,General Merchandise Stores ,4522,Department Stores ,45221,Department Stores ,452210,Department Stores 
505,S&P 500,,,Americas,North America,United States,WRB,W. R. Berkley Corporation,Insurance,Insurance,insurance,insurance;reinsurance,Provides commercial insurance and reinsurance services.,1970,"Connecticut,  United States",http://www.berkley.com/,https://en.wikipedia.org/wiki/w._r._berkley_corporation,https://x.com/wrberkleycorp,6331,"Fire, Marine & Casualty Insurance",52,Finance And Insurance,524,Insurance Carriers And Related Activities,5241,Insurance Carriers,52412,"Direct Insurance (Except Life, Health, And Medical) Carriers ",524126,Direct Property And Casualty Insurance Carriers 
506,S&P 500,,,Americas,North America,United States,WSM,"Williams-Sonoma, Inc.",Specialty Retailers,Retail,home_furnishings,home_furnishings;ecommerce,Operates home furnishings and lifestyle retail brands.,2011,"California,  United States","	www.williams-sonoma.com","https://en.wikipedia.org/wiki/Williams-Sonoma,_Inc.",https://x.com/WilliamsSonoma,5700,"Retail-Home Furniture, Furnishings & Equipment Stores",44-45,Retail Trade,442,Furniture And Home Furnishings Stores ,4422,Home Furnishings Stores ,44229,Other Home Furnishings Stores ,442299,All Other Home Furnishings Stores 
507,S&P 500,,,Americas,North America,United States,WST,"West Pharmaceutical Services, Inc.",Healthcare Equipment & Supplies,Medical Devices,medical_devices,medical_devices;drug_delivery,"Develops drug-delivery, containment and medical packaging technologies.",1923,"Pennsylvania,  United States",http://www.westpharma.com/,https://en.wikipedia.org/wiki/west_pharmaceutical_services,https://x.com/westpharma,3060,"Fabricated Rubber Products, Nec",31-33,Manufacturing,339,Miscellaneous Manufacturing,3391,Medical Equipment And Supplies Manufacturing,33911,Medical Equipment And Supplies Manufacturing,339112,Surgical And Medical Instrument Manufacturing 
508,S&P 500,,,"Europe, The Middle East and Africa",Western Europe,United Kingdom,WTW,Willis Towers Watson Public Limited Company,Insurance,Insurance,insurance,insurance;insurance_brokerage;consulting,"Provides insurance brokerage, consulting and risk advisory services.",2009,"London,  United Kingdom",https://www.willistowerswatson.com,https://en.wikipedia.org/wiki/willis_towers_watson,https://x.com/wtwcorporate,6411,"Insurance Agents, Brokers & Service",52,Finance And Insurance,524,Insurance Carriers And Related Activities,5242,"Agencies, Brokerages, And Other Insurance Related Activities",52421,Insurance Agencies And Brokerages ,524210,Insurance Agencies And Brokerages 
509,S&P 500,,,Americas,North America,United States,WY,Weyerhaeuser Company,Residential & Commercial REIT,Real Estate Investment Trusts (REITs),timber,timber;forest_products,Owns timberlands and manufactures forest products.,1900,"Washington,  United States",http://www.weyerhaeuser.com/,https://en.wikipedia.org/wiki/weyerhaeuser,https://x.com/weyerhaeuser,6798,Real Estate Investment Trusts,52,Finance And Insurance,525,"Funds, Trusts, And Other Financial Vehicles ",5259,Other Investment Pools And Funds,52599,Other Financial Vehicles ,525990,Other Financial Vehicles 
510,S&P 500,,,Americas,North America,United States,WYNN,"Wynn Resorts, Limited",Hotels & Entertainment Services,"Leisure, Hospitality & Travel",casinos,casinos;hospitality,"Operates integrated resorts, hotels and gaming businesses.",2002,"Nevada,  United States",https://www.wynnresorts.com/,https://en.wikipedia.org/wiki/wynn_resorts_ltd,,7011,Hotels & Motels,72,Accommodation And Food Services,721,Accommodation,7211,Traveler Accommodation,72112,Casino Hotels,721120,Casino Hotels
511,S&P 500,,Nasdaq 100,Americas,North America,United States,XEL,Xcel Energy Inc.,Electrical Utilities & IPPs,Utilities,utilities,utilities;electricity_generation;natural_gas,Generates and distributes electricity and natural gas.,1909,"Minnesota,  United States",https://www.xcelenergy.com/,https://en.wikipedia.org/wiki/xcel_energy_inc,https://x.com/xcelenergy,4931,Electric & Other Services Combined,22,Utilities,221,Utilities,2211,"Electric Power Generation, Transmission And Distribution",22111,Electric Power Generation,221118,Other Electric Power Generation 
512,S&P 500,,,Americas,North America,United States,XOM,Exxon Mobil Corporation,Oil & Gas,Oil & Gas,oil_gas,oil_gas;petrochemicals,"Explores, produces, refines and markets oil, natural gas and petrochemicals.",1882,"Texas,  United States",https://corporate.exxonmobil.com/,https://en.wikipedia.org/wiki/exxon_mobil_corp.,https://x.com/exxonmobil,2911,Petroleum Refining,21,"Mining, Quarrying, And Oil And Gas Extraction",211,Oil And Gas Extraction,2111,Oil And Gas Extraction,21112,Crude Petroleum Extraction ,211120,Crude Petroleum Extraction 
513,S&P 500,,,Americas,North America,United States,XYL,Xylem Inc.,"Machinery, Equipment & Components",Water Utilities,water_technology,water_technology;water_infrastructure,Develops water infrastructure and treatment technologies.,2011,"District of Columbia,  United States",http://www.xylem.com/,https://en.wikipedia.org/wiki/xylem_inc.,https://x.com/xylem,3561,Pumps & Pumping Equipment,31-33,Manufacturing,332,Fabricated Metal Product Manufacturing,3329,Other Fabricated Metal Product Manufacturing,33291,Metal Valve Manufacturing,332913,Plumbing Fixture Fitting And Trim Manufacturing 
514,S&P 500,,,Americas,North America,United States,XYZ,"Block, Inc.",Professional & Commercial Services,FinTech,digital_payments,digital_payments;fintech;merchant_services,"Develops digital payments, merchant services and financial platforms.",2009,,https://block.xyz/,"https://en.wikipedia.org/wiki/Block,_Inc.",,7372,Services-Prepackaged Software,51,Information,513,Publishing Industries,5132,Software Publishers,51321,Software Publishers,513210,Software Publishers
515,S&P 500,,,Americas,North America,United States,YUM,"Yum! Brands, Inc.",Hotels & Entertainment Services,"Leisure, Hospitality & Travel",restaurants,restaurants;franchising,Operates global quick-service restaurant brands.,1997,"Kentucky,  United States",https://www.yum.com/,https://en.wikipedia.org/wiki/yum!_brands_inc,https://x.com/yumbrands,5812,Eating Places,72,Accommodation And Food Services,722,Food Services And Drinking Places,7225,Restaurants And Other Eating Places,72251,Restaurants And Other Eating Places,722511,Full-Service Restaurants 
516,S&P 500,,,Americas,North America,United States,ZBH,"Zimmer Biomet Holdings, Inc.",Healthcare Equipment & Supplies,Medical Devices,medical_devices,medical_devices;orthopaedics,Develops orthopaedic and surgical medical technologies.,2001,"Indiana,  United States",http://www.zimmerbiomet.com/,https://en.wikipedia.org/wiki/zimmer_biomet,https://x.com/zimmerbiomet,3842,"Orthopedic, Prosthetic & Surgical Appliances & Supplies",31-33,Manufacturing,339,Miscellaneous Manufacturing,3391,Medical Equipment And Supplies Manufacturing,33911,Medical Equipment And Supplies Manufacturing,339113,Surgical Appliance And Supplies Manufacturing 
517,S&P 500,,,Americas,North America,United States,ZBRA,Zebra Technologies Corporation,Electronic Equipment & Parts,Electronics,asset_tracking,asset_tracking;industrial_automation,"Develops enterprise asset tracking, barcode and workflow technologies.",1991,"Illinois,  United States",http://www.zebra.com/,https://en.wikipedia.org/wiki/zebra_technologies,https://x.com/zebratechnology,3560,General Industrial Machinery & Equipment,31-33,Manufacturing,334,Computer And Electronic Product Manufacturing,3341,Computer And Peripheral Equipment Manufacturing,33411,Computer And Peripheral Equipment Manufacturing,334111,Electronic Computer Manufacturing 
518,S&P 500,,,Americas,North America,United States,ZTS,Zoetis Inc.,Pharmaceuticals,Pharmaceuticals,animal_health,animal_health;vaccines,"Develops animal-health medicines, vaccines and diagnostics.",2012,"New Jersey,  United States",http://www.zoetis.com/,https://en.wikipedia.org/wiki/zoetis,https://x.com/zoetis,2834,Pharmaceutical Preparations,31-33,Manufacturing,325,Chemical Manufacturing,3254,Pharmaceutical And Medicine Manufacturing,32541,Pharmaceutical And Medicine Manufacturing,325412,Pharmaceutical Preparation Manufacturing 