Index,S&P 500,DJIA,Nasdaq 100,Regions,Sub-Regions,Country,Ticker,Company Name,Refinitiv Industry,FIT Industry,Business Overview,Year Incorporated,Headquarters,Website,Wiki,X
1,S&P 500,,,Americas,North America,United States,A,"Agilent Technologies, Inc.",Healthcare Equipment & Supplies,Health Care,"Provides laboratory instruments, diagnostic technologies, analytical software and related scientific services.",1999,"California,  United States",http://www.agilent.com/,https://en.wikipedia.org/wiki/agilent_technologies_inc,https://x.com/agilent
2,S&P 500,DJIA,Nasdaq 100,Americas,North America,United States,AAPL,Apple Inc.,"Computers, Phones & Household Electronics",Consumer Electronics,"Develops and sells consumer electronic devices and related technologies, with additional activities or exposure across digital content and payment services.",1977,"California,  United States",https://www.apple.com/,https://en.wikipedia.org/wiki/apple_inc.,https://x.com/apple
3,S&P 500,,,Americas,North America,United States,ABBV,Abbvie Inc.,Pharmaceuticals,Pharmaceuticals,"Develops, manufactures and markets pharmaceutical products, with additional activities or exposure across biotechnology.",2012,"Illinois,  United States",http://www.abbvie.com/,https://en.wikipedia.org/wiki/abbvie_inc.,https://x.com/abbvie
4,S&P 500,,Nasdaq 100,Americas,North America,United States,ABNB,"Airbnb, Inc.",Software & IT Services,Software & Digital Services,Operates a digital marketplace connecting hosts and guests for accommodation and travel experiences.,2008,"California,  United States","	https://www.airbnb.com",https://en.wikipedia.org/wiki/Airbnb,https://x.com/Airbnb
5,S&P 500,,,Americas,North America,United States,ABT,Abbott Laboratories,Healthcare Equipment & Supplies,Medical Devices,"Develops and supplies medical devices, diagnostic technologies, nutritional products and related healthcare solutions.",1900,"Illinois,  United States",http://www.abbott.com/,https://en.wikipedia.org/wiki/abbott_laboratories,https://x.com/abbottnews
6,S&P 500,,,Americas,North America,United States,ACGL,Arch Capital Group Ltd.,Insurance,Insurance,"Provides insurance, reinsurance and mortgage-insurance services.",2000,"Pembroke,  Bermuda",https://www.archgroup.com,https://en.wikipedia.org/wiki/arch_capital_group,
7,S&P 500,,,"Europe, The Middle East and Africa",Western Europe,Ireland,ACN,Accenture Public Limited Company,Software & IT Services,Professional Services,"Provides consulting, technology, operations and digital-transformation services, with additional activities or exposure across enterprise software and artificial intelligence.",2009,"Dublin,  Ireland",https://www.accenture.com/,https://en.wikipedia.org/wiki/accenture_plc,https://x.com/wbd
8,S&P 500,,Nasdaq 100,Americas,North America,United States,ADBE,Adobe Inc.,Software & IT Services,Software & Digital Services,"Develops creative, digital-media, document-management and customer-experience software and related cloud services.",1997,"California,  United States",https://www.adobe.com/,https://en.wikipedia.org/wiki/adobe_inc.,https://x.com/accenture
9,S&P 500,,Nasdaq 100,Americas,North America,United States,ADI,"Analog Devices, Inc.",Semiconductors & Semiconductor Equipment,Semiconductors,"Designs, manufactures and supplies semiconductor technologies, with additional activities or exposure across artificial intelligence.",1965,"Massachusetts,  United States",https://www.analog.com/,"https://en.wikipedia.org/wiki/analog_devices,_inc.",https://x.com/adobe
10,S&P 500,,,Americas,North America,United States,ADM,Archer-Daniels-Midland Company.,Food & Tobacco,Food & Beverage,"Procures, processes and supplies agricultural commodities, food ingredients and nutrition products.",1923,"Illinois,  United States",https://www.adm.com/,https://en.wikipedia.org/wiki/archer-daniels-midland_co,https://x.com/adi_news
11,S&P 500,,Nasdaq 100,Americas,North America,United States,ADP,"Automatic Data Processing, Inc.",Professional & Commercial Services,Professional Services,"Provides payroll, human-capital-management and related business-process services through cloud-based software platforms.",1961,"New Jersey,  United States",https://www.adp.co.uk/,https://en.wikipedia.org/wiki/automatic_data_processing,https://x.com/tradeadmis
12,S&P 500,,Nasdaq 100,Americas,North America,United States,ADSK,"Autodesk, Inc.",Software & IT Services,Software & Digital Services,"Develops design, engineering, architecture, construction and manufacturing software and related digital technologies, with additional activities or exposure across media and entertainment.",1994,"California,  United States",https://www.autodesk.co.uk/,https://en.wikipedia.org/wiki/autodesk_inc.,https://x.com/adp
13,S&P 500,,,Americas,North America,United States,AEE,Ameren Corporation,Multiline Utilities,Utilities,"Generates, transmits and distributes electricity and natural gas through regulated utility networks.",1995,"Missouri,  United States",http://www.ameren.com/,https://en.wikipedia.org/wiki/ameren_corp,https://x.com/autodesk
14,S&P 500,,Nasdaq 100,Americas,North America,United States,AEP,"American Electric Power Company, Inc.",Electrical Utilities & IPPs,Utilities,"Generates, transmits and distributes electricity through regulated utility operations.",1925,"Ohio,  United States",http://www.aep.com/,https://en.wikipedia.org/wiki/american_electric_power,https://x.com/amerencorp
15,S&P 500,,,Americas,North America,United States,AES,The Aes Corporation,Electrical Utilities & IPPs,Utilities,"Generates and supplies electricity, with additional activities or exposure across renewable-energy generation and energy infrastructure.",1981,"Virginia,  United States",http://aes.com/,https://en.wikipedia.org/wiki/aes_corp,https://x.com/aepnews
16,S&P 500,,,Americas,North America,United States,AFL,Aflac Incorporated,Insurance,Insurance,"Provides supplemental health, life and related insurance products.",1973,"Georgia,  United States",http://www.aflac.com/,https://en.wikipedia.org/wiki/aflac_inc,https://x.com/theaescorp
17,S&P 500,,,Americas,North America,United States,AIG,"American International Group, Inc.",Insurance,Insurance,Provides commercial and personal insurance solutions and related risk-management services.,1967,"New York,  United States",http://www.aig.com/,https://en.wikipedia.org/wiki/american_international_group,https://x.com/aflac
18,S&P 500,,,Americas,North America,United States,AIZ,"Assurant, Inc.",Insurance,Insurance,"Provides insurance and protection services, with additional activities or exposure across consumer electronics and automotive markets.",2003,"Georgia,  United States",http://www.assurant.com/,https://en.wikipedia.org/wiki/assurant,https://x.com/aiginsurance
19,S&P 500,,,Americas,North America,United States,AJG,Arthur J. Gallagher & Co.,Insurance,Insurance,"Provides insurance brokerage, risk-management and consulting services.",1972,"Illinois,  United States",http://www.ajg.com/,https://en.wikipedia.org/wiki/arthur_j._gallagher_%26_co.,https://x.com/assurant
20,S&P 500,,,Americas,North America,United States,AKAM,"Akamai Technologies, Inc.",Software & IT Services,Software & Digital Services,"Provides cloud-computing infrastructure, cybersecurity and application-delivery services.",1998,"Massachusetts,  United States",https://www.akamai.com/,https://en.wikipedia.org/wiki/akamai_technologies_inc,https://x.com/gallagherglobal
21,,,Nasdaq 100,Americas,North America,United States,ALAB,Astera Labs,Semiconductors & Semiconductor Equipment,Semiconductors,Designs and supplies semiconductor connectivity technologies for cloud and artificial-intelligence infrastructure.,2017,"California, United States",https://www.asteralabs.com/,https://en.wikipedia.org/wiki/Astera_Labs,https://x.com/asteralabs
22,S&P 500,,,Americas,North America,United States,ALB,Albemarle Corporation,Chemicals,Chemicals,"Develops, manufactures and supplies specialty chemicals, with additional activities or exposure across lithium and battery materials.",1990,"New York, United States",https://www.apollo.com/,https://en.wikipedia.org/wiki/Apollo_Global_Management,https://x.com/apolloglobal
23,S&P 500,,,Americas,North America,United States,ALGN,"Align Technology, Inc.",Healthcare Equipment & Supplies,Medical Devices,"Develops and supplies orthodontic medical devices, digital dentistry technologies and related software solutions.",1968,"Iowa, United States",https://www.caseys.com/,https://en.wikipedia.org/wiki/Casey%27s,https://x.com/caseysgenstore
24,S&P 500,,,Americas,North America,United States,ALL,The Allstate Corporation,Insurance,Insurance,"Provides personal and commercial insurance products, with additional activities or exposure across consumer protection services.",1992,"Maryland, United States",https://www.ciena.com/,https://en.wikipedia.org/wiki/Ciena,https://x.com/ciena
25,S&P 500,,,"Europe, The Middle East and Africa",Western Europe,Ireland,ALLE,Allegion Public Limited Company,Communications & Networking,Communications Equipment,"Develops and supplies physical security, access-control and building-security technologies.",1971,"Pennsylvania, United States",https://www.coherent.com/,https://en.wikipedia.org/wiki/Coherent_Corp.,https://x.com/coherentcorp
26,,,Nasdaq 100,Americas,North America,United States,ALNY,Alnylam Pharmaceuticals,Pharmaceuticals,Pharmaceuticals,Develops biotechnology-based therapies and RNA-interference medicines.,2017,"New Jersey, United States",https://www.coreweave.com/,https://en.wikipedia.org/wiki/CoreWeave,https://x.com/coreweave
27,S&P 500,,Nasdaq 100,Americas,North America,United States,AMAT,"Applied Materials, Inc.",Semiconductors & Semiconductor Equipment,Semiconductors,"Designs, manufactures and supplies semiconductor manufacturing equipment, software and related services.",1980,"Colorado, United States",https://www.echostar.com/,https://en.wikipedia.org/wiki/EchoStar,https://x.com/echostar
28,S&P 500,,,Americas,North America,United States,AMCR,Amcor Plc,Containers & Packaging,Packaging,Develops and supplies flexible and rigid packaging products and related materials.,2001,"Tennessee, United States",https://www.fedex.com/en-us/shipping/freight.html,https://en.wikipedia.org/wiki/FedEx_Freight,
29,S&P 500,,Nasdaq 100,Americas,North America,United States,AMD,"Advanced Micro Devices, Inc.",Semiconductors & Semiconductor Equipment,Semiconductors,"Designs, manufactures and supplies semiconductor technologies, with additional activities or exposure across artificial intelligence and high-performance computing.",1984,"Wisconsin, United States",https://www.fiserv.com/,https://en.wikipedia.org/wiki/Fiserv,https://x.com/fiserv
30,S&P 500,,,Americas,North America,United States,AME,"Ametek, Inc.","Machinery, Equipment & Components",Machinery,"Designs and supplies industrial instruments, automation technologies and precision engineering systems.",1969,"Texas, United States",https://flex.com/,https://en.wikipedia.org/wiki/Flex_Ltd.,https://x.com/flexintl
31,S&P 500,DJIA,Nasdaq 100,Americas,North America,United States,AMGN,Amgen Inc.,Pharmaceuticals,Biotechnology,"Develops biotechnology-based therapies, medicines and related research capabilities.",2026,"Arizona, United States",https://aerospace.honeywell.com/,https://en.wikipedia.org/wiki/Honeywell_Aerospace,https://x.com/honeywellaero
32,S&P 500,,,Americas,North America,United States,AMP,"Ameriprise Financial, Inc.",Investment Banking & Investment Services,Investment Services,"Provides wealth management, asset management and related financial services, with additional activities or exposure across insurance.",2015,"California, United States",https://www.lumentum.com/,https://en.wikipedia.org/wiki/Lumentum,https://x.com/lumentum
33,S&P 500,,,Americas,North America,United States,AMT,American Tower Corporation,Residential & Commercial REIT,Real Estate Investment Trusts (REITs),"Owns, develops and operates communications infrastructure and data-centre real-estate assets.",1871,"New York, United States",https://www.marshmclennan.com/,https://en.wikipedia.org/wiki/Marsh_McLennan,https://x.com/marshmclennan
34,S&P 500,DJIA,Nasdaq 100,Americas,North America,United States,AMZN,"Amazon.Com, Inc.",Diversified Retail,Retail,"Operates digital and physical retail businesses, with additional activities or exposure across cloud services, digital content and consumer electronics.",1989,"Amsterdam, Netherlands",https://nebius.com/,https://en.wikipedia.org/wiki/Nebius_Group,https://x.com/nebiusai
35,S&P 500,,,Americas,North America,United States,ANET,"Arista Networks, Inc.",Communications & Networking,Communications Equipment,"Develops and supplies networking infrastructure, switching platforms and related software technologies.",2006,"California, United States",https://www.rocketlabusa.com/,https://en.wikipedia.org/wiki/Rocket_Lab,https://x.com/rocketlab
36,S&P 500,,,"Europe, The Middle East and Africa",Western Europe,Ireland,AON,Aon Plc,Insurance,Insurance,"Provides insurance brokerage, reinsurance and human-capital consulting services.",1956,"Texas, United States",https://www.slb.com/,https://en.wikipedia.org/wiki/SLB,https://x.com/slbglobal
37,S&P 500,,,Americas,North America,United States,AOS,A. O. Smith Corporation,"Machinery, Equipment & Components",Machinery,"Designs, manufactures and supplies water-heating, water-treatment and related industrial systems.",2002,"Texas, United States",https://www.spacex.com/,https://en.wikipedia.org/wiki/SpaceX,https://x.com/spacex
38,S&P 500,,,Americas,North America,United States,APA,Apa Corporation,Oil & Gas,Oil & Gas,"Explores, produces and develops oil and natural-gas resources.",2007,"California, United States",https://www.veeva.com/,https://en.wikipedia.org/wiki/Veeva_Systems,https://x.com/veevasystems
39,S&P 500,,,Americas,North America,United States,APD,"Air Products And Chemicals, Inc.",Chemicals,Chemicals,"Produces and supplies industrial gases, related equipment and engineering services.",2023,"Massachusetts, United States",https://www.veralto.com/,https://en.wikipedia.org/wiki/Veralto,https://x.com/veralto
40,S&P 500,,,Americas,North America,United States,APH,Amphenol Corporation,Electronic Equipment & Parts,Communications Equipment,"Designs, manufactures and supplies electronic connectors, interconnect systems, sensors and related technologies.",2016,"Ohio, United States",https://www.vertiv.com/,https://en.wikipedia.org/wiki/Vertiv,https://x.com/vertiv
41,S&P 500,,,Americas,North America,United States,APO,Apollo Global Management,Collective Investments,Investment Services,Provides alternative asset-management and retirement-services solutions.,1990,"New York, United States",https://www.apollo.com/,https://en.wikipedia.org/wiki/Apollo_Global_Management,https://x.com/apolloglobal
42,S&P 500,,Nasdaq 100,Americas,North America,United States,APP,AppLovin Corporation,Software & IT Services,Software & Digital Services,"Develops advertising technology, artificial-intelligence and marketing software platforms.",2011,"California,  United States","	applovin.com",https://en.wikipedia.org/wiki/AppLovin,https://x.com/apa_corp
43,S&P 500,,,"Europe, The Middle East and Africa",Western Europe,Ireland,APTV,Aptiv Plc,Automobiles & Auto Parts,Automotive,"Develops automotive technologies, vehicle connectivity, advanced safety systems and related software platforms.",2011,"Dublin,  Ireland",https://www.aptiv.com/,https://en.wikipedia.org/wiki/aptiv_plc,https://x.com/wecenergygroup
44,S&P 500,,,Americas,North America,United States,ARE,"Alexandria Real Estate Equities, Inc.",Residential & Commercial REIT,Real Estate Investment Trusts (REITs),"Owns, develops and operates life-science and technology-focused real-estate assets.",1994,"California,  United States",http://www.are.com/,https://en.wikipedia.org/wiki/alexandria_real_estate_equities,https://x.com/airproducts
45,S&P 500,,,Americas,North America,United States,ARES,Ares Management,Investment Banking & Investment Services,Investment Services,Provides alternative asset-management and private-investment services.,1997,"California,  United States",http://www.aresmgmt.com/,https://en.wikipedia.org/wiki/Ares_Management,
46,,,Nasdaq 100,"Europe, The Middle East and Africa",Western Europe,United Kingdom,ARM,Arm Holdings,Semiconductors & Semiconductor Equipment,Semiconductors,Develops and licenses semiconductor processor architectures and related technologies.,2018,"Cambridgeshire,  United Kingdom","	arm.com",https://en.wikipedia.org/wiki/Arm_Holdings,https://x.com/welltower
47,,,Nasdaq 100,"Europe, The Middle East and Africa",Western Europe,Netherlands,ASML,Asml Holding Nv,Semiconductors & Semiconductor Equipment,Semiconductors,"Designs, manufactures and services semiconductor lithography systems and related technologies.",1994,"Veldhoven,  Netherlands",https://www.asml.com,https://en.wikipedia.org/wiki/ASML_Holding,https://x.com/wellsfargo
48,S&P 500,,,Americas,North America,United States,ATO,Atmos Energy Corporation,Natural Gas Utilities,Utilities,"Operates natural-gas distribution, transmission and storage infrastructure.",1981,"Texas,  United States",http://www.atmosenergy.com/,https://en.wikipedia.org/wiki/atmos_energy,https://x.com/amphenol
49,S&P 500,,,Americas,North America,United States,AVB,"Avalonbay Communities, Inc.",Residential & Commercial REIT,Real Estate Investment Trusts (REITs),"Owns, develops and manages residential real-estate assets.",1995,"Virginia,  United States",http://www.avalonbay.com/,https://en.wikipedia.org/wiki/avalonbay_communities,https://x.com/aptiv
50,S&P 500,,Nasdaq 100,Americas,North America,United States,AVGO,Broadcom Inc.,Semiconductors & Semiconductor Equipment,Semiconductors,"Designs, develops and supplies semiconductor technologies, enterprise software and cybersecurity solutions.",2018,"California,  United States",https://www.broadcom.com/,https://en.wikipedia.org/wiki/broadcom_inc.,
51,S&P 500,,,Americas,North America,United States,AVY,Avery Dennison Corporation,Containers & Packaging,Packaging,"Develops and supplies packaging materials, digital-identification technologies and industrial labelling solutions.",1977,"Ohio,  United States",http://www.averydennison.com/,https://en.wikipedia.org/wiki/avery_dennison_corp,https://x.com/Arm
52,S&P 500,,,Americas,North America,United States,AWK,"American Water Works Company, Inc.",Water Utilities,Water Utilities,"Provides water supply, wastewater treatment and related utility services.",1936,"New Jersey,  United States",http://www.amwater.com/,https://en.wikipedia.org/wiki/american_water_works,https://x.com/ASMLcompany
53,S&P 500,,Nasdaq 100,Americas,North America,United States,AXON,"Axon Enterprise, Inc.",Aerospace & Defense,Aerospace & Defense,"Develops public-safety technologies, connected devices and cloud-based digital evidence platforms.",2001,"Arizona,  United States",https://www.axon.com,https://en.wikipedia.org/wiki/Axon_Enterprise,https://x.com/atmosenergy
54,S&P 500,DJIA,,Americas,North America,United States,AXP,American Express Company,Banking Services,Banking,"Provides payment, card-network, banking and related financial services, with additional activities or exposure across travel services.",1965,"New York,  United States",https://www.americanexpress.com/,https://en.wikipedia.org/wiki/american_express_co,https://x.com/atvi_ab
55,S&P 500,,,Americas,North America,United States,AZO,"Autozone, Inc.",Specialty Retailers,Retail,"Operates automotive parts retail and distribution businesses, with additional activities or exposure across vehicle diagnostics and repair solutions.",1991,"Tennessee,  United States",https://www.autozone.com/,https://en.wikipedia.org/wiki/autozone_inc,https://x.com/avalonbay
56,S&P 500,DJIA,,Americas,North America,United States,BA,The Boeing Company,Aerospace & Defense,Aerospace & Defense,"Designs, manufactures and supports commercial aircraft, defence systems and aerospace technologies.",1934,"Virginia,  United States",https://www.boeing.com/,https://en.wikipedia.org/wiki/boeing_company,https://x.com/broadcom
57,S&P 500,,,Americas,North America,United States,BAC,Bank Of America Corporation,Banking Services,Banking,"Provides retail, commercial and investment banking services, with additional activities or exposure across wealth management.",1998,"North Carolina,  United States",http://www.bankofamerica.com/,https://en.wikipedia.org/wiki/bank_of_america_corp,https://x.com/averydennison
58,S&P 500,,,Americas,North America,United States,BALL,Ball Corporation,Containers & Packaging,Packaging,Develops and supplies sustainable aluminium packaging products for beverage and consumer markets.,1922,"Colorado,  United States",https://www.ball.com,https://en.wikipedia.org/wiki/ball_corporation,https://x.com/amwater
59,S&P 500,,,Americas,North America,United States,BAX,Baxter International Inc.,Healthcare Equipment & Supplies,Medical Devices,"Develops and supplies medical devices, hospital technologies and specialty pharmaceutical products.",1931,"Illinois,  United States",http://www.baxter.com/,https://en.wikipedia.org/wiki/baxter_international_inc.,https://x.com/axon_us
60,S&P 500,,,Americas,North America,United States,BBY,"Best Buy Co., Inc.",Specialty Retailers,Retail,"Operates consumer electronics retail businesses, with additional activities or exposure across technology services.",1966,"Minnesota,  United States",https://www.bestbuy.com/,https://en.wikipedia.org/wiki/best_buy_co._inc.,https://x.com/americanexpress
61,S&P 500,,,Americas,North America,United States,BDX,"Becton, Dickinson And Company",Healthcare Equipment & Supplies,Medical Devices,"Develops, manufactures and supplies medical devices, laboratory equipment and diagnostic technologies.",1906,"New Jersey,  United States",http://www.bd.com/,https://en.wikipedia.org/wiki/becton_dickinson,https://x.com/AstraZeneca
62,S&P 500,,,Americas,North America,United States,BEN,"Franklin Resources, Inc.",Investment Banking & Investment Services,Investment Services,"Provides asset-management, investment and related advisory services.",1969,"California,  United States",http://www.franklinresources.com/,https://en.wikipedia.org/wiki/franklin_resources,https://x.com/autozone
63,S&P 500,,,Americas,North America,United States,BF.B,Brown-Forman Corporation,Beverages,Food & Beverage,"Produces, markets and distributes branded wines, spirits and related alcoholic beverages.",1933,"Kentucky,  United States",http://brown-forman.com,https://en.wikipedia.org/wiki/Brown–Forman,https://x.com/boeing
64,S&P 500,,,Americas,North America,United States,BG,Bunge Limited,Food & Tobacco,Food & Beverage,"Processes agricultural commodities and supplies food ingredients, edible oils and nutrition products.",1995,"Missouri,  United States",http://www.bunge.com,https://en.wikipedia.org/wiki/Bunge_Limited,https://x.com/bankofamerica
65,S&P 500,,,Americas,North America,United States,BIIB,Biogen Inc.,Pharmaceuticals,Biotechnology,"Develops biotechnology-based therapies and medicines focused on neurological, immunological and rare diseases.",1997,"Massachusetts,  United States",https://www.biogen.com/,https://en.wikipedia.org/wiki/biogen_inc.,https://x.com/ballcorphq
66,S&P 500,,,Americas,North America,United States,BK,The Bank Of New York Mellon Corporation,Investment Banking & Investment Services,Investment Services,"Provides custody, asset servicing, investment management and wealth-management services.",2007,"New York,  United States",http://bnymellon.com/,https://en.wikipedia.org/wiki/the_bank_of_new_york_mellon,https://x.com/baxter_intl
67,S&P 500,,Nasdaq 100,Americas,North America,United States,BKNG,Booking Holdings Inc.,Hotels & Entertainment Services,"Leisure, Hospitality & Travel","Operates digital travel marketplaces, reservation platforms and related hospitality services.",1998,"Connecticut,  United States",https://www.bookingholdings.com/,https://en.wikipedia.org/wiki/booking_holdings_inc,https://x.com/bestbuy
68,S&P 500,,Nasdaq 100,Americas,North America,United States,BKR,Baker Hughes Company,Oil & Gas Related Equipment and Services,Energy Equipment & Services,"Develops energy technologies, industrial equipment and engineering services for energy markets.",2016,"Texas,  United States",http://www.bakerhughes.com/,https://en.wikipedia.org/wiki/baker_hughes,https://x.com/bdandco
69,S&P 500,,,Americas,North America,United States,BLDR,Builders FirstSource,Homebuilding & Construction Supplies,Residential Construction,"Manufactures, supplies and installs building materials and construction products for residential markets.",1998,"Texas,  United States","	bldr.com",https://en.wikipedia.org/wiki/Builders_FirstSource,
70,S&P 500,,,Americas,North America,United States,BLK,"Blackrock, Inc.",Investment Banking & Investment Services,Investment Services,"Provides asset-management, investment and related technology services.",2006,"New York,  United States",http://www.blackrock.com/,https://en.wikipedia.org/wiki/blackrock,
71,S&P 500,,,Americas,North America,United States,BMY,Bristol-Myers Squibb Company,Pharmaceuticals,Pharmaceuticals,"Develops, manufactures and markets pharmaceutical products, with additional activities or exposure across biotechnology.",1933,"New Jersey,  United States",http://www.bms.com/,https://en.wikipedia.org/wiki/bristol-myers_squibb,
72,S&P 500,,,Americas,North America,United States,BR,"Broadridge Financial Solutions, Inc.",Professional & Commercial Services,Professional Services,"Develops financial technology, investor communications and capital-markets infrastructure solutions.",2006,"New York,  United States",https://www.broadridge.com/,https://en.wikipedia.org/wiki/broadridge_financial_solutions,https://x.com/biogen
73,S&P 500,,,Americas,North America,United States,BRK.B,"Berkshire Hathaway Inc.,",Consumer Goods Conglomerates,Holding Companies,"Owns and manages diversified businesses, with additional activities or exposure across insurance, utilities, manufacturing and transportation.",1998,"Nebraska,  United States",https://berkshirehathaway.com,https://en.wikipedia.org/wiki/Berkshire_Hathaway,https://x.com/bnymellon
74,S&P 500,,,Americas,North America,United States,BRO,"Brown & Brown, Inc.",Insurance,Insurance,"Provides insurance brokerage, risk-management and related advisory services.",1959,"Florida,  United States",https://www.bbinsurance.com,https://en.wikipedia.org/wiki/brown_%26_brown,https://x.com/bookingholdings
75,S&P 500,,,Americas,North America,United States,BSX,Boston Scientific Corporation,Healthcare Equipment & Supplies,Medical Devices,"Develops, manufactures and supplies medical devices used across cardiovascular, endoscopy, urology and neuromodulation markets.",1979,"Massachusetts,  United States",http://www.bostonscientific.com/,https://en.wikipedia.org/wiki/boston_scientific,https://x.com/bakerhughesco
76,S&P 500,,,Americas,North America,United States,BWA,Borgwarner Inc.,Automobiles & Auto Parts,Automotive,"Develops and supplies automotive propulsion, drivetrain and electrification technologies.",1987,"Michigan,  United States",https://www.borgwarner.com/,https://en.wikipedia.org/wiki/borgwarner,https://x.com/BldrFirstSource
77,S&P 500,,,Americas,North America,United States,BXP,"Boston Properties, Inc.",Residential & Commercial REIT,Real Estate Investment Trusts (REITs),"Owns, develops and manages commercial office and mixed-use real-estate assets.",1997,"Massachusetts,  United States",http://www.bostonproperties.com/,https://en.wikipedia.org/wiki/boston_properties,https://x.com/blackrock
78,S&P 500,,,Americas,North America,United States,C,Citigroup Inc.,Investment Banking & Investment Services,Banking,"Provides retail, commercial and investment banking services, with additional activities or exposure across wealth management.",1988,"New York,  United States",http://www.citigroup.com/,https://en.wikipedia.org/wiki/citigroup_inc.,https://x.com/bmsnews
79,S&P 500,,,Americas,North America,United States,CAH,"Cardinal Health, Inc.",Pharmaceuticals,Pharmaceuticals,"Distributes pharmaceutical products, medical supplies and related healthcare services.",1979,"Ohio,  United States",http://www.cardinalhealth.com/,https://en.wikipedia.org/wiki/cardinal_health_inc.,
80,S&P 500,,,Americas,North America,United States,CARR,Carrier Global Corporation,"Machinery, Equipment & Components",Machinery,"Develops heating, ventilation, air-conditioning, refrigeration and energy-management technologies.",2019,"Florida,  United States",http://www.corporate.carrier.com/,https://en.wikipedia.org/wiki/carrier_global,
81,S&P 500,,,Americas,North America,United States,CASY,Casey's,Food & Drug Retailing,Food Retail,"Operates convenience stores, food retail and fuel distribution businesses.",1968,"Iowa, United States",https://www.caseys.com/,https://en.wikipedia.org/wiki/Casey%27s,https://x.com/caseysgenstore
82,S&P 500,DJIA,,Americas,North America,United States,CAT,Caterpillar Inc.,"Machinery, Equipment & Components",Machinery,"Designs, manufactures and services construction, mining and industrial equipment, with additional activities or exposure across power systems, rail and financial services.",1986,"Texas,  United States",https://www.caterpillar.com/,https://en.wikipedia.org/wiki/caterpillar_inc.,https://x.com/bostonsci
83,S&P 500,,,"Europe, The Middle East and Africa",Western Europe,Switzerland,CB,Chubb Ltd,Insurance,Insurance,"Provides insurance, reinsurance and related risk-management services.",2008,"Zurich,  Switzerland",http://www.chubb.com/,https://en.wikipedia.org/wiki/chubb_limited,https://x.com/williamsupdates
84,S&P 500,,,Americas,North America,United States,CBOE,"Cboe Global Markets, Inc.",Investment Banking & Investment Services,Capital Markets & Advisory,"Operates securities and derivatives exchanges, clearing and capital-markets infrastructure.",2006,"Illinois,  United States",http://www.cboe.com/,https://en.wikipedia.org/wiki/cboe_global_markets,https://x.com/borgwarner
85,S&P 500,,,Americas,North America,United States,CBRE,"Cbre Group, Inc.",Real Estate Operations,Real Estate,"Provides commercial real-estate, property-management and investment services.",2001,"Texas,  United States",http://www.cbre.com/,https://en.wikipedia.org/wiki/cbre_group,https://x.com/bxpboston
86,,,Nasdaq 100,"Europe, The Middle East and Africa",Western Europe,United Kingdom,CCEP,Coca-Cola Europacific Partners,Beverages,Food & Beverage,"Produces, markets and distributes non-alcoholic beverages and related consumer products.",2015,"Uxbridge, United Kingdom","	www.cocacolaep.com",https://en.wikipedia.org/wiki/Coca-Cola_Europacific_Partners,https://x.com/walmartinc
87,S&P 500,,,Americas,North America,United States,CCI,Crown Castle Inc.,Residential & Commercial REIT,Real Estate Investment Trusts (REITs),"Owns, develops and operates communications infrastructure and related real-estate assets.",2014,"Texas,  United States",http://www.crowncastle.com/,https://en.wikipedia.org/wiki/crown_castle_international_corp.,https://x.com/citi
88,S&P 500,,,Americas,North America,United States,CCL,Carnival Corp,Hotels & Entertainment Services,"Leisure, Hospitality & Travel",Operates cruise lines and related leisure travel services.,1974,"Florida,  United States",https://www.carnivalcorp.com/,https://en.wikipedia.org/wiki/carnival_corp.,https://x.com/conagrabrands
89,S&P 500,,Nasdaq 100,Americas,North America,United States,CDNS,"Cadence Design Systems, Inc.",Software & IT Services,Software & Digital Services,Develops electronic-design automation software and semiconductor design technologies.,1987,"California,  United States",https://www.cadence.com/,https://en.wikipedia.org/wiki/cadence_design_systems,https://x.com/cardinalhealth
90,S&P 500,,,Americas,North America,United States,CDW,Cdw Corporation,Integrated Hardware & Software,Technology Platforms,"Provides information-technology products, cloud solutions and managed technology services.",2007,"Illinois,  United States",https://www.cdw.com/,https://en.wikipedia.org/wiki/cdw,https://x.com/carrier
91,S&P 500,,Nasdaq 100,Americas,North America,United States,CEG,Constellation Energy Corporation.,Electrical Utilities & IPPs,Utilities,"Generates and supplies electricity, with additional activities or exposure across nuclear, renewable and natural-gas generation.",2021,"Maryland,  United States",https://constellationenergy.com,https://en.wikipedia.org/wiki/constellation_energy,https://x.com/caterpillarinc
92,S&P 500,,,Americas,North America,United States,CF,"Cf Industries Holdings, Inc.",Chemicals,Chemicals,"Produces nitrogen, hydrogen and related chemical products for agricultural and industrial markets.",2005,"Illinois,  United States",http://www.cfindustries.com,https://en.wikipedia.org/wiki/cf_industries_holdings_inc,https://x.com/chubb
93,S&P 500,,,Americas,North America,United States,CFG,"Citizens Financial Group, Inc.",Banking Services,Banking,"Provides retail, commercial and consumer banking services, with additional activities or exposure across wealth management.",1984,"Rhode Island,  United States",http://www.citizensbank.com/,https://en.wikipedia.org/wiki/citizens_financial_group,https://x.com/cboe
94,S&P 500,,,Americas,North America,United States,CHD,"Church & Dwight Co., Inc.",Personal & Household Products & Services,Household Products,"Develops, manufactures and markets household, personal-care and specialty consumer products.",1925,"New Jersey,  United States",https://churchdwight.com/,https://en.wikipedia.org/wiki/church_%26_dwight,https://x.com/cbreamericas
95,S&P 500,,,Americas,North America,United States,CHRW,"C.H. Robinson Worldwide, Inc.",Freight & Logistics Services,Logistics,"Provides freight transportation, logistics and supply-chain management services.",1997,"Minnesota,  United States",http://www.chrobinson.com/,https://en.wikipedia.org/wiki/c._h._robinson_worldwide,https://x.com/cocacolaep
96,S&P 500,,,Americas,North America,United States,CHTR,"Charter Communications, Inc.",Telecommunications Services,Telecommunications,"Provides broadband, mobile, video and telecommunications services.",2003,"Missouri,  United States",https://www.spectrum.com/,https://en.wikipedia.org/wiki/charter_communications,https://x.com/crowncastle
97,S&P 500,,,Americas,North America,United States,CI,The Cigna Group,Healthcare Providers & Services,Healthcare Providers & Services,"Provides health insurance, pharmacy-benefit management and related healthcare services.",2018,"Connecticut,  United States",http://www.cigna.com/,https://en.wikipedia.org/wiki/cigna_corp.,https://x.com/carnivalplc
98,S&P 500,,,Americas,North America,United States,CIEN,Ciena,Communications & Networking,Communications Equipment,"Develops networking equipment, software and related communications technologies.",1992,"Maryland, United States",https://www.ciena.com/,https://en.wikipedia.org/wiki/Ciena,https://x.com/ciena
99,S&P 500,,,Americas,North America,United States,CINF,Cincinnati Financial Corporation,Insurance,Insurance,"Provides commercial, personal and life insurance products and related investment services.",1992,"Ohio,  United States",http://www.cinfin.com/,https://en.wikipedia.org/wiki/cincinnati_financial,https://x.com/cadence
100,S&P 500,,,Americas,North America,United States,CL,Colgate-Palmolive Company,Personal & Household Products & Services,Household Products,"Develops, manufactures and markets oral care, personal care, household and pet nutrition products.",1923,"New York,  United States",https://www.colgatepalmolive.com/,https://en.wikipedia.org/wiki/colgate-palmolive,https://x.com/cdwcorp
101,S&P 500,,,Americas,North America,United States,CLX,The Clorox Company,Personal & Household Products & Services,Household Products,"Develops, manufactures and markets household cleaning, disinfecting and consumer products.",1986,"California,  United States",https://www.thecloroxcompany.com/,https://en.wikipedia.org/wiki/the_clorox_company,https://x.com/cegcleanenergy
102,S&P 500,,Nasdaq 100,Americas,North America,United States,CMCSA,Comcast Corporation,Telecommunications Services,Telecommunications,"Provides broadband, telecommunications, media, entertainment and streaming services.",2001,"Pennsylvania,  United States",https://corporate.comcast.com/,https://en.wikipedia.org/wiki/comcast_corp.,https://x.com/cfindustries
103,S&P 500,,,Americas,North America,United States,CME,Cme Group Inc.,Investment Banking & Investment Services,Capital Markets & Advisory,"Operates derivatives exchanges, clearing services and capital-markets infrastructure.",2001,"Illinois,  United States",http://www.cmegroup.com/,https://en.wikipedia.org/wiki/cme_group_inc.,https://x.com/citizensbank
104,S&P 500,,,Americas,North America,United States,CMG,"Chipotle Mexican Grill, Inc.",Hotels & Entertainment Services,"Leisure, Hospitality & Travel",Operates quick-service restaurant chains specialising in freshly prepared food.,1998,"California,  United States",https://www.chipotle.com/,https://en.wikipedia.org/wiki/chipotle_mexican_grill,
105,S&P 500,,,Americas,North America,United States,CMI,Cummins Inc.,Automobiles & Auto Parts,Machinery,"Develops engines, power systems and industrial technologies for commercial and industrial markets.",1919,"Indiana,  United States",http://www.cumminseurope.com/,https://en.wikipedia.org/wiki/cummins_inc.,https://x.com/chrobinson
106,S&P 500,,,Americas,North America,United States,CMS,Cms Energy Corporation,Multiline Utilities,Utilities,"Generates, distributes and supplies electricity and natural gas services.",1987,"Michigan,  United States",http://www.cmsenergy.com/,https://en.wikipedia.org/wiki/cms_energy,https://x.com/charternewsroom
107,S&P 500,,,Americas,North America,United States,CNC,Centene Corporation,Healthcare Providers & Services,Healthcare Providers & Services,"Provides managed healthcare, insurance and related healthcare services.",2001,"Missouri,  United States",http://www.centene.com/,https://en.wikipedia.org/wiki/centene_corporation,https://x.com/cigna
108,S&P 500,,,Americas,North America,United States,CNP,"Centerpoint Energy, Inc.",Multiline Utilities,Utilities,"Provides electricity transmission, distribution and natural-gas utility services.",2001,"Texas,  United States",http://www.centerpointenergy.com/,https://en.wikipedia.org/wiki/centerpoint_energy,
109,S&P 500,,,Americas,North America,United States,COF,Capital One Financial Corporation,Banking Services,Banking,"Provides consumer, commercial and digital banking services.",1994,"Virginia,  United States",http://www.capitalone.com/,https://en.wikipedia.org/wiki/capital_one_financial,https://x.com/cp_news
110,S&P 500,,,Americas,North America,United States,COHR,Coherent Corp.,Electronic Equipment & Parts,Electronics,"Develops lasers, optical communications technologies and electronic components.",1971,"Pennsylvania, United States",https://www.coherent.com/,https://en.wikipedia.org/wiki/Coherent_Corp.,https://x.com/coherentcorp
111,S&P 500,,,Americas,North America,United States,COIN,Coinbase,Financial Technology (Fintech) & Infrastructure,FinTech,"Operates digital asset trading platforms, custody services and blockchain infrastructure.",2014,"New York,  United States",https://www.coinbase.com/,https://en.wikipedia.org/wiki/Coinbase,https://x.com/cloroxco
112,S&P 500,,,Americas,North America,United States,COO,"The Cooper Companies, Inc.",Healthcare Equipment & Supplies,Medical Devices,"Develops contact lenses, fertility technologies and women's healthcare products.",1980,"California,  United States",http://www.coopercos.com/,https://en.wikipedia.org/wiki/the_cooper_companies,https://x.com/comcast
113,S&P 500,,,Americas,North America,United States,COP,Conocophillips,Oil & Gas,Oil & Gas,"Explores, produces and markets crude oil, natural gas and related energy products.",2001,"Texas,  United States",http://www.conocophillips.com/,https://en.wikipedia.org/wiki/conocophillips,https://x.com/cmegroup
114,S&P 500,,,Americas,North America,United States,COR,Cencora,Healthcare Equipment & Supplies,Pharmaceuticals,Distributes pharmaceutical products and provides related healthcare supply-chain services.,2001,"Pennsylvania,  United States","	cencora.com",https://en.wikipedia.org/wiki/Cencora,https://x.com/chipotletweets
115,S&P 500,,Nasdaq 100,Americas,North America,United States,COST,Costco Wholesale Corporation,Diversified Retail,Retail,Operates membership warehouse retail and e-commerce businesses.,1987,"Washington,  United States",https://www.costco.com/,https://en.wikipedia.org/wiki/costco_wholesale_corp.,https://x.com/cummins
116,S&P 500,,,Americas,North America,United States,CPAY,Corpay,Professional & Commercial Services,FinTech,"Provides corporate payment, expense-management and commercial payment solutions.",1998,"Georgia,  United States","	corpay.com",https://en.wikipedia.org/wiki/Corpay,https://x.com/consumersenergy
117,S&P 500,,,Americas,North America,United States,CPB,Campbell Soup Company,Food & Tobacco,Technology Platforms,Operates online vehicle remarketing and auction marketplaces.,1922,"New Jersey,  United States",https://www.campbells.com/,https://en.wikipedia.org/wiki/campbell_soup,https://x.com/centene
118,S&P 500,,Nasdaq 100,Americas,North America,United States,CPRT,"Copart, Inc.",Software & IT Services,Real Estate Investment Trusts (REITs),"Owns, develops and manages multifamily residential real-estate assets.",2012,"Texas,  United States",https://www.copart.com/,https://en.wikipedia.org/wiki/copart_inc,https://x.com/centerpoint
119,S&P 500,,,Americas,North America,United States,CPT,Camden Property Trust,Residential & Commercial REIT,Construction Materials,"Manufactures and supplies aggregates, cement, concrete and building materials.",1981,"Texas,  United States",https://www.camdenliving.com,https://en.wikipedia.org/wiki/camden_property_trust,https://x.com/capitalone
120,S&P 500,,,Americas,North America,United States,CRL,"Charles River Laboratories International, Inc.",Biotechnology & Medical Research,Biotechnology,"Provides research, laboratory and drug-development services for pharmaceutical and biotechnology companies.",1994,"Massachusetts,  United States",https://www.criver.com,https://en.wikipedia.org/wiki/charles_river_laboratories,
121,S&P 500,DJIA,,Americas,North America,United States,CRM,"Salesforce, Inc.",Software & IT Services,Software & Digital Services,"Develops enterprise software, customer relationship management and AI-powered business platforms.",1999,"California,  United States",https://www.salesforce.com/,https://en.wikipedia.org/wiki/salesforce.com,https://x.com/CooperCompany
122,S&P 500,,Nasdaq 100,Americas,North America,United States,CRWD,"Crowdstrike Holdings, Inc.",Software & IT Services,Cybersecurity,Develops cloud-native cybersecurity and threat-intelligence platforms.,2011,"Texas,  United States",https://www.crowdstrike.com,https://en.wikipedia.org/wiki/CrowdStrike,https://x.com/conocophillips
123,,,Nasdaq 100,Americas,North America,United States,CRWV,CoreWeave,Software & IT Services,Technology Platforms,Provides cloud infrastructure and GPU computing platforms for artificial intelligence workloads.,2017,"New Jersey, United States",https://www.coreweave.com/,https://en.wikipedia.org/wiki/CoreWeave,https://x.com/coreweave
124,S&P 500,DJIA,Nasdaq 100,Americas,North America,United States,CSCO,"Cisco Systems, Inc.",Communications & Networking,Communications Equipment,"Develops networking, communications and cybersecurity technologies.",2021,"California,  United States",https://www.cisco.com/,https://en.wikipedia.org/wiki/cisco_systems,https://x.com/healthcare_abc
125,S&P 500,,,Americas,North America,United States,CSGP,"Costar Group, Inc.",Software & IT Services,Technology Platforms,"Operates digital real-estate marketplaces, analytics and property intelligence platforms.",1998,"District of Columbia,  United States",https://www.costargroup.com,https://en.wikipedia.org/wiki/costar_group,https://x.com/costco
126,S&P 500,,Nasdaq 100,Americas,North America,United States,CSX,Csx Corporation,Freight & Logistics Services,Logistics,"Provides rail freight transportation, intermodal logistics and supply-chain services.",1978,"Florida,  United States",https://www.csx.com/,https://en.wikipedia.org/wiki/csx_corp.,
127,S&P 500,,Nasdaq 100,Americas,North America,United States,CTAS,Cintas Corporation,Professional & Commercial Services,Professional Services,"Provides workplace services, uniforms, facility management and safety solutions.",1986,"Ohio,  United States",http://www.cintas.com,https://en.wikipedia.org/wiki/cintas_corporation,https://x.com/campbellsoupco
128,S&P 500,,,Americas,North America,United States,CTSH,Cognizant Technology Solutions Corporation,Software & IT Services,Software & Digital Services,"Provides digital transformation, consulting and technology services.",1988,"New Jersey,  United States",https://www.cognizant.com/,https://en.wikipedia.org/wiki/cognizant_technology_solutions,https://x.com/criverlabs
129,S&P 500,,,Americas,North America,United States,CTVA,"Corteva, Inc.",Chemicals,Chemicals,"Develops seeds, crop-protection products and agricultural technologies.",2018,"Indiana,  United States",http://corteva.com/,https://en.wikipedia.org/wiki/corteva,https://x.com/salesforce
130,S&P 500,,,Americas,North America,United States,CVNA,Carvana,Specialty Retailers,Retail,Operates online automotive retail and vehicle financing platforms.,2012,"Arizona,  United States",http://carvana.com/,https://en.wikipedia.org/wiki/Carvana,
130,S&P 500,,,Americas,North America,United States,CVS,Cvs Health Corporation,Healthcare Providers & Services,Healthcare Providers & Services,"Provides pharmacy, healthcare, insurance and related health services.",1996,"Rhode Island,  United States",http://www.cvshealth.com/,https://en.wikipedia.org/wiki/cvs_health,https://x.com/CrowdStrike
131,S&P 500,DJIA,,Americas,North America,United States,CVX,Chevron Corporation,Oil & Gas,Oil & Gas,"Explores, produces, refines and markets oil, natural gas and related energy products.",1926,"California,  United States",https://www.chevron.com/,https://en.wikipedia.org/wiki/chevron_corp.,https://x.com/cisco
133,S&P 500,,,Americas,North America,United States,D,"Dominion Energy, Inc.",Electrical Utilities & IPPs,Utilities,"Generates, distributes and supplies electricity and natural gas, with additional activities across renewable energy.",1983,"Virginia,  United States",http://www.dominionenergy.com/,https://en.wikipedia.org/wiki/dominion_energy,https://x.com/csx
134,S&P 500,,,Americas,North America,United States,DAL,"Delta Air Lines, Inc.",Passenger Transportation Services,Transportation,Provides passenger and cargo airline transportation services.,1967,"Georgia,  United States",http://www.delta.com/,https://en.wikipedia.org/wiki/delta_air_lines_inc.,https://x.com/cintascorp
135,S&P 500,,Nasdaq 100,Americas,North America,United States,DASH,"DoorDash, Inc.",Software & IT Services,Technology Platforms,Operates digital commerce and delivery marketplaces connecting consumers and merchants.,2013,"California,  United States","	doordash.com",https://en.wikipedia.org/wiki/DoorDash,https://x.com/CatalentPharma
137,S&P 500,,,Americas,North America,United States,DD,"Dupont De Nemours, Inc.",Chemicals,Chemicals,"Develops specialty materials, industrial technologies and advanced chemical solutions.",2015,"Delaware,  United States",http://www.dupont.com/,https://en.wikipedia.org/wiki/dupont_de_nemours_inc,https://x.com/cognizant
138,S&P 500,,Nasdaq 100,Americas,North America,United States,DDOG,"Datadog, Inc.",Software & IT Services,Software & Digital Services,"Develops cloud monitoring, observability and cybersecurity software platforms.",2010,"New York,  United States",https://www.datadoghq.com,https://en.wikipedia.org/wiki/Datadog,https://x.com/cortevaus
139,S&P 500,,,Americas,North America,United States,DE,Deere & Company,"Machinery, Equipment & Components",Machinery,"Develops agricultural, construction and forestry equipment and precision technologies.",1958,"Illinois,  United States",http://www.deere.com,https://en.wikipedia.org/wiki/deere_%26_co.,https://x.com/cvshealth
140,S&P 500,,,Americas,North America,United States,DECK,Deckers Brands,Textiles & Apparel,Textiles & Apparel,"Designs, manufactures and markets footwear, apparel and lifestyle products.",1993,"California,  United States","	deckers.com",https://en.wikipedia.org/wiki/Deckers_Brands,https://x.com/chevron
141,S&P 500,,,Americas,North America,United States,DELL,Dell Technologies,"Computers, Phones & Household Electronics",Consumer Electronics,"Develops computers, enterprise infrastructure and information-technology solutions.",2013,"Texas,  United States","	dell.com",https://en.wikipedia.org/wiki/Dell_Technologies,https://x.com/caesarsent
142,S&P 500,,,Americas,North America,United States,DG,Dollar General Corporation,Diversified Retail,Retail,Operates discount retail stores offering consumer and household products.,1998,"Tennessee,  United States",https://www.dollargeneral.com/,https://en.wikipedia.org/wiki/dollar_general,https://x.com/dominionenergy
143,S&P 500,,,Americas,North America,United States,DGX,Quest Diagnostics Incorporated,Healthcare Providers & Services,Healthcare Providers & Services,"Provides diagnostic testing, laboratory and healthcare information services.",1996,"New Jersey,  United States",http://www.questdiagnostics.com/,https://en.wikipedia.org/wiki/quest_diagnostics,https://x.com/delta
144,S&P 500,,,Americas,North America,United States,DHI,"D.R. Horton, Inc.",Homebuilding & Construction Supplies,Residential Construction,Develops residential communities and provides mortgage and homebuilding services.,1991,"Texas,  United States",https://www.drhorton.com/,https://en.wikipedia.org/wiki/d._r._horton,
145,S&P 500,,,Americas,North America,United States,DHR,Danaher Corporation,Healthcare Equipment & Supplies,Medical Devices,"Develops life-science technologies, diagnostics and medical equipment.",1986,"District of Columbia,  United States",http://www.danaher.com/,https://en.wikipedia.org/wiki/danaher_corp.,
146,S&P 500,DJIA,,Americas,North America,United States,DIS,The Walt Disney Company,Media & Publishing,Media,"Produces media, entertainment, sports and consumer products, with additional activities across theme parks and streaming services.",2018,"California,  United States",https://www.thewaltdisneycompany.com/,https://en.wikipedia.org/wiki/the_walt_disney_company,https://x.com/dupont_news
147,S&P 500,,,Americas,North America,United States,DLR,"Digital Realty Trust, Inc.",Residential & Commercial REIT,Real Estate Investment Trusts (REITs),"Owns, develops and operates data-centre infrastructure and digital real-estate assets.",2004,"Texas,  United States",http://www.digitalrealty.com/,https://en.wikipedia.org/wiki/digital_realty_trust,https://x.com/datadoghq
148,S&P 500,,,Americas,North America,United States,DLTR,"Dollar Tree, Inc.",Diversified Retail,Retail,Operates discount retail stores offering consumer and household products.,2008,"Virginia,  United States",https://www.dollartree.com/,https://en.wikipedia.org/wiki/dollar_tree,https://x.com/johndeere
149,S&P 500,,,Americas,North America,United States,DOC,Healthpeak Properties,Residential & Commercial REIT,Real Estate Investment Trusts (REITs),"Owns, develops and manages healthcare-focused real-estate assets.",2022,"Colorado,  United States","	www.healthpeak.com",https://en.wikipedia.org/wiki/Healthpeak_Properties,
150,S&P 500,,,Americas,North America,United States,DOV,Dover Corporation,"Machinery, Equipment & Components",Machinery,"Develops industrial equipment, engineered products and manufacturing technologies.",1947,"Illinois,  United States",http://www.dovercorporation.com/,https://en.wikipedia.org/wiki/dover_corporation,https://x.com/DellTech
151,S&P 500,,,Americas,North America,United States,DOW,Dow Inc.,Chemicals,Chemicals,"Develops specialty chemicals, plastics, industrial materials and performance coatings.",2018,"Michigan,  United States",https://www.dow.com/,https://en.wikipedia.org/wiki/dow_inc.,https://x.com/dollargeneral
152,S&P 500,,,Americas,North America,United States,DPZ,"Domino'S Pizza, Inc.",Hotels & Entertainment Services,"Leisure, Hospitality & Travel","Operates franchised pizza restaurants, delivery and food supply-chain services.",2002,"Michigan,  United States",http://www.dominos.com/,https://en.wikipedia.org/wiki/domino%27s_pizza,https://x.com/questdx
153,S&P 500,,,Americas,North America,United States,DRI,"Darden Restaurants, Inc.",Hotels & Entertainment Services,"Leisure, Hospitality & Travel",Owns and operates full-service restaurant brands across multiple dining categories.,1995,"Florida,  United States",https://www.darden.com/,https://en.wikipedia.org/wiki/darden_restaurants,https://x.com/drhorton
154,S&P 500,,,Americas,North America,United States,DTE,Dte Energy Company,Electrical Utilities & IPPs,Utilities,"Generates, distributes and supplies electricity and natural gas, with additional activities across renewable energy and energy services.",1995,"Michigan,  United States",http://newlook.dteenergy.com/,https://en.wikipedia.org/wiki/dte_energy_co.,https://x.com/danahercorp
155,S&P 500,,,Americas,North America,United States,DUK,Duke Energy Corporation,Electrical Utilities & IPPs,Utilities,"Generates, transmits and distributes electricity and natural gas through regulated utility operations.",2005,"North Carolina,  United States",http://www.duke-energy.com/,https://en.wikipedia.org/wiki/duke_energy,https://x.com/disney
156,S&P 500,,,Americas,North America,United States,DVA,Davita Inc.,Healthcare Providers & Services,Healthcare Providers & Services,"Provides kidney care, dialysis and integrated healthcare services.",1994,"Colorado,  United States",http://www.davita.com/,https://en.wikipedia.org/wiki/davita_inc.,https://x.com/digitalrealty
157,S&P 500,,,Americas,North America,United States,DVN,Devon Energy Corporation,Oil & Gas,Oil & Gas,"Explores, develops and produces oil, natural gas and natural-gas liquids.",1999,"Oklahoma,  United States",https://www.devonenergy.com/,https://en.wikipedia.org/wiki/devon_energy,https://x.com/dollartree
158,S&P 500,,Nasdaq 100,Americas,North America,United States,DXCM,"Dexcom, Inc.",Healthcare Equipment & Supplies,Medical Devices,Develops continuous glucose monitoring technologies for diabetes management.,1999,"California,  United States",http://www.dexcom.com/,https://en.wikipedia.org/wiki/dexcom,
159,S&P 500,,Nasdaq 100,Americas,North America,United States,EA,Electronic Arts Inc.,Software & IT Services,Media,"Develops and publishes digital games, online entertainment and interactive media services.",1991,"California,  United States",https://www.ea.com/,https://en.wikipedia.org/wiki/electronic_arts,https://x.com/dovercorp
160,S&P 500,,,Americas,North America,United States,EBAY,Ebay Inc.,Software & IT Services,Technology Platforms,Operates global digital commerce and online marketplace platforms.,1998,"California,  United States",https://www.ebayinc.com/,https://en.wikipedia.org/wiki/ebay_inc.,https://x.com/DowNewsroom
161,S&P 500,,,Americas,North America,United States,ECHO,EchoStar,Telecommunications Services,Telecommunications,"Provides satellite, broadband, wireless and television communications services.",1980,"Colorado, United States",https://www.echostar.com/,https://en.wikipedia.org/wiki/EchoStar,https://x.com/echostar
162,S&P 500,,,Americas,North America,United States,ECL,Ecolab Inc.,Chemicals,Chemicals,"Develops water treatment, hygiene and industrial cleaning technologies and services.",1924,"Minnesota,  United States",http://www.ecolab.com,https://en.wikipedia.org/wiki/ecolab_inc.,https://x.com/dominos
163,S&P 500,,,Americas,North America,United States,ED,"Consolidated Edison, Inc.",Electrical Utilities & IPPs,Utilities,"Provides regulated electricity, gas and energy infrastructure services.",1997,"New York,  United States",http://www.conedison.com/,https://en.wikipedia.org/wiki/consolidated_edison,https://x.com/darden
164,S&P 500,,,Americas,North America,United States,EFX,Equifax Inc.,Professional & Commercial Services,Professional Services,"Provides consumer information, analytics, identity verification and business decision services.",1913,"Georgia,  United States",http://www.equifax.com/,https://en.wikipedia.org/wiki/equifax_inc.,https://x.com/dte_energy
165,S&P 500,,,Americas,North America,United States,EG,"Everest Group, Ltd.",Insurance,Insurance,Provides insurance and reinsurance products across global commercial markets.,1999,"Hamilton,  Bermuda",https://www.everestglobal.com/,https://en.wikipedia.org/wiki/Everest_Group,https://x.com/dukeenergy
166,S&P 500,,,Americas,North America,United States,EIX,Edison International,Electrical Utilities & IPPs,Utilities,Provides regulated electricity services and energy advisory solutions.,1987,"California,  United States",http://www.edison.com/,https://en.wikipedia.org/wiki/edison_int%27l,https://x.com/davita
167,S&P 500,,,Americas,North America,United States,EL,The Estee Lauder Companies Inc.,Personal & Household Products & Services,Household Products,"Develops, manufactures and markets skincare, cosmetics, fragrances and personal-care products.",1976,"New York,  United States",https://www.elcompanies.co.uk/,https://en.wikipedia.org/wiki/est%c3%a9e_lauder_companies,https://x.com/devonenergy
168,S&P 500,,,Americas,North America,United States,ELV,"Elevance Health, Inc.",Healthcare Providers & Services,Healthcare Providers & Services,"Provides health insurance, pharmacy and integrated healthcare services.",2001,"Indiana,  United States",https://www.elevancehealth.com,https://en.wikipedia.org/wiki/elevance_health,https://x.com/dexcom
169,S&P 500,,,Americas,North America,United States,EME,Emcor,Construction & Engineering,Construction & Engineering,"Provides electrical and mechanical engineering, construction, building and industrial services, with additional activities or exposure across facilities maintenance.",1994,"Connecticut,  United States",http://emcorgroup.com/,https://en.wikipedia.org/wiki/Emcor,
170,S&P 500,,,Americas,North America,United States,EMR,Emerson Electric Co.,"Machinery, Equipment & Components",Machinery,"Develops industrial automation, process control and engineering software solutions.",1890,"Missouri,  United States",http://www.emerson.com/,https://en.wikipedia.org/wiki/emerson_electric_company,https://x.com/ebay
171,S&P 500,,,Americas,North America,United States,EOG,"Eog Resources, Inc.",Oil & Gas,Oil & Gas,"Explores, develops and produces crude oil, natural gas and natural-gas liquids.",1985,"Texas,  United States",https://www.eogresources.com/,https://en.wikipedia.org/wiki/eog_resources,https://x.com/conedison
172,S&P 500,,,Americas,North America,United States,EQIX,"Equinix, Inc.",Residential & Commercial REIT,Real Estate Investment Trusts (REITs),"Owns, develops and operates global data-centre infrastructure and interconnection services.",1998,"California,  United States",http://www.equinix.com/,https://en.wikipedia.org/wiki/equinix,https://x.com/EverestGroup
173,S&P 500,,,Americas,North America,United States,EQR,Equity Residential,Residential & Commercial REIT,Real Estate Investment Trusts (REITs),"Owns, develops and manages multifamily residential real-estate assets.",1992,"Illinois,  United States",http://www.equityapartments.com/,https://en.wikipedia.org/wiki/equity_residential,https://x.com/edisonintl
174,S&P 500,,,Americas,North America,United States,EQT,Eqt Corporation,Oil & Gas,Oil & Gas,"Explores, produces, gathers and transports natural gas and related energy products.",2008,"Pennsylvania,  United States",https://www.eqt.com,https://en.wikipedia.org/wiki/eqt,https://x.com/esteelauder
175,S&P 500,,,Americas,North America,United States,ERIE,Erie Indemnity,Insurance,Insurance,"Provides property, casualty and life insurance administration services.",1925,"Pennsylvania,  United States","	erieinsurance.com",https://en.wikipedia.org/wiki/Erie_Insurance_Group,https://x.com/elevancehealth
176,S&P 500,,,Americas,North America,United States,ES,Eversource Energy,Electrical Utilities & IPPs,Utilities,"Provides electricity transmission, distribution and natural-gas utility services.",1927,"Massachusetts,  United States",http://www.eversource.com/,https://en.wikipedia.org/wiki/eversource_energy,https://x.com/eastmanchemco
177,S&P 500,,,Americas,North America,United States,ESS,"Essex Property Trust, Inc.",Residential & Commercial REIT,Real Estate Investment Trusts (REITs),"Owns, develops and manages multifamily residential real-estate communities.",1994,"California,  United States",http://www.essexapartmenthomes.com/,"https://en.wikipedia.org/wiki/essex_property_trust,_inc.",https://x.com/emerson_news
178,S&P 500,,,"Europe, The Middle East and Africa",Western Europe,Ireland,ETN,Eaton Corporation Public Limited Company,"Machinery, Equipment & Components",Machinery,"Develops electrical power management, industrial and aerospace technologies.",2012,"Dublin,  Ireland",http://www.eaton.com/,https://en.wikipedia.org/wiki/eaton_corporation,https://x.com/wrberkleycorp
179,S&P 500,,,Americas,North America,United States,ETR,Entergy Corporation,Electrical Utilities & IPPs,Utilities,"Generates, transmits and distributes electricity through regulated utility operations.",1992,"Louisiana,  United States",http://www.entergy.com/,https://en.wikipedia.org/wiki/entergy_corp.,https://x.com/enphase
180,S&P 500,,,Americas,North America,United States,EVRG,"Evergy, Inc.",Electrical Utilities & IPPs,Utilities,"Generates, transmits and distributes electricity through regulated utility operations.",2017,"Missouri,  United States",http://www.evergyinc.com/,https://en.wikipedia.org/wiki/evergy,
181,S&P 500,,,Americas,North America,United States,EW,Edwards Lifesciences Corporation,Healthcare Equipment & Supplies,Medical Devices,Develops structural-heart technologies and minimally invasive medical devices.,1999,"California,  United States",http://www.edwards.com/,https://en.wikipedia.org/wiki/edwards_lifesciences,https://x.com/epamsystems
182,S&P 500,,Nasdaq 100,Americas,North America,United States,EXC,Exelon Corporation,Electrical Utilities & IPPs,Utilities,Provides regulated electricity transmission and distribution services.,1999,"Illinois,  United States",http://www.exeloncorp.com/,https://en.wikipedia.org/wiki/exelon_corp.,https://x.com/equinix
183,S&P 500,,,Americas,North America,United States,EXE,Expand Energy,Oil & Gas,Oil & Gas,"Explores, develops and produces natural gas and related energy resources.",1996,"Oklahoma,  United States","	expandenergy.com",https://en.wikipedia.org/wiki/Expand_Energy,https://x.com/equityres
184,S&P 500,,,Americas,North America,United States,EXPD,"Expeditors International Of Washington, Inc",Freight & Logistics Services,Logistics,"Provides freight forwarding, customs brokerage and global logistics services.",1979,"Washington,  United States",http://www.expeditors.com/,https://en.wikipedia.org/wiki/expeditors_international,https://x.com/eqtcorp
185,S&P 500,,,Americas,North America,United States,EXPE,"Expedia Group, Inc.",Hotels & Entertainment Services,"Leisure, Hospitality & Travel","Operates digital travel booking, accommodation and tourism platforms.",2005,"Washington,  United States",https://www.expediagroup.com/,https://en.wikipedia.org/wiki/expedia_group,https://x.com/erie_insurance
186,S&P 500,,,Americas,North America,United States,EXR,Extra Space Storage Inc.,Residential & Commercial REIT,Real Estate Investment Trusts (REITs),"Owns, develops and manages self-storage real-estate assets.",2004,"Utah,  United States",http://www.extraspace.com/,https://en.wikipedia.org/wiki/extra_space_storage,https://x.com/eversourcecorp
187,S&P 500,,,Americas,North America,United States,F,Ford Motor Company,Automobiles & Auto Parts,Automotive,"Designs, manufactures and markets passenger, commercial and electric vehicles.",1919,"Michigan,  United States",https://www.ford.co.uk/,https://en.wikipedia.org/wiki/ford_motor_company,
188,S&P 500,,Nasdaq 100,Americas,North America,United States,FANG,"Diamondback Energy, Inc.",Oil & Gas,Oil & Gas,"Explores, develops and produces oil and natural gas.",2011,"Texas,  United States",https://ir.diamondbackenergy.com/,https://en.wikipedia.org/wiki/diamondback_energy,https://x.com/eatoncorp
189,S&P 500,,Nasdaq 100,Americas,North America,United States,FAST,Fastenal Company,"Machinery, Equipment & Components",Industrial Distribution,"Distributes industrial, construction and maintenance supplies to commercial customers.",1968,"Minnesota,  United States",https://www.fastenal.com/,https://en.wikipedia.org/wiki/fastenal_co,https://x.com/entergy
190,S&P 500,,,Americas,North America,United States,FCX,Freeport-Mcmoran Inc.,Metals & Mining,Mining,"Produces copper, gold, molybdenum and related mineral resources.",1987,"Arizona,  United States",http://fcx.com/,https://en.wikipedia.org/wiki/freeport-mcmoran_inc.,https://x.com/evergypower
191,S&P 500,,,Americas,North America,United States,FDS,Factset Research Systems Inc.,Professional & Commercial Services,Professional Services,"Provides financial data, analytics and investment research platforms.",1984,"Connecticut,  United States",https://www.factset.com,https://en.wikipedia.org/wiki/factset,https://x.com/edwardslifesci
192,S&P 500,,,Americas,North America,United States,FDX,Fedex Corporation,Freight & Logistics Services,Logistics,"Provides parcel delivery, freight transportation and global logistics services.",1997,"Tennessee,  United States",http://www.fedex.com/,https://en.wikipedia.org/wiki/fedex_corporation,https://x.com/exelon
193,S&P 500,,,Americas,North America,United States,FDXF,FedEx Freight,Freight & Logistics Services,Logistics,Provides less-than-truckload freight transportation and logistics services.,2001,"Tennessee, United States",https://www.fedex.com/en-us/shipping/freight.html,https://en.wikipedia.org/wiki/FedEx_Freight,
194,S&P 500,,,Americas,North America,United States,FE,Firstenergy Corp.,Electrical Utilities & IPPs,Utilities,"Generates, transmits and distributes electricity through regulated utility operations.",1996,"Ohio,  United States",http://www.firstenergycorp.com/,https://en.wikipedia.org/wiki/firstenergy_corp,
194,,,Nasdaq 100,"Europe, The Middle East and Africa",Southern Europe,Spain,FER,Ferrovial SE,Construction & Engineering,Construction & Engineering,"Designs, constructs and operates transport and energy infrastructure assets.",1952,"Amsterdam, Netherlands","	www.ferrovial.com/en",https://en.wikipedia.org/wiki/Ferrovial,
195,S&P 500,,,Americas,North America,United States,FFIV,"F5, Inc.",Software & IT Services,Cybersecurity,"Develops application delivery, networking and cybersecurity technologies.",1996,"Washington,  United States",https://www.f5.com/,https://en.wikipedia.org/wiki/f5_networks,
196,S&P 500,,,Americas,North America,United States,FICO,Fair Isaac Corporation,Software & IT Services,Software & Digital Services,"Develops analytics, decision-management and credit-scoring software platforms.",1987,"Montana,  United States",https://www.fico.com,https://en.wikipedia.org/wiki/FICO,https://x.com/extraspace
197,S&P 500,,,Americas,North America,United States,FIS,"Fidelity National Information Services, Inc.",Financial Technology (Fintech) & Infrastructure,FinTech,"Develops banking, capital markets and payment technology platforms.",2001,"Florida,  United States",https://www.fisglobal.com/,https://en.wikipedia.org/wiki/fidelity_national_information_services,https://x.com/ford
198,S&P 500,,,Americas,North America,United States,FISV,Fiserv,Professional & Commercial Services,FinTech,"Develops payment processing, merchant acquiring and financial technology platforms.",1984,"Wisconsin, United States",https://www.fiserv.com/,https://en.wikipedia.org/wiki/Fiserv,https://x.com/fiserv
199,S&P 500,,,Americas,North America,United States,FITB,Fifth Third Bancorp,Banking Services,Banking,"Provides retail, commercial and wealth-management banking services.",1974,"Ohio,  United States",http://www.53.com/,https://en.wikipedia.org/wiki/fifth_third_bancorp,https://x.com/Diamondback_EP
200,S&P 500,,,Americas,North America,United States,FIX,Comfort Systems USA,Construction & Engineering,Construction & Engineering,"Provides mechanical, electrical and engineering construction, installation and maintenance services.",,,,,
201,S&P 500,,,Americas,North America,United States,FLEX,Flex Ltd.,Electronic Equipment & Parts,Electronics,"Provides electronics manufacturing, engineering and supply-chain solutions, with additional activities or exposure across cloud infrastructure.",1969,"Texas, United States",https://flex.com/,https://en.wikipedia.org/wiki/Flex_Ltd.,https://x.com/flexintl
202,S&P 500,,,Americas,North America,United States,FOX,Fox Corporation,Media & Publishing,Media,"Produces and distributes news, sports and entertainment content across television and digital platforms.",2018,"New York,  United States",https://www.foxcorporation.com/,https://en.wikipedia.org/wiki/fox_corporation,https://x.com/fastenalcompany
203,S&P 500,,,Americas,North America,United States,FOXA,Fox Corporation,Media & Publishing,Media,"Produces and distributes news, sports and entertainment content across television and digital platforms.",2018,"New York,  United States",https://www.foxcorporation.com/,https://en.wikipedia.org/wiki/fox_corporation,https://x.com/fm_fcx
204,S&P 500,,,Americas,North America,United States,FRT,Federal Realty Investment Trust,Residential & Commercial REIT,Real Estate Investment Trusts (REITs),"Owns, develops and manages retail and mixed-use real-estate assets.",2021,"Maryland,  United States",http://www.federalrealty.com/,https://en.wikipedia.org/wiki/federal_realty_investment_trust,https://x.com/factset
205,S&P 500,,,Americas,North America,United States,FSLR,"First Solar, Inc.",Renewable Energy,Renewable Energy,"Develops, manufactures and supplies photovoltaic solar technologies and related energy solutions.",2003,"Arizona,  United States",https://www.firstsolar.com,https://en.wikipedia.org/wiki/first_solar,https://x.com/fedex
206,S&P 500,,Nasdaq 100,Americas,North America,United States,FTNT,"Fortinet, Inc.",Software & IT Services,Cybersecurity,"Develops cybersecurity, secure networking and threat-intelligence technologies.",2000,"California,  United States",https://www.fortinet.com/,https://en.wikipedia.org/wiki/fortinet,https://x.com/firstenergycorp
207,S&P 500,,,Americas,North America,United States,FTV,Fortive Corporation,"Machinery, Equipment & Components",Machinery,"Develops industrial automation, instrumentation and healthcare workflow technologies.",2015,"Washington,  United States",http://www.fortive.com/,https://en.wikipedia.org/wiki/fortive_corp,https://x.com/f5
208,S&P 500,,,Americas,North America,United States,GD,General Dynamics Corporation,Aerospace & Defense,Aerospace & Defense,"Designs, manufactures and supports aerospace, defence and naval technologies.",1952,"Virginia,  United States",http://www.gd.com/,https://en.wikipedia.org/wiki/general_dynamics,https://x.com/Fiserv
209,S&P 500,,,Americas,North America,United States,GDDY,GoDaddy,Software & IT Services,Software & Digital Services,"Provides website hosting, domain registration and digital business services.",2014,"Arizona,  United States","	godaddy.com",https://en.wikipedia.org/wiki/GoDaddy,https://x.com/FICO
210,S&P 500,,,Americas,North America,United States,GE,General Electric Company,Aerospace & Defense,Aerospace & Defense,"Develops, manufactures and services aerospace propulsion systems and related technologies.",1892,"Massachusetts,  United States",http://www.ge.com/,https://en.wikipedia.org/wiki/general_electric,https://x.com/fisglobal
211,S&P 500,,Nasdaq 100,Americas,North America,United States,GEHC,Ge Healthcare Technologies Inc.,Healthcare Equipment & Supplies,Medical Devices,"Develops medical imaging, diagnostics and healthcare technologies.",2022,"Illinois,  United States",https://www.gehealthcare.com,https://en.wikipedia.org/wiki/ge_healthcare,https://x.com/FifthThird
212,S&P 500,,,Americas,North America,United States,GEN,Gen Digital Inc.,Software & IT Services,Cybersecurity,"Develops consumer cybersecurity, identity protection and online privacy technologies.",1988,"Arizona,  United States",https://www.gendigital.com,https://en.wikipedia.org/wiki/gen_digital,
213,S&P 500,,,Americas,North America,United States,GEV,"	GE Vernova",Electrical Utilities & IPPs,Utilities,"Develops power-generation, grid and electrification technologies.",2023,"Massachusetts,  United States","	www.gevernova.com",https://en.wikipedia.org/wiki/GE_Vernova,
215,S&P 500,,Nasdaq 100,Americas,North America,United States,GILD,"Gilead Sciences, Inc.",Pharmaceuticals,Pharmaceuticals,"Develops, manufactures and markets pharmaceutical products, with additional activities or exposure across biotechnology.",1987,"California,  United States",https://www.gilead.com/,https://en.wikipedia.org/wiki/gilead_sciences,https://x.com/firstsolar
216,S&P 500,,,Americas,North America,United States,GIS,"General Mills, Inc.",Food & Tobacco,Food & Beverage,"Produces and distributes branded food, snack and pet nutrition products.",1928,"Minnesota,  United States",https://www.generalmills.com/,https://en.wikipedia.org/wiki/general_mills,https://x.com/fortinet
217,S&P 500,,,Americas,North America,United States,GL,Globe Life Inc.,Insurance,Insurance,"Provides life, supplemental health and related insurance products.",1979,"Texas,  United States",http://www.globelifeinsurance.com/,https://en.wikipedia.org/wiki/torchmark_corp.,https://x.com/fortivecorp
218,S&P 500,,,Americas,North America,United States,GLW,Corning Incorporated,Electronic Equipment & Parts,Electronics,"Develops advanced glass, ceramics, optical materials and laboratory technologies.",1936,"New York,  United States",https://www.corning.com/,https://en.wikipedia.org/wiki/corning_inc.,https://x.com/generaldynamics
219,S&P 500,,,Americas,North America,United States,GM,General Motors Company,Automobiles & Auto Parts,Automotive,"Designs, manufactures and markets passenger and commercial vehicles, with additional activities or exposure across vehicle finance and electric mobility.",2009,"Michigan,  United States",https://www.gm.com/,https://en.wikipedia.org/wiki/general_motors,
220,S&P 500,,,Americas,North America,United States,GNRC,Generac Holdings Inc.,"Machinery, Equipment & Components",Machinery,"Develops power-generation, energy-storage and energy-management technologies.",2006,"Wisconsin,  United States",https://www.generac.com,https://en.wikipedia.org/wiki/generac,https://x.com/generalelectric
221,S&P 500,,Nasdaq 100,Americas,North America,United States,GOOG,Alphabet Inc.,Software & IT Services,Technology Platforms,"Develops digital platforms, cloud services and artificial-intelligence technologies, with additional activities or exposure across digital advertising.",2015,"California,  United States",https://abc.xyz/,https://en.wikipedia.org/wiki/alphabet_inc.,https://x.com/gehealthcare
222,S&P 500,DJIA,Nasdaq 100,Americas,North America,United States,GOOGL,Alphabet Inc.,Software & IT Services,Technology Platforms,"Develops digital platforms, cloud services and artificial-intelligence technologies, with additional activities or exposure across digital advertising.",2015,"California,  United States",https://abc.xyz/,https://en.wikipedia.org/wiki/alphabet_inc.,https://x.com/gendigitalinc
223,S&P 500,,,Americas,North America,United States,GPC,Genuine Parts Company,Automobiles & Auto Parts,Industrial Distribution,"Distributes automotive replacement parts, industrial components and maintenance products.",1928,"Georgia,  United States",https://www.genpt.com/,https://en.wikipedia.org/wiki/genuine_parts,https://x.com/gevernova
224,S&P 500,,,Americas,North America,United States,GPN,Global Payments Inc.,Professional & Commercial Services,FinTech,"Develops payment technologies, merchant services and financial software platforms.",2000,"Georgia,  United States",https://www.globalpaymentsinc.com/,https://en.wikipedia.org/wiki/global_payments_inc.,https://x.com/GlobalFoundries
225,S&P 500,,,"Europe, The Middle East and Africa",Western Europe,Switzerland,GRMN,Garmin Ltd,Communications & Networking,Consumer Electronics,"Develops navigation, wearable and connected electronic devices.",2010,"Schaffhausen,  Switzerland",https://www.garmin.com/,https://en.wikipedia.org/wiki/garmin_ltd.,https://x.com/WilliamsSonoma
226,S&P 500,DJIA,,Americas,North America,United States,GS,"The Goldman Sachs Group, Inc.",Investment Banking & Investment Services,Investment Services,"Provides investment banking, asset management and wealth-management services.",1998,"New York,  United States",https://www.goldmansachs.com/,https://en.wikipedia.org/wiki/goldman_sachs_group,https://x.com/gileadsciences
227,S&P 500,,,Americas,North America,United States,GWW,"W.W. Grainger, Inc.","Machinery, Equipment & Components",Industrial Distribution,"Distributes maintenance, repair, operating supplies and industrial products.",1928,"Illinois,  United States",http://grainger.com/,https://en.wikipedia.org/wiki/grainger_(w.w.)_inc.,https://x.com/generalmills
228,S&P 500,,,Americas,North America,United States,HAL,Halliburton Company,Oil & Gas Related Equipment and Services,Energy Equipment & Services,"Provides oilfield services, drilling technologies and energy engineering solutions.",1996,"Texas,  United States",https://www.halliburton.com/,https://en.wikipedia.org/wiki/halliburton_co.,https://x.com/globelife
229,S&P 500,,,Americas,North America,United States,HAS,"Hasbro, Inc.",Professional & Commercial Services,Leisure Products,"Designs, manufactures and markets toys, games and entertainment content.",1926,"Rhode Island,  United States",https://hasbro.gcs-web.com/,https://en.wikipedia.org/wiki/hasbro_inc.,https://x.com/corning
230,S&P 500,,,Americas,North America,United States,HBAN,Huntington Bancshares Incorporated,Banking Services,Banking,"Provides retail, commercial and wealth-management banking services.",1966,"Ohio,  United States",http://www.huntington.com/,https://en.wikipedia.org/wiki/huntington_bancshares,https://x.com/gm
231,S&P 500,,,Americas,North America,United States,HCA,"Hca Healthcare, Inc.",Healthcare Providers & Services,Healthcare Providers & Services,"Operates hospitals, outpatient facilities and related healthcare services.",2010,"Tennessee,  United States",http://www.hcahealthcare.com/,https://en.wikipedia.org/wiki/hca_healthcare,https://x.com/generac
232,S&P 500,DJIA,,Americas,North America,United States,HD,"The Home Depot, Inc.",Specialty Retailers,Retail,"Operates home-improvement retail businesses, with additional activities or exposure across installation and building products.",1978,"Georgia,  United States",https://www.homedepot.com/,https://en.wikipedia.org/wiki/home_depot,https://x.com/google
233,S&P 500,,,Americas,North America,United States,HIG,"The Hartford Financial Services Group, Inc.",Insurance,Insurance,"Provides commercial and personal insurance products, with additional activities or exposure across investment management.",1985,"Connecticut,  United States",http://thehartford.com/,https://en.wikipedia.org/wiki/hartford_financial_svc.gp.,https://x.com/genuinepartsco
234,S&P 500,,,Americas,North America,United States,HII,"Huntington Ingalls Industries, Inc.",Aerospace & Defense,Aerospace & Defense,"Designs, builds and supports naval ships, defence systems and military technologies.",2010,"Virginia,  United States",http://www.huntingtoningalls.com/,https://en.wikipedia.org/wiki/huntington_ingalls_industries,https://x.com/globalpayinc
235,S&P 500,,,Americas,North America,United States,HLT,Hilton Worldwide Holdings Inc.,Hotels & Entertainment Services,"Leisure, Hospitality & Travel","Operates, manages and franchises hotels, resorts and hospitality brands.",2010,"Virginia,  United States",https://www.hilton.com/,https://en.wikipedia.org/wiki/hilton_worldwide_holdings_inc,https://x.com/garmin
236,S&P 500,DJIA,Nasdaq 100,Americas,North America,United States,HON,Honeywell International Inc.,Consumer Goods Conglomerates,Machinery,"Develops industrial automation, building technologies and aerospace systems.",1999,"North Carolina,  United States",http://www.honeywell.com/,https://en.wikipedia.org/wiki/Honeywell,https://x.com/grainger
237,S&P 500,,Nasdaq 100,Americas,North America,United States,HONA,Honeywell Aerospace,Aerospace & Defense,Aerospace & Defense,"Develops aerospace systems, propulsion and mission-critical defence technologies.",2026,"Arizona, United States",https://aerospace.honeywell.com/,https://en.wikipedia.org/wiki/Honeywell_Aerospace,https://x.com/honeywellaero
238,S&P 500,,,Americas,North America,United States,HOOD,Robinhood Markets,Financial Technology (Fintech) & Infrastructure,FinTech,"Operates digital investment, brokerage and cryptocurrency trading platforms.",2013,"California,  United States",http://robinhood.com/,https://en.wikipedia.org/wiki/Robinhood_Markets,
239,S&P 500,,,Americas,North America,United States,HPE,Hewlett Packard Enterprise Company,"Computers, Phones & Household Electronics",Technology Platforms,"Develops enterprise computing, networking and hybrid cloud infrastructure technologies.",2015,"Texas,  United States",https://www.hpe.com/,https://en.wikipedia.org/wiki/hewlett_packard_enterprise,https://x.com/halliburton
240,S&P 500,,,Americas,North America,United States,HPQ,Hp Inc.,"Computers, Phones & Household Electronics",Consumer Electronics,"Develops personal computing, printing and related digital technologies.",1998,"California,  United States",http://www8.hp.com/,https://en.wikipedia.org/wiki/hp_inc.,https://x.com/hasbro
241,S&P 500,,,Americas,North America,United States,HRL,Hormel Foods Corporation,Food & Tobacco,Food & Beverage,Produces and distributes branded food and nutrition products.,1928,"Minnesota,  United States",https://www.hormelfoods.com/,https://en.wikipedia.org/wiki/hormel_foods_corp.,https://x.com/huntington_bank
242,S&P 500,,,Americas,North America,United States,HSIC,"Henry Schein, Inc.",Healthcare Equipment & Supplies,Medical Devices,"Distributes medical, dental and healthcare technologies, with additional activities or exposure across practice-management software.",1992,"New York,  United States",https://www.henryschein.co.uk/,https://en.wikipedia.org/wiki/henry_schein,https://x.com/hcahealthcare
243,S&P 500,,,Americas,North America,United States,HST,"Host Hotels & Resorts, Inc.",Residential & Commercial REIT,Real Estate Investment Trusts (REITs),Owns and manages hotel and hospitality real-estate assets.,1998,"Maryland,  United States",http://www.hosthotels.com/,https://en.wikipedia.org/wiki/host_hotels_%26_resorts,https://x.com/homedepot
244,S&P 500,,,Americas,North America,United States,HSY,The Hershey Company,Food & Tobacco,Food & Beverage,"Produces and distributes confectionery, snacks and related food products.",1927,"Pennsylvania,  United States",https://www.thehersheycompany.com/,https://en.wikipedia.org/wiki/the_hershey_company,https://x.com/hesscorporation
245,S&P 500,,,Americas,North America,United States,HUBB,Hubbell Incorporated,"Machinery, Equipment & Components",Machinery,"Develops electrical infrastructure, utility equipment and power-distribution technologies.",1905,"Connecticut,  United States","	hubbell.com",https://en.wikipedia.org/wiki/Hubbell_Incorporated,
246,S&P 500,,,Americas,North America,United States,HUM,Humana Inc.,Healthcare Providers & Services,Healthcare Providers & Services,"Provides health insurance, pharmacy and integrated healthcare services.",1964,"Kentucky,  United States",http://www.humana.com/,https://en.wikipedia.org/wiki/humana_inc.,https://x.com/wearehii
247,S&P 500,,,Americas,North America,United States,HWM,Howmet Aerospace Inc.,Aerospace & Defense,Aerospace & Defense,"Develops engineered aerospace components, fastening systems and lightweight metal technologies.",2017,"Pennsylvania,  United States",http://www.howmet.com/,https://en.wikipedia.org/wiki/howmet_aerospace,https://x.com/hiltonhotels
248,S&P 500,,,Americas,North America,United States,IBKR,Interactive Brokers,Investment Banking & Investment Services,Investment Services,"Provides electronic brokerage, trading platforms and investment services.",1978,"Connecticut,  United States",http://interactivebrokers.com/,https://en.wikipedia.org/wiki/Interactive_Brokers,
249,S&P 500,DJIA,,Americas,North America,United States,IBM,International Business Machines Corporation,Software & IT Services,Software & Digital Services,"Develops enterprise software, hybrid cloud and artificial-intelligence technologies, with additional activities or exposure across consulting.",1911,"New York,  United States",https://www.ibm.com/,https://en.wikipedia.org/wiki/ibm,https://x.com/hologic
250,S&P 500,,,Americas,North America,United States,ICE,"Intercontinental Exchange, Inc.",Investment Banking & Investment Services,Capital Markets & Advisory,"Operates exchanges, clearing services and financial market infrastructure, with additional activities or exposure across mortgage technology.",2013,"Georgia,  United States",http://www.intercontinentalexchange.com/,https://en.wikipedia.org/wiki/intercontinental_exchange,https://x.com/honeywell
251,S&P 500,,Nasdaq 100,Americas,North America,United States,IDXX,"Idexx Laboratories, Inc.",Healthcare Equipment & Supplies,Medical Devices,"Develops veterinary diagnostics, laboratory technologies and related healthcare services.",1983,"Maine,  United States",https://www.idexx.co.uk/,https://en.wikipedia.org/wiki/idexx_laboratories,https://x.com/hp
252,S&P 500,,,Americas,North America,United States,IEX,Idex Corporation,"Machinery, Equipment & Components",Machinery,"Designs, manufactures and supplies fluid-handling, metering and industrial engineering technologies.",1987,"Illinois,  United States",http://www.idexcorp.com/,https://en.wikipedia.org/wiki/idex_corporation,https://x.com/hp
253,S&P 500,,,Americas,North America,United States,IFF,International Flavors & Fragrances Inc.,Food & Tobacco,Food & Beverage,"Develops flavours, fragrances, specialty ingredients and biotechnology solutions for food, beverage and consumer markets.",1909,"New York,  United States",http://www.iff.com/,https://en.wikipedia.org/wiki/international_flavors_%26_fragrances,https://x.com/hormelfoods
254,S&P 500,,,Americas,North America,United States,INCY,Incyte Corporation,Pharmaceuticals,Pharmaceuticals,"Develops, manufactures and markets pharmaceutical products, with additional activities or exposure across biotechnology.",1991,"Delaware,  United States",https://www.incyte.com/,https://en.wikipedia.org/wiki/incyte,https://x.com/henryschein
255,S&P 500,,Nasdaq 100,Americas,North America,United States,INTC,Intel Corporation,Semiconductors & Semiconductor Equipment,Semiconductors,"Designs, manufactures and supplies semiconductor technologies, with additional activities or exposure across foundry services and artificial intelligence.",1989,"California,  United States",https://www.intc.com/,https://en.wikipedia.org/wiki/intel_corp.,
256,S&P 500,,Nasdaq 100,Americas,North America,United States,INTU,Intuit Inc.,Financial Technology (Fintech) & Infrastructure,FinTech,"Develops financial management, accounting, tax and payment software platforms.",1993,"California,  United States",https://www.intuit.com/,https://en.wikipedia.org/wiki/intuit_inc.,https://x.com/hersheycompany
257,S&P 500,,,Americas,North America,United States,INVH,Invitation Homes Inc.,Residential & Commercial REIT,Real Estate Investment Trusts (REITs),"Owns, develops and manages single-family residential real-estate assets.",2017,"Texas,  United States",https://www.invitationhomes.com,https://en.wikipedia.org/wiki/invitation_homes,
258,S&P 500,,,Americas,North America,United States,IP,International Paper Company,Containers & Packaging,Packaging,"Develops and supplies fibre-based packaging, recycling and related industrial solutions.",1941,"Tennessee,  United States",http://www.internationalpaper.com/,https://en.wikipedia.org/wiki/international_paper,https://x.com/inchumana
259,S&P 500,,,Americas,North America,United States,IQV,Iqvia Holdings Inc,Biotechnology & Medical Research,Biotechnology,"Provides clinical research, healthcare analytics and technology services to life-science organisations.",2016,"North Carolina,  United States",http://www.iqvia.com/,https://en.wikipedia.org/wiki/iqvia,https://x.com/ibm
260,S&P 500,,,Americas,North America,United States,IR,Ingersoll Rand Inc.,"Machinery, Equipment & Components",Machinery,"Develops industrial flow-control, compression and life-science technologies.",2013,"North Carolina,  United States",http://www.irco.com/,https://en.wikipedia.org/wiki/ingersoll_rand,https://x.com/ice_markets
261,S&P 500,,,Americas,North America,United States,IRM,Iron Mountain Incorporated,Residential & Commercial REIT,Real Estate Investment Trusts (REITs),"Provides information management and data-centre services, with additional activities or exposure across records management.",2014,"New Hampshire,  United States",http://www.ironmountain.com/,https://en.wikipedia.org/wiki/iron_mountain_incorporated,https://x.com/idexx
262,S&P 500,,Nasdaq 100,Americas,North America,United States,ISRG,"Intuitive Surgical, Inc.",Healthcare Equipment & Supplies,Medical Devices,Develops robotic-assisted surgical systems and related healthcare technologies.,1995,"California,  United States",http://www.intuitive.com/,https://en.wikipedia.org/wiki/intuitive_surgical_inc.,
263,S&P 500,,,Americas,North America,United States,IT,"Gartner, Inc.",Software & IT Services,Professional Services,"Provides business research, advisory and consulting services.",1990,"Connecticut,  United States",https://www.gartner.com/,https://en.wikipedia.org/wiki/gartner,https://x.com/iff
264,S&P 500,,,Americas,North America,United States,ITW,Illinois Tool Works Inc.,Consumer Goods Conglomerates,Machinery,"Designs, manufactures and supplies industrial equipment, engineered components and automation technologies.",1961,"Illinois,  United States",http://www.itw.com/,https://en.wikipedia.org/wiki/illinois_tool_works,https://x.com/incyte
265,S&P 500,,,Americas,North America,United States,IVZ,Invesco Ltd.,Investment Banking & Investment Services,Investment Services,"Provides asset-management, investment and related advisory services.",2007,"Georgia,  United States",http://www.invesco.com/,https://en.wikipedia.org/wiki/invesco_ltd.,https://x.com/intel
266,S&P 500,,,Americas,North America,United States,J,Jacobs Solutions Inc.,Professional & Commercial Services,Professional Services,"Provides engineering, consulting and infrastructure services.",2022,"Texas,  United States",http://www.jacobs.com/,https://en.wikipedia.org/wiki/jacobs_engineering_group,https://x.com/intuit
267,S&P 500,,,Americas,North America,United States,JBHT,"J. B. Hunt Transport Services, Inc.",Freight & Logistics Services,Logistics,"Provides freight transportation, intermodal logistics and supply-chain services.",1961,"Arkansas,  United States",https://www.jbhunt.com/,https://en.wikipedia.org/wiki/j._b._hunt,
268,S&P 500,,,Americas,North America,United States,JBL,"	Jabil",Electronic Equipment & Parts,Electronics,"Provides electronics manufacturing, engineering and supply-chain solutions.",1992,"Florida,  United States","	jabil.com",https://en.wikipedia.org/wiki/Jabil,https://x.com/intlpaperco
269,S&P 500,,,Americas,North America,United States,JCI,Johnson Controls International Plc,"Machinery, Equipment & Components",Machinery,"Develops building automation, climate-control and security technologies.",2014,"Cork,  Ireland",http://johnsoncontrols.com/,https://en.wikipedia.org/wiki/johnson_controls,https://x.com/interpublicipg
270,S&P 500,,,Americas,North America,United States,JKHY,"Jack Henry & Associates, Inc.",Software & IT Services,FinTech,"Develops banking software, payment technologies and digital financial platforms.",1985,"Missouri,  United States",https://www.jackhenry.com/,https://en.wikipedia.org/wiki/jack_henry_%26_associates,https://x.com/iqvia_global
271,S&P 500,DJIA,,Americas,North America,United States,JNJ,Johnson & Johnson,Pharmaceuticals,Pharmaceuticals,"Develops, manufactures and markets pharmaceutical products, with additional activities or exposure across medical devices.",1887,"New Jersey,  United States",https://www.jnj.com/,https://en.wikipedia.org/wiki/johnson_%26_johnson,https://x.com/irproducts
272,S&P 500,DJIA,,Americas,North America,United States,JPM,Jpmorgan Chase & Co.,Banking Services,Banking,"Provides retail, commercial and investment banking services, with additional activities or exposure across wealth management and payments.",1968,"New York,  United States",https://www.jpmorgan.com/,https://en.wikipedia.org/wiki/JPMorgan_Chase,https://x.com/intuitivesurg
273,S&P 500,,Nasdaq 100,Americas,North America,United States,KDP,Keurig Dr Pepper Inc.,Beverages,Food & Beverage,"Produces and distributes hot and cold beverages, brewing systems and related consumer products.",2007,"Massachusetts,  United States",https://www.keurigdrpepper.com,https://en.wikipedia.org/wiki/keurig_dr_pepper,
274,S&P 500,,,Americas,North America,United States,KEY,Keycorp,Banking Services,Banking,"Provides retail, commercial and investment banking services.",1958,"Ohio,  United States",http://www.key.com/,https://en.wikipedia.org/wiki/keycorp,https://x.com/invescous
275,S&P 500,,,Americas,North America,United States,KEYS,"Keysight Technologies, Inc.","Machinery, Equipment & Components",Electronics,"Develops electronic test, measurement and engineering software solutions.",2013,"California,  United States",https://www.keysight.com/,https://en.wikipedia.org/wiki/keysight_technologies,https://x.com/jacobsconnects
276,S&P 500,,Nasdaq 100,Americas,North America,United States,KHC,The Kraft Heinz Company,Food & Tobacco,Food & Beverage,"Produces and distributes packaged food, beverage and nutrition products.",2013,"Pennsylvania,  United States",https://www.kraftheinzcompany.com/,https://en.wikipedia.org/wiki/kraft_heinz,
277,S&P 500,,,Americas,North America,United States,KIM,Kimco Realty Corporation.,Residential & Commercial REIT,Real Estate Investment Trusts (REITs),"Owns, develops and manages shopping-centre and mixed-use real-estate assets.",2022,"New York,  United States",http://www.kimcorealty.com/,https://en.wikipedia.org/wiki/kimco_realty,
278,S&P 500,,,Americas,North America,United States,KKR,KKR & Co.,Investment Banking & Investment Services,Investment Services,"Provides alternative asset-management, capital-markets and insurance solutions.",2021,"New York,  United States","	kkr.com",https://en.wikipedia.org/wiki/Kohlberg_Kravis_Roberts,https://x.com/johnsoncontrols
279,S&P 500,,Nasdaq 100,Americas,North America,United States,KLAC,Kla Corporation,Semiconductors & Semiconductor Equipment,Semiconductors,"Develops semiconductor inspection, metrology and process-control technologies.",1975,"California,  United States",https://www.kla-tencor.com/,https://en.wikipedia.org/wiki/kla_corporation,https://x.com/jh_fintech
280,S&P 500,,,Americas,North America,United States,KMB,Kimberly-Clark Corporation,Personal & Household Products & Services,Household Products,"Develops, manufactures and markets household, tissue and personal-care products.",1928,"Texas,  United States",https://www.kimberly-clark.com/,https://en.wikipedia.org/wiki/kimberly-clark,https://x.com/jnjnews
281,S&P 500,,,Americas,North America,United States,KMI,"Kinder Morgan, Inc.",Oil & Gas Related Equipment and Services,Energy Equipment & Services,"Operates energy transportation, pipeline and storage infrastructure.",2006,"Texas,  United States",https://www.kindermorgan.com/,https://en.wikipedia.org/wiki/kinder_morgan,https://x.com/junipernetworks
282,S&P 500,DJIA,,Americas,North America,United States,KO,The Coca-Cola Company,Beverages,Food & Beverage,Produces and distributes non-alcoholic beverages and related consumer products.,1919,"Georgia,  United States",https://www.coca-cola.com/,https://en.wikipedia.org/wiki/coca-cola_company,https://x.com/kelloggcompany
283,S&P 500,,,Americas,North America,United States,KR,The Kroger Co.,Food & Drug Retailing,Food Retail,"Operates supermarkets, pharmacies and related food retail businesses.",1902,"Ohio,  United States",https://www.thekrogerco.com/,https://en.wikipedia.org/wiki/kroger_co.,https://x.com/keurig
284,S&P 500,,,Americas,North America,United States,KVUE,Kenvue,Personal & Household Products & Services,Household Products,"Develops, manufactures and markets consumer-health, personal-care and self-care products.",2022,"New Jersey,  United States","	kenvue.com",https://en.wikipedia.org/wiki/Kenvue,https://x.com/keybank
285,S&P 500,,,Americas,North America,United States,L,Loews Corporation,Insurance,Holding Companies,"Owns and manages diversified businesses, with additional activities or exposure across insurance, energy infrastructure and hospitality.",1969,"New York,  United States",http://www.loews.com/,https://en.wikipedia.org/wiki/loews_corp.,https://x.com/keysight
286,S&P 500,,,Americas,North America,United States,LDOS,"Leidos Holdings, Inc.",Software & IT Services,Professional Services,"Provides technology, engineering and digital services to government and defence organisations.",2005,"Virginia,  United States",https://www.leidos.com/,https://en.wikipedia.org/wiki/leidos_holdings,https://x.com/kraftheinzco
287,S&P 500,,,Americas,North America,United States,LEN,Lennar Corporation,Homebuilding & Construction Supplies,Residential Construction,"Develops residential communities, with additional activities or exposure across mortgage and financial services.",1991,"Florida,  United States",https://www.lennar.com/,https://en.wikipedia.org/wiki/lennar_corp.,https://x.com/kimcorealty
288,S&P 500,,,Americas,North America,United States,LH,Laboratory Corporation Of America Holdings,Healthcare Providers & Services,Healthcare Providers & Services,"Provides laboratory testing, diagnostics and clinical research services.",1994,"North Carolina,  United States",http://www.labcorp.com/,https://en.wikipedia.org/wiki/laboratory_corp._of_america_holding,https://x.com/kkr_co
289,S&P 500,,,Americas,North America,United States,LHX,"L3Harris Technologies, Inc.",Aerospace & Defense,Aerospace & Defense,"Develops aerospace, defence, communications and mission-critical technologies.",1926,"Florida,  United States",http://www.l3harris.com/,https://en.wikipedia.org/wiki/l3harris_technologies,https://x.com/klacorp
290,S&P 500,,,Americas,North America,United States,LII,Lennox International,"Machinery, Equipment & Components",Machinery,"Develops heating, ventilation, air-conditioning and refrigeration technologies.",1991,"Texas,  United States","	lennox.com",https://en.wikipedia.org/wiki/Lennox_International,https://x.com/kccorp
291,S&P 500,,Nasdaq 100,"Europe, The Middle East and Africa",Western Europe,United Kingdom,LIN,Linde Public Limited Company,Chemicals,Chemicals,"Produces industrial and medical gases, equipment and related engineering services.",2017,"Surrey,  United Kingdom",http://www.linde.com/,https://en.wikipedia.org/wiki/linde_plc,https://x.com/westpharma
292,S&P 500,,Nasdaq 100,Americas,North America,United States,LITE,Lumentum,Communications & Networking,Communications Equipment,"Develops optical networking, photonic and laser technologies.",2015,"California, United States",https://www.lumentum.com/,https://en.wikipedia.org/wiki/Lumentum,https://x.com/lumentum
293,S&P 500,,,Americas,North America,United States,LLY,Eli Lilly And Company,Pharmaceuticals,Pharmaceuticals,"Develops, manufactures and markets pharmaceutical products.",1901,"Indiana,  United States",http://lilly.com/,https://en.wikipedia.org/wiki/lilly_(eli)_%26_co.,https://x.com/carmax
294,S&P 500,,,Americas,North America,United States,LMT,Lockheed Martin Corporation,Aerospace & Defense,Aerospace & Defense,"Designs, manufactures and supports aerospace, defence and space technologies.",1994,"Maryland,  United States",http://www.lockheedmartin.com/,https://en.wikipedia.org/wiki/lockheed_martin_corp.,https://x.com/cocacola
295,S&P 500,,,Americas,North America,United States,LNT,Alliant Energy Corporation,Electrical Utilities & IPPs,Utilities,"Generates, transmits and distributes electricity and natural gas through regulated utility operations.",1981,"Wisconsin,  United States",http://www.alliantenergy.com/,https://en.wikipedia.org/wiki/alliant_energy_corp,https://x.com/kroger
296,S&P 500,,,Americas,North America,United States,LOW,"Lowe'S Companies, Inc.",Specialty Retailers,Retail,"Operates home-improvement retail businesses, with additional activities or exposure across installation services.",1952,"North Carolina,  United States",https://www.lowes.com/,https://en.wikipedia.org/wiki/lowe%27s_cos.,
297,S&P 500,,Nasdaq 100,Americas,North America,United States,LRCX,Lam Research Corporation,Semiconductors & Semiconductor Equipment,Semiconductors,Develops semiconductor manufacturing equipment and related technologies.,1989,"California,  United States",https://www.lamresearch.com/,https://en.wikipedia.org/wiki/lam_research,
298,S&P 500,,,Americas,North America,Canada,LULU,Lululemon Athletica Inc.,Textiles & Apparel,Textiles & Apparel,"Designs, manufactures and markets athletic apparel, footwear and related lifestyle products.",2005,"Vancouver,  Canada","	lululemon.com",https://en.wikipedia.org/wiki/Lululemon,https://x.com/leidosinc
299,S&P 500,,,Americas,North America,United States,LUV,Southwest Airlines Co.,Passenger Transportation Services,Transportation,Provides passenger airline transportation services.,1967,"Texas,  United States",http://www.southwest.com/,https://en.wikipedia.org/wiki/southwest_airlines,https://x.com/lennar
300,S&P 500,,,Americas,North America,United States,LVS,Las Vegas Sands Corp.,Hotels & Entertainment Services,"Leisure, Hospitality & Travel","Owns, develops and operates integrated resorts, hotels, gaming and entertainment destinations.",2004,"Nevada,  United States",https://www.sands.com/,https://en.wikipedia.org/wiki/las_vegas_sands,https://x.com/LABCORP
301,S&P 500,,,"Europe, The Middle East and Africa",Western Europe,United Kingdom,LYB,Lyondellbasell Industries Nv,Chemicals,Chemicals,"Develops, manufactures and supplies industrial chemicals, polymers and advanced materials.",2009,"London,  United Kingdom",http://www.lyondellbasell.com/,https://en.wikipedia.org/wiki/lyondellbasell,https://x.com/wtwcorporate
302,S&P 500,,,Americas,North America,United States,LYV,"Live Nation Entertainment, Inc.",Media & Publishing,Media,"Operates live entertainment, ticketing and event promotion platforms.",2005,"California,  United States",http://www.livenationentertainment.com/,https://en.wikipedia.org/wiki/live_nation_entertainment,
303,S&P 500,,,Americas,North America,United States,MA,Mastercard Incorporated.,Software & IT Services,FinTech,Develops payment-network technologies and digital financial infrastructure.,2001,"New York,  United States",https://www.mastercard.us/,https://en.wikipedia.org/wiki/mastercard_inc.,https://x.com/lindeplc
304,S&P 500,,,Americas,North America,United States,MAA,"Mid-America Apartment Communities, Inc.",Residential & Commercial REIT,Real Estate Investment Trusts (REITs),"Owns, develops and manages residential apartment communities.",1993,"Tennessee,  United States",http://www.maac.com/,https://en.wikipedia.org/wiki/mid-america_apartments,https://x.com/lkqcorp
305,S&P 500,,Nasdaq 100,Americas,North America,United States,MAR,"Marriott International, Inc.",Hotels & Entertainment Services,"Leisure, Hospitality & Travel","Operates, franchises and manages hotels, resorts and hospitality services.",1997,"Maryland,  United States",https://www.marriott.com/,https://en.wikipedia.org/wiki/marriott_int%27l.,https://x.com/lillypad
306,S&P 500,,,Americas,North America,United States,MAS,Masco Corporation,Homebuilding & Construction Supplies,Residential Construction,"Develops, manufactures and supplies building products, plumbing systems and home-improvement solutions.",1962,"Michigan,  United States",http://masco.com/,https://en.wikipedia.org/wiki/masco_corp.,https://x.com/lockheedmartin
307,S&P 500,DJIA,,Americas,North America,United States,MCD,Mcdonald'S Corporation,Hotels & Entertainment Services,"Leisure, Hospitality & Travel",Operates quick-service restaurant brands and related food-service operations.,1964,"Illinois,  United States",https://corporate.mcdonalds.com/,https://en.wikipedia.org/wiki/McDonald%27s,https://x.com/alliantenergy
308,S&P 500,,Nasdaq 100,Americas,North America,United States,MCHP,Microchip Technology Incorporated,Semiconductors & Semiconductor Equipment,Semiconductors,"Designs, manufactures and supplies embedded semiconductor and connectivity technologies.",1989,"Arizona,  United States",https://www.microchip.com/,https://en.wikipedia.org/wiki/microchip_technology,https://x.com/lowes
309,S&P 500,,,Americas,North America,United States,MCK,Mckesson Corporation,Pharmaceuticals,Healthcare Providers & Services,"Distributes pharmaceuticals and medical products, with additional activities across healthcare technology and oncology services.",1994,"Texas,  United States",http://www.mckesson.com/,https://en.wikipedia.org/wiki/mckesson_corp.,https://x.com/lamresearch
310,S&P 500,,,Americas,North America,United States,MCO,Moody'S Corporation,Professional & Commercial Services,Professional Services,"Provides credit ratings, financial analytics and risk-management services.",2000,"New York,  United States",http://www.moodys.com/,https://en.wikipedia.org/wiki/moody%27s_corp,https://x.com/lululemon
311,S&P 500,,Nasdaq 100,Americas,North America,United States,MDLZ,"Mondelez International, Inc.",Food & Tobacco,Food & Beverage,"Develops, manufactures and markets snack foods, confectionery and beverage products.",2005,"Illinois,  United States",https://www.mondelezinternational.com/,,https://x.com/southwestair
312,S&P 500,,,"Europe, The Middle East and Africa",Western Europe,Ireland,MDT,Medtronic Public Limited Company,Healthcare Equipment & Supplies,Medical Devices,"Develops medical devices, surgical technologies and healthcare solutions.",2014,"Dublin,  Ireland",http://www.medtronic.com/,https://en.wikipedia.org/wiki/medtronic_plc,https://x.com/weyerhaeuser
313,,,Nasdaq 100,Americas,Latin America,Uruguay,MELI,"Mercadolibre, Inc.",Software & IT Services,Technology Platforms,"Operates digital marketplaces, payment platforms and logistics services.",1999,"Montevideo,  Uruguay","	mercadolibre.com",https://en.wikipedia.org/wiki/Mercado_Libre,https://x.com/lasvegassands
314,S&P 500,,,Americas,North America,United States,MET,"Metlife, Inc.",Insurance,Insurance,"Provides insurance, retirement and asset-management services.",1999,"New York,  United States",http://www.metlife.com/,https://en.wikipedia.org/wiki/metlife_inc.,https://x.com/lambweston
315,S&P 500,,Nasdaq 100,Americas,North America,United States,META,"Meta Platforms, Inc.",Software & IT Services,Technology Platforms,"Develops digital communication platforms, advertising technologies and artificial intelligence services.",2004,"California,  United States",https://about.fb.com/,"https://en.wikipedia.org/wiki/facebook,_inc.",https://x.com/lyondellbasell
316,S&P 500,,,Americas,North America,United States,MGM,Mgm Resorts International,Hotels & Entertainment Services,"Leisure, Hospitality & Travel","Operates integrated resorts, gaming, entertainment and hospitality businesses.",1986,"Nevada,  United States",https://www.mgmresorts.com/,https://en.wikipedia.org/wiki/mgm_resorts_international,https://x.com/livenation
317,S&P 500,,,Americas,North America,United States,MKC,"Mccormick & Company, Incorporated",Food & Tobacco,Food & Beverage,"Develops, manufactures and markets herbs, spices, seasonings and food ingredients.",1915,"Maryland,  United States",https://www.mccormickcorporation.com/,https://en.wikipedia.org/wiki/mccormick_%26_co.,
318,S&P 500,,,Americas,North America,United States,MLM,"Martin Marietta Materials, Inc.",Construction Materials,Construction Materials,"Produces aggregates, cement and other construction materials.",1993,"North Carolina,  United States",http://www.martinmarietta.com/,https://en.wikipedia.org/wiki/martin_marietta_materials,
319,S&P 500,DJIA,,Americas,North America,United States,MMM,3M Company,Consumer Goods Conglomerates,Industrials,"Develops diversified industrial, safety, healthcare and electronic products.",1929,"Minnesota,  United States",https://www.3m.com/,https://en.wikipedia.org/wiki/3m,https://x.com/microchiptech
320,S&P 500,,Nasdaq 100,Americas,North America,United States,MNST,Monster Beverage Corporation,Beverages,Food & Beverage,"Develops, manufactures and markets energy drinks and related beverages.",2014,"California,  United States",https://www.monsterbevcorp.com/,https://en.wikipedia.org/wiki/monster_beverage,https://x.com/mckesson
321,S&P 500,,,Americas,North America,United States,MO,"Altria Group, Inc.",Food & Tobacco,Food & Beverage,"Develops, manufactures and markets tobacco and nicotine products.",2009,"Virginia,  United States",http://www.altria.com/,https://en.wikipedia.org/wiki/altria_group_inc,https://x.com/moodyscorp
322,S&P 500,,,Americas,North America,United States,MOS,The Mosaic Company,Chemicals,Chemicals,"Produces crop nutrients, fertilisers and agricultural chemicals.",2004,"Florida,  United States",http://www.mosaicco.com/,https://en.wikipedia.org/wiki/the_mosaic_company,https://x.com/medtronic
323,S&P 500,,,Americas,North America,United States,MPC,Marathon Petroleum Corporation,Oil & Gas,Oil & Gas,"Refines, markets and distributes petroleum products and related energy infrastructure services.",2009,"Ohio,  United States",https://www.marathonpetroleum.com/,https://en.wikipedia.org/wiki/marathon_petroleum,
324,S&P 500,,Nasdaq 100,Americas,North America,United States,MPWR,"Monolithic Power Systems, Inc.",Semiconductors & Semiconductor Equipment,Semiconductors,Designs power-management semiconductor technologies.,2004,"Washington,  United States",https://www.monolithicpower.com,https://en.wikipedia.org/wiki/monolithic_power_systems,https://x.com/metlife
325,S&P 500,DJIA,,Americas,North America,United States,MRK,"Merck & Co., Inc.",Pharmaceuticals,Pharmaceuticals,"Develops pharmaceuticals, vaccines and animal-health products.",1970,"New Jersey,  United States",http://investor.travelers.com/,https://en.wikipedia.org/wiki/merck_%26_co.,https://x.com/meta
326,S&P 500,,,Americas,North America,United States,MRNA,"Moderna, Inc.",Pharmaceuticals,Biotechnology,"Develops messenger-RNA medicines, vaccines and biotechnology therapies.",2016,"Massachusetts,  United States",https://www.modernatx.com,https://en.wikipedia.org/wiki/moderna,https://x.com/mgmresortsintl
327,S&P 500,,,Americas,North America,United States,MRSH,Marsh McLennan,Insurance,Insurance,"Provides insurance brokerage, reinsurance and risk advisory services.",1871,"New York, United States",https://www.marshmclennan.com/,https://en.wikipedia.org/wiki/Marsh_McLennan,https://x.com/marshmclennan
328,S&P 500,,Nasdaq 100,Americas,North America,United States,MRVL,"Marvell Technology, Inc",Semiconductors & Semiconductor Equipment,Semiconductors,"Designs semiconductor technologies for networking, data-centre and AI infrastructure.",2020,"Delaware,  United States","	marvell.com",https://en.wikipedia.org/wiki/Marvell_Technology,
329,S&P 500,,,Americas,North America,United States,MS,Morgan Stanley,Investment Banking & Investment Services,Investment Services,"Provides investment banking, wealth management and investment-management services.",1981,"New York,  United States",http://www.morganstanley.com/,https://en.wikipedia.org/wiki/morgan_stanley,https://x.com/mccormickcorp
330,S&P 500,,,Americas,North America,United States,MSCI,Msci Inc.,Professional & Commercial Services,Investment Services,"Develops market indices, portfolio analytics and investment research services.",1998,"New York,  United States",http://www.msci.com/,https://en.wikipedia.org/wiki/msci_inc,https://x.com/marketaxess
331,S&P 500,DJIA,Nasdaq 100,Americas,North America,United States,MSFT,Microsoft Corporation,Software & IT Services,Software & Digital Services,"Develops enterprise software, cloud platforms and artificial intelligence technologies.",1993,"Washington,  United States",https://www.microsoft.com/,https://en.wikipedia.org/wiki/microsoft_corp.,https://x.com/martinmarietta
332,S&P 500,,,Americas,North America,United States,MSI,"Motorola Solutions, Inc.",Communications & Networking,Communications Equipment,"Develops communications, public-safety and security technologies.",1973,"Illinois,  United States",https://www.motorolasolutions.com/,https://en.wikipedia.org/wiki/motorola_solutions_inc.,https://x.com/marshmclennan
333,,,Nasdaq 100,Americas,North America,United States,MSTR,MicroStrategy,Software & IT Services,Software & Digital Services,"Develops enterprise analytics software, with additional activities across digital asset treasury management.",1989,"Virginia,  United States","	strategysoftware.com",https://en.wikipedia.org/wiki/MicroStrategy,https://x.com/3m
334,S&P 500,,,Americas,North America,United States,MTB,M&T Bank Corporation,Banking Services,Banking,"Provides retail, commercial and institutional banking services.",1969,"New York,  United States",http://www.mtb.com/,https://en.wikipedia.org/wiki/m%26t_bank_corp.,https://x.com/monsterenergy
335,S&P 500,,,Americas,North America,United States,MTD,Mettler-Toledo International Inc.,Office Equipment,Office Equipment,"Develops laboratory instruments, precision measurement and industrial weighing systems.",1991,"Ohio,  United States",http://www.mt.com/,https://en.wikipedia.org/wiki/mettler_toledo,https://x.com/molinahealth
336,S&P 500,,Nasdaq 100,Americas,North America,United States,MU,"Micron Technology, Inc.",Semiconductors & Semiconductor Equipment,Semiconductors,"Develops memory, storage and semiconductor technologies.",1984,"Idaho,  United States",https://www.micron.com/,https://en.wikipedia.org/wiki/micron_technology,https://x.com/mosaiccompany
337,,,Nasdaq 100,"Europe, The Middle East and Africa",Western Europe,Netherlands,NBIS,Nebius Group,Professional & Commercial Services,Technology Platforms,Develops artificial intelligence cloud infrastructure and related technology platforms.,1989,"Amsterdam, Netherlands",https://nebius.com/,https://en.wikipedia.org/wiki/Nebius_Group,https://x.com/nebiusai
338,S&P 500,,,Americas,North America,United States,NCLH,Norwegian Cruise Line Holdings Ltd.,Hotels & Entertainment Services,"Leisure, Hospitality & Travel",Operates global cruise and travel businesses.,2011,"Florida,  United States",http://www.nclhltd.com/,https://en.wikipedia.org/wiki/norwegian_cruise_line_holdings,https://x.com/marathonpetroco
339,S&P 500,,,Americas,North America,United States,NDAQ,"Nasdaq, Inc.",Investment Banking & Investment Services,Investment Services,"Operates exchange infrastructure, capital-markets technology and financial platforms.",1979,"New York,  United States",http://www.nasdaq.com/,"https://en.wikipedia.org/wiki/nasdaq,_inc.",https://x.com/monolithicpower
340,S&P 500,,,Americas,North America,United States,NDSN,Nordson Corporation,"Machinery, Equipment & Components",Machinery,"Develops precision dispensing, fluid-management and industrial automation technologies.",1935,"Ohio,  United States",https://www.nordson.com,https://en.wikipedia.org/wiki/nordson_corporation,https://x.com/merck
341,S&P 500,,,Americas,North America,United States,NEE,"Nextera Energy, Inc.",Electrical Utilities & IPPs,Utilities,"Generates, transmits and distributes electricity, with additional activities across renewable energy.",1984,"Florida,  United States",http://www.nexteraenergy.com/,https://en.wikipedia.org/wiki/nextera_energy,https://x.com/moderna_tx
342,S&P 500,,,Americas,North America,United States,NEM,Newmont Corporation,Metals & Mining,Mining,Produces gold and other industrial and precious metals.,2001,"Colorado,  United States",http://www.newmont.com/,https://en.wikipedia.org/wiki/newmont_corporation,
343,S&P 500,,Nasdaq 100,Americas,North America,United States,NFLX,"Netflix, Inc.",Software & IT Services,Media,Develops and operates digital streaming and entertainment platforms.,1997,"California,  United States",http://www.netflix.com/,https://en.wikipedia.org/wiki/netflix_inc.,https://x.com/morganstanley
344,S&P 500,,,Americas,North America,United States,NI,Nisource Inc.,Multiline Utilities,Utilities,"Generates, transmits and distributes electricity and natural gas through regulated utility operations.",2000,"Indiana,  United States",http://www.nisource.com/,https://en.wikipedia.org/wiki/nisource_inc.,https://x.com/msci_inc
345,S&P 500,DJIA,,Americas,North America,United States,NKE,"Nike, Inc.",Textiles & Apparel,Textiles & Apparel,"Designs, manufactures and markets athletic footwear, apparel and related lifestyle products.",1969,"Oregon,  United States",https://www.nike.com/,"https://en.wikipedia.org/wiki/nike,_inc.",https://x.com/microsoft
346,S&P 500,,,Americas,North America,United States,NOC,Northrop Grumman Corporation,Aerospace & Defense,Aerospace & Defense,"Develops aerospace, defence and space technologies.",2010,"Virginia,  United States",http://www.northropgrumman.com/,https://en.wikipedia.org/wiki/northrop_grumman,https://x.com/motosolutions
347,S&P 500,,,Americas,North America,United States,NOW,"Servicenow, Inc.",Software & IT Services,Software & Digital Services,"Develops enterprise workflow, automation and artificial intelligence platforms.",2012,"California,  United States",https://www.servicenow.com/,https://en.wikipedia.org/wiki/servicenow,https://x.com/MicroStrategy
348,S&P 500,,,Americas,North America,United States,NRG,"Nrg Energy, Inc.",Electrical Utilities & IPPs,Utilities,Generates and supplies electricity and energy services to residential and commercial customers.,1992,"Texas,  United States",http://www.nrg.com/,https://en.wikipedia.org/wiki/nrg_energy,https://x.com/mandt_bank
349,S&P 500,,,Americas,North America,United States,NSC,Norfolk Southern Corporation,Freight & Logistics Services,Logistics,Provides rail freight transportation and logistics services.,2009,"Georgia,  United States",http://www.norfolksouthern.com/,https://en.wikipedia.org/wiki/norfolk_southern_corp.,https://x.com/match
350,S&P 500,,,Americas,North America,United States,NTAP,"Netapp, Inc.","Computers, Phones & Household Electronics",Technology Platforms,"Develops enterprise data-storage, cloud infrastructure and data-management technologies.",2001,"California,  United States",https://www.netapp.com/,https://en.wikipedia.org/wiki/netapp,https://x.com/mettlertoledo
351,S&P 500,,,Americas,North America,United States,NTRS,Northern Trust Corporation,Investment Banking & Investment Services,Investment Services,"Provides asset servicing, wealth management, custody and investment-management services.",1971,"Illinois,  United States",http://www.northerntrust.com/,https://en.wikipedia.org/wiki/northern_trust_corp.,https://x.com/microntech
352,S&P 500,,,Americas,North America,United States,NUE,Nucor Corporation,Metals & Mining,Mining,"Produces steel, fabricated steel products and recycled metal materials.",1958,"North Carolina,  United States",http://www.nucor.com/,https://en.wikipedia.org/wiki/nucor_corp.,https://x.com/cruisenorwegian
353,S&P 500,DJIA,Nasdaq 100,Americas,North America,United States,NVDA,Nvidia Corporation,Semiconductors & Semiconductor Equipment,Semiconductors,"Develops accelerated computing, artificial intelligence and semiconductor technologies.",1998,"California,  United States",https://www.nvidia.com/,https://en.wikipedia.org/wiki/nvidia_corporation,https://x.com/nasdaq
354,S&P 500,,,Americas,North America,United States,NVR,"Nvr, Inc.",Homebuilding & Construction Supplies,Residential Construction,Develops residential housing communities and mortgage-financing services.,1993,"Virginia,  United States",http://www.nvrinc.com/,"https://en.wikipedia.org/wiki/nvr,_inc.",https://x.com/nordson_corp
355,S&P 500,,,Americas,North America,United States,NWS,News Corporation,Media & Publishing,Media,"Develops and distributes news, publishing and digital media services.",2012,"New York,  United States",https://newscorp.com/,https://en.wikipedia.org/wiki/news_corp._class_b,https://x.com/nexteraenergy
356,S&P 500,,,Americas,North America,United States,NWSA,News Corporation,Media & Publishing,Media,"Develops and distributes news, publishing and digital media services.",2012,"New York,  United States",https://newscorp.com/,https://en.wikipedia.org/wiki/news_corp._class_a,https://x.com/newmontcorp
357,S&P 500,,Nasdaq 100,"Europe, The Middle East and Africa",Western Europe,Netherlands,NXPI,NXP  Semiconductors Nv,Semiconductors & Semiconductor Equipment,Semiconductors,"Develops semiconductor technologies for automotive, industrial and connected devices.",2010,"Eindhoven,  Netherlands",https://www.nxp.com,https://en.wikipedia.org/wiki/nxp_semiconductors,
358,S&P 500,,,Americas,North America,United States,O,Realty Income Corporation,Residential & Commercial REIT,Real Estate Investment Trusts (REITs),Owns and manages commercial real-estate leased under long-term agreements.,1997,"California,  United States",http://www.realtyincome.com/,https://en.wikipedia.org/wiki/realty_income_corporation,https://x.com/netflix
359,S&P 500,,Nasdaq 100,Americas,North America,United States,ODFL,"Old Dominion Freight Line, Inc.",Freight & Logistics Services,Logistics,Provides freight transportation and logistics services.,1999,"North Carolina,  United States",http://www.odfl.com/,https://en.wikipedia.org/wiki/old_dominion_freight_line,https://x.com/nisourceinc
360,S&P 500,,,Americas,North America,United States,OKE,"Oneok, Inc.",Oil & Gas Related Equipment and Services,Energy Equipment & Services,"Operates natural-gas and liquids gathering, processing, storage and pipeline infrastructure.",1997,"Oklahoma,  United States",https://www.oneok.com/,https://en.wikipedia.org/wiki/oneok,https://x.com/nike
361,S&P 500,,,Americas,North America,United States,OMC,Omnicom Group Inc.,Media & Publishing,Media,"Provides advertising, marketing, branding and communications services.",1944,"New York,  United States",https://www.omnicomgroup.com/,https://en.wikipedia.org/wiki/omnicom_group,https://x.com/northropgrumman
362,S&P 500,,,Americas,North America,United States,ON,On Semiconductor Corporation,Semiconductors & Semiconductor Equipment,Semiconductors,Develops power-management and intelligent sensing semiconductor technologies.,2000,"Arizona,  United States",https://www.onsemi.com,https://en.wikipedia.org/wiki/onsemi,https://x.com/servicenow
363,S&P 500,,,Americas,North America,United States,ORCL,Oracle Corporation,Software & IT Services,Software & Digital Services,"Develops enterprise software, cloud infrastructure and database technologies.",2005,"Texas,  United States",https://www.oracle.com/,https://en.wikipedia.org/wiki/oracle_corp.,https://x.com/nrgenergy
364,S&P 500,,Nasdaq 100,Americas,North America,United States,ORLY,"O'Reilly Automotive, Inc.",Specialty Retailers,Retail,"Operates specialty retail stores supplying automotive parts, tools and maintenance products.",2010,"Missouri,  United States",https://corporate.oreillyauto.com/,https://en.wikipedia.org/wiki/o%27reilly_automotive,https://x.com/nscorp
365,S&P 500,,,Americas,North America,United States,OTIS,Otis Worldwide Corporation,"Machinery, Equipment & Components",Machinery,"Designs, manufactures, installs and services elevators and escalators.",2019,"Connecticut,  United States",http://www.otis.com/,https://en.wikipedia.org/wiki/otis_worldwide,https://x.com/netapp
366,S&P 500,,,Americas,North America,United States,OXY,Occidental Petroleum Corporation,Oil & Gas,Oil & Gas,"Explores, produces and markets oil and natural gas, with additional midstream activities.",1986,"Texas,  United States",https://www.oxy.com/,https://en.wikipedia.org/wiki/occidental_petroleum,https://x.com/northerntrust
367,S&P 500,,Nasdaq 100,Americas,North America,United States,PANW,"Palo Alto Networks, Inc.",Software & IT Services,Cybersecurity,"Develops cybersecurity platforms for network, cloud and identity protection.",2005,"California,  United States",http://paloaltonetworks.com,https://en.wikipedia.org/wiki/Palo_Alto_Networks,https://x.com/nucorcorp
368,S&P 500,,Nasdaq 100,Americas,North America,United States,PAYX,"Paychex, Inc.",Professional & Commercial Services,Professional Services,"Provides payroll, human resources and workforce-management solutions.",1979,"New York,  United States",https://www.paychex.com/,https://en.wikipedia.org/wiki/paychex_inc.,https://x.com/newscorp
369,S&P 500,,Nasdaq 100,Americas,North America,United States,PCAR,Paccar Inc,"Machinery, Equipment & Components",Machinery,"Designs, manufactures and finances commercial trucks and related vehicles.",1971,"Washington,  United States",https://www.paccar.com/,https://en.wikipedia.org/wiki/paccar_inc.,https://x.com/newscorp
370,S&P 500,,,Americas,North America,United States,PCG,Pg&E Corporation,Electrical Utilities & IPPs,Utilities,"Generates, transmits and distributes electricity and natural gas.",1995,"California,  United States",https://www.pgecorp.com,https://en.wikipedia.org/wiki/pacific_gas_and_electric_company,https://x.com/nxp
371,,,Nasdaq 100,"Europe, The Middle East and Africa",Western Europe,Ireland,PDD,Pdd Holdings Inc.,Software & IT Services,Technology Platforms,Operates global digital marketplace platforms and commerce infrastructure.,2015,"Dublin,  Ireland","	pinduoduo.com",https://en.wikipedia.org/wiki/Pinduoduo,https://x.com/xcelenergy
372,S&P 500,,,Americas,North America,United States,PEG,Public Service Enterprise Group Incorporated,Multiline Utilities,Utilities,"Generates, transmits and distributes electricity and natural gas.",1985,"New Jersey,  United States",http://www.pseg.com/,https://en.wikipedia.org/wiki/public_service_enterprise_group,https://x.com/realtyincome
373,S&P 500,,Nasdaq 100,Americas,North America,United States,PEP,"Pepsico, Inc.",Beverages,Food & Beverage,"Develops, manufactures and markets beverages and convenient food products.",1986,"New York,  United States",https://www.pepsico.com/,https://en.wikipedia.org/wiki/pepsico_inc.,https://x.com/odfl_inc
374,S&P 500,,,Americas,North America,United States,PFE,Pfizer Inc.,Pharmaceuticals,Pharmaceuticals,"Develops, manufactures and markets biopharmaceutical products and vaccines.",1942,"New York,  United States",https://www.pfizer.co.uk/,https://en.wikipedia.org/wiki/pfizer_inc.,https://x.com/oneok
375,S&P 500,,,Americas,North America,United States,PFG,"Principal Financial Group, Inc.",Insurance,Insurance,"Provides insurance, retirement and investment-management services.",2001,"Iowa,  United States",http://www.principal.com/,https://en.wikipedia.org/wiki/principal_financial_group,https://x.com/omnicom
376,S&P 500,DJIA,,Americas,North America,United States,PG,The Procter & Gamble Company,Personal & Household Products & Services,Household Products,"Develops, manufactures and markets branded household and personal-care products.",1905,"Ohio,  United States",https://www.pg.co.uk/,https://en.wikipedia.org/wiki/Procter_%26_Gamble,https://x.com/onsemiconductor
377,S&P 500,,,Americas,North America,United States,PGR,The Progressive Corporation,Insurance,Insurance,Provides personal and commercial insurance products.,1965,"Ohio,  United States",http://www.progressive.com/,https://en.wikipedia.org/wiki/progressive_corp.,https://x.com/oracle
378,S&P 500,,,Americas,North America,United States,PH,Parker-Hannifin Corporation,"Machinery, Equipment & Components",Machinery,"Develops motion-control, fluid-power and industrial-engineering technologies.",1938,"Ohio,  United States",http://www.parker.com/,https://en.wikipedia.org/wiki/parker-hannifin,https://x.com/oreillyauto
379,S&P 500,,,Americas,North America,United States,PHM,"Pultegroup, Inc.",Homebuilding & Construction Supplies,Residential Construction,Develops residential housing communities and related financing services.,1987,"Georgia,  United States",https://www.pulte.com/,https://en.wikipedia.org/wiki/pultegroup,https://x.com/otiselevatorco
380,S&P 500,,,Americas,North America,United States,PKG,Packaging Corporation Of America,Containers & Packaging,Packaging,"Produces packaging, containerboard and paper products.",1999,"Illinois,  United States",http://www.packagingcorp.com/,https://en.wikipedia.org/wiki/packaging_corporation_of_america,https://x.com/weareoxy
381,S&P 500,,,Americas,North America,United States,PLD,"Prologis, Inc.",Residential & Commercial REIT,Real Estate Investment Trusts (REITs),"Owns, develops and manages logistics and industrial real-estate assets.",1997,"California,  United States",http://www.prologis.com/,https://en.wikipedia.org/wiki/prologis,https://x.com/PaloAltoNtwks
382,S&P 500,,Nasdaq 100,Americas,North America,United States,PLTR,Palantir Technologies,Software & IT Services,Software & Digital Services,"Develops enterprise analytics, artificial intelligence and decision-support platforms.",2003,"Colorado,  United States","	palantir.com",https://en.wikipedia.org/wiki/Palantir_Technologies,https://x.com/paramountco
383,S&P 500,,,Americas,North America,United States,PM,Philip Morris International Inc.,Food & Tobacco,Food & Beverage,Develops and markets tobacco and smoke-free nicotine products.,2007,"Connecticut,  United States",https://www.pmi.com/,https://en.wikipedia.org/wiki/philip_morris_international,https://x.com/paycom
384,S&P 500,,,Americas,North America,United States,PNC,"The Pnc Financial Services Group, Inc.",Banking Services,Banking,"Provides retail, commercial and institutional banking services.",1983,"Pennsylvania,  United States",http://www.pnc.com/,https://en.wikipedia.org/wiki/pnc_financial_services,https://x.com/paychex
385,S&P 500,,,"Europe, The Middle East and Africa",Western Europe,United Kingdom,PNR,Pentair Public Limited Company,"Machinery, Equipment & Components",Machinery,"Develops water-treatment, fluid-management and pool technologies.",2013,"London,  United Kingdom",http://www.pentair.com/,https://en.wikipedia.org/wiki/pentair,https://x.com/exxonmobil
386,S&P 500,,,Americas,North America,United States,PNW,Pinnacle West Capital Corporation,Electrical Utilities & IPPs,Utilities,"Generates, transmits and distributes electricity.",1985,"Arizona,  United States",http://www.pinnaclewest.com/,https://en.wikipedia.org/wiki/pinnacle_west_capital,
387,S&P 500,,,Americas,North America,United States,PODD,Insulet Corporation,Healthcare Equipment & Supplies,Medical Devices,Develops insulin-delivery medical devices and diabetes-care technologies.,2000,"Massachusetts,  United States",https://www.insulet.com,,https://x.com/pge4me
389,S&P 500,,,Americas,North America,United States,PPG,"Ppg Industries, Inc.",Chemicals,Chemicals,"Develops paints, coatings and specialty chemical products.",1883,"Pennsylvania,  United States",http://www.ppg.com/,https://en.wikipedia.org/wiki/ppg_industries,https://x.com/psegnews
390,S&P 500,,,Americas,North America,United States,PPL,Ppl Corporation,Multiline Utilities,Utilities,"Generates, transmits and distributes electricity and natural gas.",1994,"Pennsylvania,  United States",http://www.pplweb.com/,https://en.wikipedia.org/wiki/ppl_corp.,https://x.com/pepsi
391,S&P 500,,,Americas,North America,United States,PRU,"Prudential Financial, Inc.",Insurance,Insurance,"Provides insurance, retirement and investment-management services.",1999,"New Jersey,  United States",http://www.prudential.com/,https://en.wikipedia.org/wiki/prudential_financial,https://x.com/pfizer
392,S&P 500,,,Americas,North America,United States,PSA,Public Storage Operating Company,Residential & Commercial REIT,Real Estate Investment Trusts (REITs),Owns and operates self-storage real-estate facilities.,2007,"California,  United States",http://www.publicstorage.com/,https://en.wikipedia.org/wiki/public_storage,https://x.com/principal
393,S&P 500,,,Americas,North America,United States,PSKY,Paramount Skydance Corporation,Media & Publishing,Media,"Produces and distributes television, film and streaming entertainment.",2025,"California,  United States",http://www.paramount.com/,https://en.wikipedia.org/wiki/Paramount_Skydance,
394,S&P 500,,,Americas,North America,United States,PSX,Phillips 66,Oil & Gas,Oil & Gas,"Refines, transports and markets petroleum and petrochemical products.",2011,"Texas,  United States",http://www.phillips66.com/,https://en.wikipedia.org/wiki/phillips_66,https://x.com/proctergamble
395,S&P 500,,,Americas,North America,United States,PTC,Ptc Inc.,Software & IT Services,Software & Digital Services,"Develops engineering, CAD and product lifecycle management software.",1985,"Massachusetts,  United States",https://www.ptc.com,https://en.wikipedia.org/wiki/ptc_(software_company),https://x.com/progressive
396,S&P 500,,,Americas,North America,United States,PWR,"Quanta Services, Inc.",Construction & Engineering,Construction & Engineering,"Designs, builds and maintains energy and communications infrastructure.",1997,"Texas,  United States",http://www.quantaservices.com/,https://en.wikipedia.org/wiki/quanta_services_inc.,https://x.com/parkerhannifin
397,S&P 500,,Nasdaq 100,Americas,North America,United States,PYPL,"Paypal Holdings, Inc.",Professional & Commercial Services,FinTech,"Develops digital payment platforms, merchant services and financial technologies.",2015,"California,  United States",http://www.paypal.com/,https://en.wikipedia.org/wiki/paypal,https://x.com/pultegroupnews
398,S&P 500,,,Americas,North America,United States,Q,Qnity Electronics,Semiconductors & Semiconductor Equipment,Semiconductors,Develops materials and manufacturing solutions for semiconductor production.,2024,"Delaware,  United States",qnityelectronics.com,,
399,S&P 500,,Nasdaq 100,Americas,North America,United States,QCOM,Qualcomm Incorporated,Semiconductors & Semiconductor Equipment,Semiconductors,Develops wireless semiconductor and communications technologies.,1991,"California,  United States",https://www.qualcomm.com/,https://en.wikipedia.org/wiki/qualcomm_inc.,https://x.com/packagingcorp
400,S&P 500,,,Americas,North America,United States,RCL,Royal Caribbean Cruises Ltd.,Hotels & Entertainment Services,"Leisure, Hospitality & Travel",Operates global cruise and travel businesses.,1985,"Florida,  United States",https://www.royalcaribbean.co.uk/,https://en.wikipedia.org/wiki/royal_caribbean_group,https://x.com/prologis
401,S&P 500,,,Americas,North America,United States,REG,Regency Centers Corporation,Residential & Commercial REIT,Real Estate Investment Trusts (REITs),"Owns, develops and manages retail shopping-centre real-estate assets.",1993,"Florida,  United States",http://www.regencycenters.com/,https://en.wikipedia.org/wiki/regency_centers_corporation,
402,S&P 500,,Nasdaq 100,Americas,North America,United States,REGN,"Regeneron Pharmaceuticals, Inc.",Pharmaceuticals,Biotechnology,"Develops, manufactures and commercialises biotechnology medicines for serious diseases.",1988,"New York,  United States",https://www.regeneron.com/,https://en.wikipedia.org/wiki/regeneron_pharmaceuticals,https://x.com/insidepmi
403,S&P 500,,,Americas,North America,United States,RF,Regions Financial Corporation,Banking Services,Banking,"Provides retail, commercial and wealth-management banking services.",2004,"Alabama,  United States",http://www.regions.com/,https://en.wikipedia.org/wiki/regions_financial_corp.,
404,S&P 500,,,Americas,North America,United States,RJF,"Raymond James Financial, Inc.",Banking Services,Investment Services,"Provides investment banking, asset management, wealth management and brokerage services.",1974,"Florida,  United States",http://www.raymondjames.com/,https://en.wikipedia.org/wiki/raymond_james_financial_inc.,https://x.com/pentair
405,,,Nasdaq 100,Americas,North America,United States,RKLB,Rocket Lab,Aerospace & Defense,Aerospace & Defense,"Designs, manufactures and launches rockets, spacecraft and satellite systems.",2006,"California, United States",https://www.rocketlabusa.com/,https://en.wikipedia.org/wiki/Rocket_Lab,https://x.com/rocketlab
406,S&P 500,,,Americas,North America,United States,RL,Ralph Lauren Corporation,Textiles & Apparel,Textiles & Apparel,"Designs, markets and distributes luxury apparel, accessories and lifestyle products.",1997,"New York,  United States",https://corporate.ralphlauren.com/,https://en.wikipedia.org/wiki/ralph_lauren_corporation,
407,S&P 500,,,Americas,North America,United States,RMD,Resmed Inc.,Healthcare Equipment & Supplies,Medical Devices,Develops respiratory medical devices and connected digital-health software.,1994,"California,  United States",http://www.resmed.com/,https://en.wikipedia.org/wiki/resmed,
408,S&P 500,,,Americas,North America,United States,ROK,"Rockwell Automation, Inc.","Machinery, Equipment & Components",Machinery,"Develops industrial automation, control systems and digital manufacturing technologies.",1996,"Wisconsin,  United States",http://www.rockwellautomation.com/,https://en.wikipedia.org/wiki/rockwell_automation_inc.,https://x.com/poolcorp
409,S&P 500,,,Americas,North America,United States,ROL,"Rollins, Inc.",Professional & Commercial Services,Professional Services,Provides pest-control and environmental protection services.,1948,"Georgia,  United States",http://www.rollins.com/,https://en.wikipedia.org/wiki/rollins_inc.,https://x.com/ppg
410,S&P 500,,Nasdaq 100,Americas,North America,United States,ROP,"Roper Technologies, Inc.",Software & IT Services,Software & Digital Services,Develops vertical software and technology-enabled solutions.,1981,"Florida,  United States",http://www.ropertech.com/,https://en.wikipedia.org/wiki/roper_technologies,https://x.com/pplcorp
411,S&P 500,,Nasdaq 100,Americas,North America,United States,ROST,"Ross Stores, Inc.",Specialty Retailers,Retail,"Operates off-price retail stores selling apparel, footwear and home products.",1989,"California,  United States",https://www.rossstores.com/,https://en.wikipedia.org/wiki/ross_stores,https://x.com/prudential
412,S&P 500,,,Americas,North America,United States,RSG,"Republic Services, Inc.",Professional & Commercial Services,Professional Services,"Provides waste management, recycling and environmental services.",1996,"Arizona,  United States",http://www.republicservices.com/,https://en.wikipedia.org/wiki/republic_services_inc,https://x.com/publicstorage
413,S&P 500,,,Americas,North America,United States,RTX,Rtx Corporation,Aerospace & Defense,Aerospace & Defense,"Develops aerospace, defence and aircraft propulsion technologies.",1934,"Virginia,  United States",http://www.rtx.com/,https://en.wikipedia.org/wiki/raytheon_technologies,https://x.com/phillips66co
414,S&P 500,,,Americas,North America,United States,RVTY,"Revvity, Inc.",Healthcare Equipment & Supplies,Biotechnology,"Develops life-science technologies, diagnostics and laboratory solutions.",1947,"Massachusetts,  United States",http://revvity.com,https://en.wikipedia.org/wiki/Revvity,https://x.com/ptc
415,S&P 500,,,Americas,North America,United States,SBAC,Sba Communications Corporation,Residential & Commercial REIT,Real Estate Investment Trusts (REITs),Owns and operates wireless communications tower infrastructure.,2016,"Florida,  United States",http://www.sbasite.com/,https://en.wikipedia.org/wiki/sba_communications,https://x.com/quanta_services
416,S&P 500,,Nasdaq 100,Americas,North America,United States,SBUX,Starbucks Corporation,Hotels & Entertainment Services,"Leisure, Hospitality & Travel",Operates specialty coffee shops and branded food-service businesses.,1985,"Washington,  United States",https://www.starbucks.co.uk/,https://en.wikipedia.org/wiki/starbucks_corp.,https://x.com/paypal
417,S&P 500,,,Americas,North America,United States,SCHW,The Charles Schwab Corporation,Investment Banking & Investment Services,Investment Services,"Provides brokerage, banking, custody and wealth-management services.",1986,"Texas,  United States",http://www.schwab.com/,https://en.wikipedia.org/wiki/charles_schwab_corporation,https://x.com/qualcomm
418,,,Nasdaq 100,Americas,North America,Canada,SHOP,Shopify,Software & IT Services,Technology Platforms,Develops digital commerce platforms and merchant infrastructure.,2004,"Ontario, Canada","	shopify.com",https://en.wikipedia.org/wiki/Shopify,https://x.com/newsfromrcgroup
419,S&P 500,DJIA,,Americas,North America,United States,SHW,The Sherwin-Williams Company,Chemicals,Chemicals,"Develops paints, coatings and specialty chemical products.",1884,"Ohio,  United States",http://www.sherwin-williams.com/,https://en.wikipedia.org/wiki/sherwin-williams,https://x.com/regencycenters
420,S&P 500,,,Americas,North America,United States,SJM,The J. M. Smucker Company,Food & Tobacco,Food & Beverage,"Develops, manufactures and markets branded food and beverage products.",1921,"Ohio,  United States",https://www.jmsmucker.com/,https://en.wikipedia.org/wiki/jm_smucker,https://x.com/regeneron
421,S&P 500,,,Americas,North America,United States,SLB,Schlumberger N.V.,Oil & Gas Related Equipment and Services,Energy Equipment & Services,"Provides oilfield technologies, engineering and digital energy solutions.",1956,"Texas, United States",https://www.slb.com/,https://en.wikipedia.org/wiki/SLB,https://x.com/slbglobal
422,S&P 500,,,Americas,North America,United States,SMCI,Supermicro,"Computers, Phones & Household Electronics",Consumer Electronics,"Develops server, storage and artificial-intelligence computing infrastructure.",2006,"California,  United States","	supermicro.com",https://en.wikipedia.org/wiki/Supermicro,https://x.com/raymondjames
423,S&P 500,,,Americas,North America,United States,SNA,Snap-On Incorporated,"Machinery, Equipment & Components",Machinery,"Manufactures professional tools, diagnostics and industrial equipment.",1930,"Wisconsin,  United States",http://www.snapon.com/,https://en.wikipedia.org/wiki/snap-on,https://x.com/ralphlauren
424,S&P 500,,Nasdaq 100,Americas,North America,United States,SNDK,Sandisk,"Computers, Phones & Household Electronics",Consumer Electronics,"Develops flash-memory, solid-state storage and data-storage technologies.",,,,,
425,S&P 500,,Nasdaq 100,Americas,North America,United States,SNPS,"Synopsys, Inc.",Software & IT Services,Software & Digital Services,Develops electronic design automation software and semiconductor intellectual property.,1987,"California,  United States",https://www.synopsys.com/,https://en.wikipedia.org/wiki/synopsys_inc.,https://x.com/resmed
426,S&P 500,,,Americas,North America,United States,SO,The Southern Company,Electrical Utilities & IPPs,Utilities,"Generates, transmits and distributes electricity and natural gas.",1945,"Georgia,  United States",http://www.southerncompany.com/,https://en.wikipedia.org/wiki/southern_company,https://x.com/rokautomation
427,S&P 500,,,Americas,North America,United States,SOLV,Solventum,Healthcare Equipment & Supplies,Medical Devices,"Develops medical devices, healthcare technologies and clinical software solutions.",2023,"Minnesota,  United States","	solventum.com",https://en.wikipedia.org/wiki/Solventum,
428,,,Nasdaq 100,Americas,North America,United States,SPCX,SpaceX,Telecommunications Services,Telecommunications,Develops launch systems and operates satellite communications and broadband infrastructure.,2002,"Texas, United States",https://www.spacex.com/,https://en.wikipedia.org/wiki/SpaceX,https://x.com/spacex
429,S&P 500,,,Americas,North America,United States,SPG,"Simon Property Group, Inc.",Residential & Commercial REIT,Real Estate Investment Trusts (REITs),"Owns, develops and manages shopping-centre real-estate assets.",1998,"Indiana,  United States",http://www.simon.com/,https://en.wikipedia.org/wiki/simon_property_group_inc,
430,S&P 500,,,Americas,North America,United States,SPGI,S&P Global Inc.,Professional & Commercial Services,Professional Services,"Provides financial information, market data, ratings and benchmark indices.",1925,"New York,  United States",http://www.spglobal.com/,"https://en.wikipedia.org/wiki/s%26p_global,_inc.",https://en.wikipedia.org/wiki/ross_stores
431,S&P 500,,,Americas,North America,United States,SRE,Sempra,Multiline Utilities,Utilities,"Operates electricity, natural-gas and energy infrastructure assets.",1996,"California,  United States",http://www.sempra.com/,https://en.wikipedia.org/wiki/sempra_energy,https://x.com/republicservice
432,S&P 500,,,"Europe, The Middle East and Africa",Western Europe,Ireland,STE,Steris Public Limited Company,Healthcare Equipment & Supplies,Medical Devices,"Develops sterilisation, infection prevention and life-science technologies.",2016,"Dublin,  Ireland",http://steris.com/,https://en.wikipedia.org/wiki/steris_plc,https://x.com/xylem
433,S&P 500,,,Americas,North America,United States,STLD,"Steel Dynamics, Inc.",Metals & Mining,Mining,Produces steel products and recycled metal materials.,1994,"Indiana,  United States",https://stld.steeldynamics.com,https://en.wikipedia.org/wiki/steel_dynamics,https://x.com/raytheontech
434,S&P 500,,,Americas,North America,United States,STT,State Street Corporation,Investment Banking & Investment Services,Investment Services,"Provides custody, investment servicing and asset-management solutions.",1969,"Massachusetts,  United States",http://www.statestreet.com/,https://en.wikipedia.org/wiki/state_street_corp.,https://x.com/RevvityInc
435,S&P 500,,Nasdaq 100,"Europe, The Middle East and Africa",Western Europe,Ireland,STX,Seagate Technology Holdings Public Limited Company,"Computers, Phones & Household Electronics",Consumer Electronics,Develops mass data-storage infrastructure and storage devices.,2021,"Dublin,  Ireland",https://www.seagate.com/gb/en/,https://en.wikipedia.org/wiki/seagate_technology,https://x.com/yumbrands
436,S&P 500,,,Americas,North America,United States,STZ,"Constellation Brands, Inc.",Beverages,Food & Beverage,"Produces and markets beer, wine and spirits.",1972,"New York,  United States",https://www.cbrands.com/,https://en.wikipedia.org/wiki/constellation_brands,
437,S&P 500,,,"Europe, The Middle East and Africa",Western Europe,Ireland,SW,"	Smurfit Westrock",Containers & Packaging,Packaging,Produces sustainable paper and packaging products.,2017,"Dublin,  Ireland","	www.smurfitwestrock.com",https://en.wikipedia.org/wiki/Smurfit_Westrock,https://x.com/zimmerbiomet
438,S&P 500,,,Americas,North America,United States,SWK,"Stanley Black & Decker, Inc.","Machinery, Equipment & Components",Machinery,Manufactures professional and consumer tools and engineered fastening systems.,1901,"Connecticut,  United States",http://www.stanleyblackanddecker.com/,https://en.wikipedia.org/wiki/stanley_black_%26_decker,https://x.com/starbucks
439,S&P 500,,,Americas,North America,United States,SWKS,"Skyworks Solutions, Inc.",Semiconductors & Semiconductor Equipment,Semiconductors,Develops wireless semiconductor and RF connectivity technologies.,2002,"California,  United States",http://skyworksinc.com/,https://en.wikipedia.org/wiki/skyworks_solutions,https://x.com/charlesschwab
440,S&P 500,,,Americas,North America,United States,SYF,Synchrony Financial,Banking Services,Banking,"Provides consumer finance, credit-card and digital banking products.",2003,"Connecticut,  United States",http://www.synchrony.com/,https://en.wikipedia.org/wiki/synchrony_financial,https://x.com/Shopify
441,S&P 500,,,Americas,North America,United States,SYK,Stryker Corporation,Healthcare Equipment & Supplies,Medical Devices,"Develops medical devices, surgical equipment and orthopaedic technologies.",1946,"Michigan,  United States",http://www.stryker.com/,https://en.wikipedia.org/wiki/stryker_corp.,https://x.com/sherwinwilliams
442,S&P 500,,,Americas,North America,United States,SYY,Sysco Corporation,Food & Drug Retailing,Industrial Distribution,Distributes food and related products to the food-service industry.,1969,"Texas,  United States",https://www.sysco.com/,https://en.wikipedia.org/wiki/sysco_corp.,https://x.com/smuckers
443,S&P 500,,,Americas,North America,United States,T,At&T Inc.,Telecommunications Services,Telecommunications,"Provides mobile, broadband and digital communications services.",1983,"Texas,  United States",https://www.att.com/,https://en.wikipedia.org/wiki/at%26t_inc.,
444,S&P 500,,,Americas,North America,United States,TAP,Molson Coors Beverage Company,Beverages,Food & Beverage,Produces and markets beer and beverage brands.,2003,"Colorado,  United States",http://molsoncoors.com/,https://en.wikipedia.org/wiki/molson_coors_beverage_company,https://x.com/supermicro_smci
445,S&P 500,,,Americas,North America,United States,TDG,Transdigm Group Incorporated,Aerospace & Defense,Aerospace & Defense,Develops engineered aircraft systems and aerospace components.,2003,"Ohio,  United States",http://www.transdigm.com/,https://en.wikipedia.org/wiki/transdigm_group,https://x.com/snapon_tools
446,S&P 500,,,Americas,North America,United States,TDY,Teledyne Technologies Incorporated,Electronic Equipment & Parts,Electronics,"Develops sensing, instrumentation and industrial electronics technologies.",1999,"California,  United States",http://www.teledyne.com/,https://en.wikipedia.org/wiki/teledyne_technologies,https://x.com/synopsys
447,S&P 500,,,Americas,North America,United States,TECH,Bio-Techne Corporation,Biotechnology & Medical Research,Biotechnology,"Develops biotechnology reagents, diagnostics and life-science technologies.",1981,"Minnesota,  United States",https://www.bio-techne.com,https://en.wikipedia.org/wiki/bio-techne,
448,S&P 500,,,"Europe, The Middle East and Africa",Western Europe,Switzerland,TEL,Te Connectivity Ltd,Semiconductors & Semiconductor Equipment,Electronics,Develops electronic connectivity and sensor technologies.,2009,"Schaffhausen,  Switerland",https://www.te.com/,https://en.wikipedia.org/wiki/te_connectivity,https://x.com/zebratechnology
449,S&P 500,,Nasdaq 100,Americas,North America,United States,TER,"Teradyne, Inc.",Semiconductors & Semiconductor Equipment,Semiconductors,Develops semiconductor test equipment and industrial robotics solutions.,1960,"Massachusetts,  United States",http://www.teradyne.com/,https://en.wikipedia.org/wiki/teradyne,https://x.com/simonpropertygp
450,S&P 500,,,Americas,North America,United States,TFC,Truist Financial Corporation,Banking Services,Banking,"Provides retail, commercial and investment banking services.",1968,"North Carolina,  United States",http://www.truist.com/,https://en.wikipedia.org/wiki/truist_financial,https://x.com/spglobal
451,S&P 500,,,Americas,North America,United States,TGT,Target Corporation,Diversified Retail,Retail,Operates general merchandise retail stores and digital commerce platforms.,1902,"Minnesota,  United States",https://corporate.target.com/,https://en.wikipedia.org/wiki/target_corp.,https://x.com/sempra
452,S&P 500,,,Americas,North America,United States,TJX,"The Tjx Companies, Inc.",Diversified Retail,Retail,Operates off-price retail stores selling apparel and home products.,1962,"Massachusetts,  United States",https://www.tjx.com/,https://en.wikipedia.org/wiki/tjx_companies_inc.,https://x.com/steris
453,S&P 500,,,Americas,North America,United States,TKO,TKO Group Holdings,Media & Publishing,Media,"Produces and commercialises sports entertainment, media rights and live events.",2023,"New York, United States","	tkogrp.com",https://en.wikipedia.org/wiki/TKO_Group_Holdings,
454,S&P 500,,,Americas,North America,United States,TMO,Thermo Fisher Scientific Inc.,Healthcare Equipment & Supplies,Biotechnology,"Develops life-science technologies, diagnostics and laboratory equipment.",1960,"Massachusetts,  United States",http://www.thermofisher.com/,https://en.wikipedia.org/wiki/thermo_fisher_scientific,https://x.com/statestreet
455,S&P 500,,Nasdaq 100,Americas,North America,United States,TMUS,"T-Mobile Us, Inc.",Telecommunications Services,Telecommunications,"Provides wireless, broadband and mobile communications services.",2004,"Washington,  United States",https://www.t-mobile.com/,https://en.wikipedia.org/wiki/t-mobile_us,https://x.com/seagate
456,S&P 500,,,Americas,North America,United States,TPL,Texas Pacific Land Corporation,Oil & Gas,Oil & Gas,Owns oil and gas royalty interests and provides water infrastructure services.,2020,"Texas,  United States","	www.texaspacific.com",https://en.wikipedia.org/wiki/Texas_Pacific_Land_Corporation,https://x.com/cbrands
457,S&P 500,,,Americas,North America,United States,TPR,"Tapestry, Inc.",Specialty Retailers,Retail,"Designs and markets luxury fashion, accessories and lifestyle brands.",2000,"New York,  United States",https://www.tapestry.com/,"https://en.wikipedia.org/wiki/tapestry,_inc.",https://x.com/smurfitkappa
458,S&P 500,,,Americas,North America,United States,TRGP,Targa Resources Corp.,Oil & Gas Related Equipment and Services,Energy Equipment & Services,"Operates natural-gas gathering, processing and transportation infrastructure.",2005,"Texas,  United States",https://www.targaresources.com,https://en.wikipedia.org/wiki/targa_resources,https://x.com/stanleyblkdeckr
459,,,Nasdaq 100,Americas,North America,United States,TRI,Thomson Reuters,Professional & Commercial Services,Professional Services,"Provides legal, tax, financial information and news services.",2008,"Ontario, Canada",https://thomsonreuters.com/,https://en.wikipedia.org/wiki/Thomson_Reuters,
460,S&P 500,,,Americas,North America,United States,TRMB,Trimble Inc.,Software & IT Services,Software & Digital Services,"Develops software and positioning technologies for construction, surveying and logistics.",2016,"Colorado,  United States",https://www.trimble.com,https://en.wikipedia.org/wiki/trimble_inc.,https://x.com/skyworksinc
461,S&P 500,,,Americas,North America,United States,TROW,"T. Rowe Price Group, Inc.",Investment Banking & Investment Services,Investment Services,Provides investment management and advisory services.,2000,"Maryland,  United States",http://www.troweprice.com/,https://en.wikipedia.org/wiki/t._rowe_price_group,https://x.com/synchrony
462,S&P 500,DJIA,,Americas,North America,United States,TRV,"The Travelers Companies, Inc.",Insurance,Insurance,Provides property and casualty insurance products and services.,1853,"Minnesota,  United States",http://investor.travelers.com/,https://en.wikipedia.org/wiki/the_travelers_companies_inc.,https://x.com/stryker_st
463,S&P 500,,,Americas,North America,United States,TSCO,Tractor Supply Company,Specialty Retailers,Retail,"Operates retail stores supplying agricultural, rural lifestyle and pet products.",1982,"Tennessee,  United States",https://www.tractorsupply.com/,https://en.wikipedia.org/wiki/tractor_supply_company,https://x.com/sysco
464,S&P 500,,Nasdaq 100,Americas,North America,United States,TSLA,"Tesla, Inc.",Automobiles & Auto Parts,Automotive,"Designs, manufactures and sells electric vehicles, battery storage and energy systems.",2003,"Texas,  United States",http://www.tesla.com/,"https://en.wikipedia.org/wiki/tesla,_inc.",https://x.com/att
465,S&P 500,,,Americas,North America,United States,TSN,"Tyson Foods, Inc.",Food & Tobacco,Food & Beverage,Produces and markets meat and prepared food products.,1986,"Arkansas,  United States",https://www.tysonfoods.com/,https://en.wikipedia.org/wiki/tyson_foods,https://x.com/molsoncoors
466,S&P 500,,,"Europe, The Middle East and Africa",Western Europe,Ireland,TT,Trane Technologies Plc,"Machinery, Equipment & Components",Machinery,"Develops heating, cooling, ventilation and transport refrigeration systems.",2009,"Dublin,  Ireland",http://www.tranetechnologies.com/,https://en.wikipedia.org/wiki/trane_technologies_plc,https://x.com/zscaler
467,S&P 500,,,Americas,North America,United States,TTD,"The Trade Desk, Inc.",Software & IT Services,Technology Platforms,Operates cloud advertising technology and digital media platforms.,2009,"California,  United States","	thetradedesk.com",https://en.wikipedia.org/wiki/The_Trade_Desk,
468,S&P 500,,Nasdaq 100,Americas,North America,United States,TTWO,"Take-Two Interactive Software, Inc.",Software & IT Services,Software & Digital Services,"Develops, publishes and distributes interactive entertainment software.",1993,"New York,  United States",https://www.take2games.com/,https://en.wikipedia.org/wiki/take-two_interactive,
469,S&P 500,,Nasdaq 100,Americas,North America,United States,TXN,Texas Instruments Incorporated,Semiconductors & Semiconductor Equipment,Semiconductors,Designs and manufactures analog and embedded semiconductor products.,1938,"Texas,  United States",http://www.ti.com/,https://en.wikipedia.org/wiki/texas_instruments,
470,S&P 500,,,Americas,North America,United States,TXT,Textron Inc.,Aerospace & Defense,Aerospace & Defense,"Manufactures aerospace, defence and industrial equipment.",1967,"Rhode Island,  United States",http://www.textron.com/,https://en.wikipedia.org/wiki/textron_inc.,https://x.com/biotechne
471,S&P 500,,,Americas,North America,United States,TYL,"Tyler Technologies, Inc.",Software & IT Services,Aerospace & Defense,"Designs, manufactures and services aircraft, helicopters, defence systems and specialised industrial products, with additional activities or exposure across finance.",1989,"Texas,  United States",http://www.tylertech.com/,https://en.wikipedia.org/wiki/tyler_technologies,https://x.com/teconnectivity
472,S&P 500,,,Americas,North America,United States,UAL,"United Airlines Holdings, Inc.",Passenger Transportation Services,Transportation,Provides passenger and cargo airline services.,1968,"Illinois,  United States",http://ir.united.com/,https://en.wikipedia.org/wiki/united_airlines_holdings,https://x.com/teradyneinc
473,S&P 500,,,Americas,North America,United States,UBER,Uber,Software & IT Services,Technology Platforms,"Operates digital mobility, delivery and freight platforms.",2010,"California,  United States","	uber.com",https://en.wikipedia.org/wiki/Uber,https://x.com/truistnews
474,S&P 500,,,Americas,North America,United States,UDR,"Udr, Inc.",Residential & Commercial REIT,Real Estate Investment Trusts (REITs),Owns and manages multifamily residential real-estate assets.,2003,"Colorado,  United States",http://www.udr.com/,"https://en.wikipedia.org/wiki/udr,_inc.",https://x.com/target
475,S&P 500,,,Americas,North America,United States,UHS,"Universal Health Services, Inc.",Healthcare Providers & Services,Healthcare Providers & Services,"Operates hospitals, outpatient facilities and behavioural healthcare services.",1979,"Pennsylvania,  United States",http://www.uhsinc.com/,https://en.wikipedia.org/wiki/universal_health_services,
476,S&P 500,,,Americas,North America,United States,ULTA,"Ulta Beauty, Inc.",Specialty Retailers,Retail,Operates beauty retail stores and salon services.,2016,"Illinois,  United States",https://www.ulta.com/,https://en.wikipedia.org/wiki/ulta_beauty,https://x.com/TKOGrp
477,S&P 500,DJIA,,Americas,North America,United States,UNH,Unitedhealth Group Incorporated,Healthcare Providers & Services,Healthcare Providers & Services,"Provides healthcare services, insurance and pharmacy benefit solutions.",2015,"Minnesota,  United States",https://www.unitedhealthgroup.com/,https://en.wikipedia.org/wiki/unitedhealth_group_inc.,https://x.com/thermofisher
478,S&P 500,,,Americas,North America,United States,UNP,Union Pacific Corporation,Freight & Logistics Services,Logistics,Operates freight railway transportation services.,1969,"Nebraska,  United States",http://www.up.com/,https://en.wikipedia.org/wiki/union_pacific_corp,https://x.com/tmobile
479,S&P 500,,,Americas,North America,United States,UPS,"United Parcel Service, Inc.",Freight & Logistics Services,Logistics,Provides parcel delivery and logistics services.,1999,"Georgia,  United States",http://www.ups.com/,https://en.wikipedia.org/wiki/united_parcel_service,
480,S&P 500,,,Americas,North America,United States,URI,"United Rentals, Inc.",Professional & Commercial Services,Industrial Distribution,Provides industrial and construction equipment rental services.,1998,"Connecticut,  United States",http://www.unitedrentals.com/,"https://en.wikipedia.org/wiki/united_rentals,_inc.",https://x.com/Coach
481,S&P 500,,,Americas,North America,United States,USB,U.S. Bancorp,Banking Services,Banking,"Provides retail, commercial and wealth-management banking services.",1929,"Minnesota,  United States",http://www.usbank.com/,https://en.wikipedia.org/wiki/u.s._bancorp,
482,S&P 500,DJIA,,Americas,North America,United States,V,Visa Inc.,Professional & Commercial Services,FinTech,Operates global digital payment network infrastructure.,2007,"California,  United States",https://usa.visa.com/,https://en.wikipedia.org/wiki/visa_inc.,https://x.com/trimblecorpnews
483,S&P 500,,,Americas,North America,United States,VEEV,Veeva Systems,Healthcare Equipment & Supplies,Software & Digital Services,Develops cloud software for the life-sciences industry.,2007,"California, United States",https://www.veeva.com/,https://en.wikipedia.org/wiki/Veeva_Systems,https://x.com/veevasystems
484,S&P 500,,,Americas,North America,United States,VICI,Vici Properties Inc.,Residential & Commercial REIT,Real Estate Investment Trusts (REITs),"Owns gaming, hospitality and entertainment real-estate assets.",2017,"New York,  United States",https://www.viciproperties.com,https://en.wikipedia.org/wiki/vici_properties,https://x.com/travelers
485,S&P 500,,,Americas,North America,United States,VLO,Valero Energy Corporation,Oil & Gas,Oil & Gas,Refines and markets petroleum and renewable fuels.,1981,"Texas,  United States",https://www.valero.com/,https://en.wikipedia.org/wiki/valero_energy,https://x.com/tractorsupply
486,S&P 500,,,Americas,North America,United States,VLTO,Veralto,Professional & Commercial Services,Industrial Distribution,Develops water quality and industrial product quality technologies.,2023,"Massachusetts, United States",https://www.veralto.com/,https://en.wikipedia.org/wiki/Veralto,https://x.com/veralto
487,S&P 500,,,Americas,North America,United States,VMC,Vulcan Materials Company,Construction Materials,Construction Materials,"Produces aggregates, asphalt and concrete products.",2007,"Alabama,  United States",http://www.vulcanmaterials.com/,https://en.wikipedia.org/wiki/vulcan_materials,https://x.com/tesla
488,S&P 500,,,Americas,North America,United States,VRSK,"Verisk Analytics, Inc.",Software & IT Services,Software & Digital Services,Provides analytics and decision-support software for the insurance industry.,2008,"New Jersey,  United States",http://www.verisk.com/,https://en.wikipedia.org/wiki/verisk_analytics,https://x.com/tysonfoods
489,S&P 500,,,Americas,North America,United States,VRSN,"Verisign, Inc.",Software & IT Services,Technology Platforms,Operates internet domain registry and critical internet infrastructure.,1995,"Virginia,  United States",https://www.verisign.com/,https://en.wikipedia.org/wiki/verisign_inc.,https://x.com/trane_tech
490,S&P 500,,,Americas,North America,United States,VRT,Vertiv,"Machinery, Equipment & Components",Machinery,"Develops data-centre power, cooling and digital infrastructure systems.",2016,"Ohio, United States",https://www.vertiv.com/,https://en.wikipedia.org/wiki/Vertiv,https://x.com/vertiv
491,S&P 500,,Nasdaq 100,Americas,North America,United States,VRTX,Vertex Pharmaceuticals Incorporated,Pharmaceuticals,Biotechnology,Develops biotechnology medicines for serious diseases.,1989,"Massachusetts,  United States",https://www.vrtx.com/,https://en.wikipedia.org/wiki/vertex_pharmaceuticals_inc,https://x.com/TheTradeDesk
492,S&P 500,,,Americas,North America,United States,VST,"	Vistra Corp.",Electrical Utilities & IPPs,Utilities,Generates and supplies electricity and energy services.,2016,"Texas,  United States","	vistracorp.com",https://en.wikipedia.org/wiki/Vistra_Corp.,
493,S&P 500,,,Americas,North America,United States,VTR,"Ventas, Inc.",Residential & Commercial REIT,Real Estate Investment Trusts (REITs),Owns healthcare and senior housing real-estate assets.,1987,"Illinois,  United States",http://www.ventasreit.com/,https://en.wikipedia.org/wiki/ventas_inc,https://x.com/txinstruments
494,S&P 500,,,Americas,North America,United States,VTRS,Viatris Inc.,Pharmaceuticals,Pharmaceuticals,Develops and markets branded and generic pharmaceutical products.,2019,"Pennsylvania,  United States",http://www.viatris.com/,https://en.wikipedia.org/wiki/viatris,https://x.com/textron
495,S&P 500,,,Americas,North America,United States,VZ,Verizon Communications Inc.,Telecommunications Services,Telecommunications,"Provides wireless, broadband and communications services.",1983,"New York,  United States",https://www.verizonwireless.com/,https://en.wikipedia.org/wiki/verizon_communications,https://x.com/tylertech
496,S&P 500,,,Americas,North America,United States,WAB,Westinghouse Air Brake Technologies Corporation,"Machinery, Equipment & Components",Transportation,"Manufactures rail equipment, digital rail technologies and services.",1989,"Pennsylvania,  United States",http://wabteccorp.com/,https://en.wikipedia.org/wiki/wabtec_corporation,https://x.com/united
497,S&P 500,,,Americas,North America,United States,WAT,Waters Corporation,Healthcare Equipment & Supplies,Medical Devices,Develops analytical instruments and laboratory technologies.,1991,"Massachusetts,  United States",http://www.waters.com/,https://en.wikipedia.org/wiki/waters_corporation,
498,S&P 500,,Nasdaq 100,Americas,North America,United States,WBD,"Warner Bros. Discovery, Inc.",Media & Publishing,Media,"Produces and distributes media, streaming and entertainment content.",2008,"New York,  United States",https://ir.wbd.com,https://en.wikipedia.org/wiki/warner_bros.,https://x.com/uhs_inc
499,S&P 500,,Nasdaq 100,Americas,North America,United States,WDAY,"Workday, Inc.",Software & IT Services,Software & Digital Services,Develops enterprise finance and workforce management software.,2012,"California,  United States","	workday.com","https://en.wikipedia.org/wiki/Workday,_Inc.",https://x.com/ultabeauty
500,S&P 500,,Nasdaq 100,Americas,North America,United States,WDC,Western Digital Corporation,"Computers, Phones & Household Electronics",Consumer Electronics,Develops data-storage devices and infrastructure solutions.,2000,"California,  United States",https://www.westerndigital.com/,https://en.wikipedia.org/wiki/western_digital,https://x.com/unitedhealthgrp
501,S&P 500,,,Americas,North America,United States,WEC,"Wec Energy Group, Inc.",Electrical Utilities & IPPs,Utilities,Generates and distributes electricity and natural gas.,1981,"Wisconsin,  United States",http://www.wecenergygroup.com/,https://en.wikipedia.org/wiki/wec_energy_group,https://x.com/unionpacific
502,S&P 500,,,Americas,North America,United States,WELL,Welltower Inc.,Residential & Commercial REIT,Real Estate Investment Trusts (REITs),Owns senior housing and healthcare real-estate assets.,2022,"Ohio,  United States",http://www.welltower.com/,https://en.wikipedia.org/wiki/welltower_inc.,https://x.com/ups
503,S&P 500,,,Americas,North America,United States,WFC,Wells Fargo & Company,Banking Services,Banking,"Provides retail, commercial and investment banking services.",1929,"California,  United States",http://www.wellsfargo.com/,https://en.wikipedia.org/wiki/wells_fargo,https://x.com/unitedrentals
504,S&P 500,,,Americas,North America,United States,WM,"Waste Management, Inc.",Professional & Commercial Services,Professional Services,"Provides waste management, recycling and environmental services.",1995,"Texas,  United States",http://www.wm.com/,https://en.wikipedia.org/wiki/waste_management_inc.,https://x.com/usbank
505,S&P 500,,,Americas,North America,United States,WMB,"The Williams Companies, Inc.",Oil & Gas Related Equipment and Services,Energy Equipment & Services,Operates natural-gas pipeline and energy infrastructure assets.,1987,"Oklahoma,  United States",https://www.williams.com/,https://en.wikipedia.org/wiki/williams_companies,https://x.com/visa
506,S&P 500,DJIA,Nasdaq 100,Americas,North America,United States,WMT,Walmart Inc.,Food & Drug Retailing,Retail,Operates omnichannel retail and wholesale businesses.,1969,"Arkansas,  United States",https://www.walmart.com/,https://en.wikipedia.org/wiki/walmart,https://x.com/vfcorp
507,S&P 500,,,Americas,North America,United States,WRB,W. R. Berkley Corporation,Insurance,Insurance,Provides commercial insurance and reinsurance services.,1970,"Connecticut,  United States",http://www.berkley.com/,https://en.wikipedia.org/wiki/w._r._berkley_corporation,https://x.com/ViciProp
508,S&P 500,,,Americas,North America,United States,WSM,"Williams-Sonoma, Inc.",Specialty Retailers,Retail,Operates home furnishings and lifestyle retail brands.,2011,"California,  United States","	www.williams-sonoma.com","https://en.wikipedia.org/wiki/Williams-Sonoma,_Inc.",https://x.com/valeroenergy
509,S&P 500,,,Americas,North America,United States,WST,"West Pharmaceutical Services, Inc.",Healthcare Equipment & Supplies,Medical Devices,"Develops drug-delivery, containment and medical packaging technologies.",1923,"Pennsylvania,  United States",http://www.westpharma.com/,https://en.wikipedia.org/wiki/west_pharmaceutical_services,
510,S&P 500,,,"Europe, The Middle East and Africa",Western Europe,United Kingdom,WTW,Willis Towers Watson Public Limited Company,Insurance,Insurance,"Provides insurance brokerage, consulting and risk advisory services.",2009,"London,  United Kingdom",https://www.willistowerswatson.com,https://en.wikipedia.org/wiki/willis_towers_watson,https://x.com/zoetis
511,S&P 500,,,Americas,North America,United States,WY,Weyerhaeuser Company,Residential & Commercial REIT,Real Estate Investment Trusts (REITs),Owns timberlands and manufactures forest products.,1900,"Washington,  United States",http://www.weyerhaeuser.com/,https://en.wikipedia.org/wiki/weyerhaeuser,https://x.com/verisk
512,S&P 500,,,Americas,North America,United States,WYNN,"Wynn Resorts, Limited",Hotels & Entertainment Services,"Leisure, Hospitality & Travel","Operates integrated resorts, hotels and gaming businesses.",2002,"Nevada,  United States",https://www.wynnresorts.com/,https://en.wikipedia.org/wiki/wynn_resorts_ltd,https://x.com/verisign
513,S&P 500,,Nasdaq 100,Americas,North America,United States,XEL,Xcel Energy Inc.,Electrical Utilities & IPPs,Utilities,Generates and distributes electricity and natural gas.,1909,"Minnesota,  United States",https://www.xcelenergy.com/,https://en.wikipedia.org/wiki/xcel_energy_inc,https://x.com/vertexpharma
514,S&P 500,,,Americas,North America,United States,XOM,Exxon Mobil Corporation,Oil & Gas,Oil & Gas,"Explores, produces, refines and markets oil, natural gas and petrochemicals.",1882,"Texas,  United States",https://corporate.exxonmobil.com/,https://en.wikipedia.org/wiki/exxon_mobil_corp.,
515,S&P 500,,,Americas,North America,United States,XYL,Xylem Inc.,"Machinery, Equipment & Components",Water Utilities,Develops water infrastructure and treatment technologies.,2011,"District of Columbia,  United States",http://www.xylem.com/,https://en.wikipedia.org/wiki/xylem_inc.,
516,S&P 500,,,Americas,North America,United States,XYZ,"Block, Inc.",Professional & Commercial Services,FinTech,"Develops digital payments, merchant services and financial platforms.",,,,,
517,S&P 500,,,Americas,North America,United States,YUM,"Yum! Brands, Inc.",Hotels & Entertainment Services,"Leisure, Hospitality & Travel",Operates global quick-service restaurant brands.,1997,"Kentucky,  United States",https://www.yum.com/,https://en.wikipedia.org/wiki/yum!_brands_inc,https://x.com/viatrisinc
518,S&P 500,,,Americas,North America,United States,ZBH,"Zimmer Biomet Holdings, Inc.",Healthcare Equipment & Supplies,Medical Devices,Develops orthopaedic and surgical medical technologies.,2001,"Indiana,  United States",http://www.zimmerbiomet.com/,https://en.wikipedia.org/wiki/zimmer_biomet,https://x.com/verizon
519,S&P 500,,,Americas,North America,United States,ZBRA,Zebra Technologies Corporation,Electronic Equipment & Parts,Electronics,"Develops enterprise asset tracking, barcode and workflow technologies.",1991,"Illinois,  United States",http://www.zebra.com/,https://en.wikipedia.org/wiki/zebra_technologies,https://x.com/WabtecCorp
520,S&P 500,,,Americas,North America,United States,ZTS,Zoetis Inc.,Pharmaceuticals,Pharmaceuticals,"Develops animal-health medicines, vaccines and diagnostics.",2012,"New Jersey,  United States",http://www.zoetis.com/,https://en.wikipedia.org/wiki/zoetis,https://x.com/wba_global